# 3ds Max Wavefront OBJ Exporter v0.97b - (c)2007 guruware
# File Created: 20.07.2018 09:01:20

mtllib CowSuit.mtl

#
# object mPelvis
#

v  0.0058 1.1201 -0.0018
v  0.0059 1.1201 0.0022
v  0.0099 1.1195 0.0020
v  0.0098 1.1195 -0.0020
v  0.0221 1.0840 -0.0206
v  0.0233 1.0837 0.0194
v  -0.0175 1.0899 -0.0193
v  -0.0162 1.0896 0.0207
v  0.0000 1.0670 -0.0000
# 9 vertices

vn -0.3017 0.8663 -0.3982
vn -0.2759 0.8610 0.4273
vn 0.5406 0.7395 0.4010
vn 0.5148 0.7448 -0.4245
vn 0.6549 -0.2154 -0.7244
vn 0.6988 -0.2244 0.6793
vn -0.7335 -0.0089 -0.6797
vn -0.6896 -0.0179 0.7240
vn -0.1471 -0.9891 -0.0018
# 9 vertex normals

o mPelvis
g mPelvis
usemtl wire_174186203
s 1
f 1//1 2//2 3//3 4//4 
s 2
f 5//5 4//4 3//3 6//6 
s 4
f 7//7 1//1 4//4 5//5 
s 8
f 2//2 8//8 6//6 3//3 
s 16
f 1//1 7//7 8//8 2//2 
s 32
f 9//9 7//7 5//5 
s 64
f 9//9 5//5 6//6 
s 128
f 9//9 6//6 8//8 
s 256
f 9//9 8//8 7//7 
# 5 polygons - 4 triangles

#
# object mTorso
#

v  -0.0130 1.3561 -0.0020
v  -0.0170 1.3559 -0.0020
v  -0.0170 1.3559 0.0020
v  -0.0130 1.3561 0.0020
v  0.0185 1.1725 0.0200
v  -0.0214 1.1696 0.0200
v  0.0185 1.1725 -0.0200
v  -0.0214 1.1696 -0.0200
v  -0.0000 1.1511 -0.0000
# 9 vertices

vn 0.5030 0.6664 -0.5503
vn -0.5948 0.5859 -0.5504
vn -0.5947 0.5861 0.5503
vn 0.5031 0.6663 0.5504
vn 0.6895 -0.2823 0.6670
vn -0.6410 -0.3796 0.6670
vn 0.6895 -0.2823 -0.6670
vn -0.6410 -0.3796 -0.6670
vn 0.0730 -0.9973 0.0000
# 9 vertex normals

o mTorso
g mTorso
usemtl wire_174186203
s 1
f 10//10 11//11 12//12 13//13 
s 2
f 14//14 13//13 12//12 15//15 
s 4
f 16//16 10//10 13//13 14//14 
s 8
f 11//11 17//17 15//15 12//12 
s 16
f 10//10 16//16 17//17 11//11 
s 32
f 18//18 16//16 14//14 
s 64
f 18//18 14//14 15//15 
s 128
f 18//18 15//15 17//17 
s 256
f 18//18 17//17 16//16 
# 5 polygons - 4 triangles

#
# object mChest
#

v  -0.0449 1.6055 -0.0020
v  -0.0488 1.6050 -0.0020
v  -0.0488 1.6050 0.0020
v  -0.0449 1.6055 0.0020
v  0.0020 1.3783 0.0200
v  -0.0377 1.3733 0.0200
v  0.0020 1.3783 -0.0200
v  -0.0377 1.3733 -0.0200
v  -0.0154 1.3560 -0.0000
# 9 vertices

vn 0.4741 0.6827 -0.5559
vn -0.6290 0.5434 -0.5559
vn -0.6290 0.5434 0.5559
vn 0.4741 0.6827 0.5559
vn 0.7019 -0.2575 0.6641
vn -0.6158 -0.4239 0.6641
vn 0.7019 -0.2575 -0.6641
vn -0.6158 -0.4239 -0.6641
vn 0.1253 -0.9921 0.0000
# 9 vertex normals

o mChest
g mChest
usemtl wire_174186203
s 1
f 19//19 20//20 21//21 22//22 
s 2
f 23//23 22//22 21//21 24//24 
s 4
f 25//25 19//19 22//22 23//23 
s 8
f 20//20 26//26 24//24 21//21 
s 16
f 19//19 25//25 26//26 20//20 
s 32
f 27//27 25//25 23//23 
s 64
f 27//27 23//23 24//24 
s 128
f 27//27 24//24 26//26 
s 256
f 27//27 26//26 25//25 
# 5 polygons - 4 triangles

#
# object mNeck
#

v  -0.0448 1.6812 -0.0020
v  -0.0488 1.6812 -0.0020
v  -0.0488 1.6812 0.0020
v  -0.0448 1.6812 0.0020
v  -0.0268 1.6253 0.0200
v  -0.0668 1.6253 0.0200
v  -0.0268 1.6253 -0.0200
v  -0.0668 1.6253 -0.0200
v  -0.0467 1.6053 -0.0000
# 9 vertices

vn 0.4793 0.7344 -0.4805
vn -0.4816 0.7329 -0.4804
vn -0.4817 0.7329 0.4805
vn 0.4792 0.7345 0.4804
vn 0.6918 -0.2079 0.6915
vn -0.6911 -0.2102 0.6915
vn 0.6918 -0.2079 -0.6915
vn -0.6911 -0.2102 -0.6915
vn 0.0016 -1.0000 0.0000
# 9 vertex normals

o mNeck
g mNeck
usemtl wire_174186203
s 1
f 28//28 29//29 30//30 31//31 
s 2
f 32//32 31//31 30//30 33//33 
s 4
f 34//34 28//28 31//31 32//32 
s 8
f 29//29 35//35 33//33 30//30 
s 16
f 28//28 34//34 35//35 29//29 
s 32
f 36//36 34//34 32//32 
s 64
f 36//36 32//32 33//33 
s 128
f 36//36 33//33 35//35 
s 256
f 36//36 35//35 34//34 
# 5 polygons - 4 triangles

#
# object mHead
#

v  -0.0448 1.7602 -0.0020
v  -0.0488 1.7602 -0.0020
v  -0.0488 1.7602 0.0020
v  -0.0448 1.7602 0.0020
v  -0.0268 1.7010 0.0200
v  -0.0668 1.7009 0.0200
v  -0.0268 1.7010 -0.0200
v  -0.0668 1.7009 -0.0200
v  -0.0467 1.6809 -0.0000
# 9 vertices

vn 0.4852 0.7267 -0.4863
vn -0.4875 0.7252 -0.4863
vn -0.4875 0.7252 0.4863
vn 0.4852 0.7267 0.4863
vn 0.6904 -0.2169 0.6901
vn -0.6898 -0.2191 0.6901
vn 0.6904 -0.2169 -0.6901
vn -0.6898 -0.2191 -0.6901
vn 0.0016 -1.0000 0.0000
# 9 vertex normals

o mHead
g mHead
usemtl wire_174186203
s 1
f 37//37 38//38 39//39 40//40 
s 2
f 41//41 40//40 39//39 42//42 
s 4
f 43//43 37//37 40//40 41//41 
s 8
f 38//38 44//44 42//42 39//39 
s 16
f 37//37 43//43 44//44 38//38 
s 32
f 45//45 43//43 41//41 
s 64
f 45//45 41//41 42//42 
s 128
f 45//45 42//42 44//44 
s 256
f 45//45 44//44 43//43 
# 5 polygons - 4 triangles

#
# object mSkull
#

v  -0.0447 2.0102 -0.0021
v  -0.0487 2.0102 -0.0021
v  -0.0487 2.0102 0.0019
v  -0.0447 2.0102 0.0019
v  -0.0267 1.7799 0.0200
v  -0.0667 1.7799 0.0200
v  -0.0267 1.7799 -0.0200
v  -0.0667 1.7799 -0.0200
v  -0.0467 1.7599 -0.0000
# 9 vertices

vn 0.5558 0.6178 -0.5562
vn -0.5558 0.6178 -0.5562
vn -0.5558 0.6184 0.5555
vn 0.5558 0.6184 0.5555
vn 0.6642 -0.3429 0.6643
vn -0.6642 -0.3429 0.6643
vn 0.6642 -0.3436 -0.6640
vn -0.6642 -0.3436 -0.6640
vn 0.0000 -1.0000 0.0005
# 9 vertex normals

o mSkull
g mSkull
usemtl wire_174186203
s 1
f 46//46 47//47 48//48 49//49 
s 2
f 50//50 49//49 48//48 51//51 
s 4
f 52//52 46//46 49//49 50//50 
s 8
f 47//47 53//53 51//51 48//48 
s 16
f 46//46 52//52 53//53 47//47 
s 32
f 54//54 52//52 50//50 
s 64
f 54//54 50//50 51//51 
s 128
f 54//54 51//51 53//53 
s 256
f 54//54 53//53 52//52 
# 5 polygons - 4 triangles

#
# object mEyeRight
#

v  0.1511 1.7622 0.0380
v  0.1512 1.7582 0.0380
v  0.1512 1.7582 0.0340
v  0.1511 1.7622 0.0340
v  0.0717 1.7800 0.0160
v  0.0718 1.7400 0.0160
v  0.0717 1.7800 0.0560
v  0.0718 1.7400 0.0560
v  0.0517 1.7599 0.0360
# 9 vertices

vn 0.6900 0.5128 0.5108
vn 0.6931 -0.5087 0.5108
vn 0.6931 -0.5087 -0.5108
vn 0.6900 0.5128 -0.5108
vn -0.2598 0.6824 -0.6832
vn -0.2557 -0.6840 -0.6832
vn -0.2598 0.6824 0.6832
vn -0.2557 -0.6840 0.6832
vn -1.0000 -0.0030 -0.0000
# 9 vertex normals

o mEyeRight
g mEyeRight
usemtl wire_174186203
s 1
f 55//55 56//56 57//57 58//58 
s 2
f 59//59 58//58 57//57 60//60 
s 4
f 61//61 55//55 58//58 59//59 
s 8
f 56//56 62//62 60//60 57//57 
s 16
f 55//55 61//61 62//62 56//56 
s 32
f 63//63 61//61 59//59 
s 64
f 63//63 59//59 60//60 
s 128
f 63//63 60//60 62//62 
s 256
f 63//63 62//62 61//61 
# 5 polygons - 4 triangles

#
# object mEyeLeft
#

v  0.1511 1.7622 -0.0340
v  0.1512 1.7582 -0.0340
v  0.1512 1.7582 -0.0380
v  0.1511 1.7622 -0.0380
v  0.0717 1.7800 -0.0560
v  0.0718 1.7400 -0.0560
v  0.0717 1.7800 -0.0160
v  0.0718 1.7400 -0.0160
v  0.0517 1.7599 -0.0360
# 9 vertices

vn 0.6900 0.5128 0.5108
vn 0.6931 -0.5087 0.5108
vn 0.6931 -0.5087 -0.5108
vn 0.6900 0.5128 -0.5108
vn -0.2598 0.6824 -0.6832
vn -0.2557 -0.6840 -0.6832
vn -0.2598 0.6824 0.6832
vn -0.2557 -0.6840 0.6832
vn -1.0000 -0.0030 -0.0000
# 9 vertex normals

o mEyeLeft
g mEyeLeft
usemtl wire_174186203
s 1
f 64//64 65//65 66//66 67//67 
s 2
f 68//68 67//67 66//66 69//69 
s 4
f 70//70 64//64 67//67 68//68 
s 8
f 65//65 71//71 69//69 66//66 
s 16
f 64//64 70//70 71//71 65//65 
s 32
f 72//72 70//70 68//68 
s 64
f 72//72 68//68 69//69 
s 128
f 72//72 69//69 71//71 
s 256
f 72//72 71//71 70//70 
# 5 polygons - 4 triangles

#
# object mCollarLeft
#

v  -0.0485 1.5207 -0.1640
v  -0.0481 1.5168 -0.1640
v  -0.0521 1.5164 -0.1640
v  -0.0525 1.5204 -0.1640
v  -0.0722 1.5370 -0.1048
v  -0.0687 1.4972 -0.1046
v  -0.0324 1.5405 -0.1047
v  -0.0289 1.5006 -0.1045
v  -0.0506 1.5189 -0.0847
# 9 vertices

vn 0.4451 0.5238 -0.7263
vn 0.5299 -0.4452 -0.7218
vn -0.4392 -0.5300 -0.7254
vn -0.5239 0.4390 -0.7299
vn -0.7485 0.6282 0.2124
vn -0.6282 -0.7467 0.2187
vn 0.6264 0.7485 0.2175
vn 0.7467 -0.6264 0.2238
vn -0.0041 0.0042 1.0000
# 9 vertex normals

o mCollarLeft
g mCollarLeft
usemtl wire_174186203
s 1
f 73//73 74//74 75//75 76//76 
s 2
f 77//77 76//76 75//75 78//78 
s 4
f 79//79 73//73 76//76 77//77 
s 8
f 74//74 80//80 78//78 75//75 
s 16
f 73//73 79//79 80//80 74//74 
s 32
f 81//81 79//79 77//77 
s 64
f 81//81 77//77 78//78 
s 128
f 81//81 78//78 80//80 
s 256
f 81//81 80//80 79//79 
# 5 polygons - 4 triangles

#
# object mShoulderLeft
#

v  -0.0485 1.5207 -0.4120
v  -0.0481 1.5168 -0.4120
v  -0.0521 1.5164 -0.4120
v  -0.0525 1.5204 -0.4120
v  -0.0723 1.5371 -0.1837
v  -0.0688 1.4972 -0.1837
v  -0.0324 1.5405 -0.1837
v  -0.0289 1.5007 -0.1836
v  -0.0506 1.5189 -0.1637
# 9 vertices

vn 0.5060 0.6012 -0.6185
vn 0.6027 -0.5059 -0.6171
vn -0.5043 -0.6028 -0.6183
vn -0.6011 0.5042 -0.6200
vn -0.7201 0.6043 0.3411
vn -0.6043 -0.7192 0.3430
vn 0.6034 0.7201 0.3426
vn 0.7192 -0.6034 0.3446
vn -0.0013 0.0013 1.0000
# 9 vertex normals

o mShoulderLeft
g mShoulderLeft
usemtl wire_174186203
s 1
f 82//82 83//83 84//84 85//85 
s 2
f 86//86 85//85 84//84 87//87 
s 4
f 88//88 82//82 85//85 86//86 
s 8
f 83//83 89//89 87//87 84//84 
s 16
f 82//82 88//88 89//89 83//83 
s 32
f 90//90 88//88 86//86 
s 64
f 90//90 86//86 87//87 
s 128
f 90//90 87//87 89//89 
s 256
f 90//90 89//89 88//88 
# 5 polygons - 4 triangles

#
# object mElbowLeft
#

v  -0.0485 1.5207 -0.6400
v  -0.0481 1.5168 -0.6400
v  -0.0521 1.5164 -0.6400
v  -0.0525 1.5204 -0.6400
v  -0.0723 1.5371 -0.4340
v  -0.0688 1.4972 -0.4339
v  -0.0324 1.5405 -0.4339
v  -0.0289 1.5007 -0.4338
v  -0.0506 1.5189 -0.4117
# 9 vertices

vn 0.5013 0.5952 -0.6281
vn 0.5972 -0.5013 -0.6261
vn -0.4993 -0.5972 -0.6277
vn -0.5952 0.4993 -0.6296
vn -0.7232 0.6069 0.3297
vn -0.6069 -0.7221 0.3320
vn 0.6058 0.7232 0.3316
vn 0.7221 -0.6058 0.3339
vn -0.0016 0.0016 1.0000
# 9 vertex normals

o mElbowLeft
g mElbowLeft
usemtl wire_174186203
s 1
f 91//91 92//92 93//93 94//94 
s 2
f 95//95 94//94 93//93 96//96 
s 4
f 97//97 91//91 94//94 95//95 
s 8
f 92//92 98//98 96//96 93//93 
s 16
f 91//91 97//97 98//98 92//92 
s 32
f 99//99 97//97 95//95 
s 64
f 99//99 95//95 96//96 
s 128
f 99//99 96//96 98//98 
s 256
f 99//99 98//98 97//97 
# 5 polygons - 4 triangles

#
# object mWristLeft
#

v  -0.0485 1.5207 -0.7512
v  -0.0481 1.5168 -0.7512
v  -0.0521 1.5164 -0.7512
v  -0.0525 1.5204 -0.7512
v  -0.0722 1.5370 -0.6618
v  -0.0687 1.4972 -0.6617
v  -0.0324 1.5405 -0.6617
v  -0.0289 1.5007 -0.6615
v  -0.0506 1.5189 -0.6394
# 9 vertices

vn 0.4674 0.5521 -0.6905
vn 0.5566 -0.4675 -0.6868
vn -0.4629 -0.5567 -0.6898
vn -0.5521 0.4629 -0.6935
vn -0.7407 0.6216 0.2549
vn -0.6216 -0.7390 0.2598
vn 0.6200 0.7407 0.2589
vn 0.7390 -0.6199 0.2638
vn -0.0032 0.0033 1.0000
# 9 vertex normals

o mWristLeft
g mWristLeft
usemtl wire_174186203
s 1
f 100//100 101//101 102//102 103//103 
s 2
f 104//104 103//103 102//102 105//105 
s 4
f 106//106 100//100 103//103 104//104 
s 8
f 101//101 107//107 105//105 102//102 
s 16
f 100//100 106//106 107//107 101//101 
s 32
f 108//108 106//106 104//104 
s 64
f 108//108 104//104 105//105 
s 128
f 108//108 105//105 107//107 
s 256
f 108//108 107//107 106//106 
# 5 polygons - 4 triangles

#
# object mCollarRight
#

v  -0.0525 1.5204 0.1640
v  -0.0521 1.5164 0.1640
v  -0.0481 1.5168 0.1640
v  -0.0485 1.5207 0.1640
v  -0.0324 1.5405 0.1050
v  -0.0289 1.5006 0.1048
v  -0.0722 1.5370 0.1052
v  -0.0687 1.4972 0.1050
v  -0.0506 1.5189 0.0850
# 9 vertices

vn -0.5233 0.4386 0.7306
vn -0.4386 -0.5294 0.7262
vn 0.5293 -0.4447 0.7226
vn 0.4446 0.5232 0.7270
vn 0.6266 0.7487 -0.2167
vn 0.7468 -0.6265 -0.2230
vn -0.7486 0.6283 -0.2115
vn -0.6283 -0.7468 -0.2178
vn -0.0041 0.0042 -1.0000
# 9 vertex normals

o mCollarRight
g mCollarRight
usemtl wire_174186203
s 1
f 109//109 110//110 111//111 112//112 
s 2
f 113//113 112//112 111//111 114//114 
s 4
f 115//115 109//109 112//112 113//113 
s 8
f 110//110 116//116 114//114 111//111 
s 16
f 109//109 115//115 116//116 110//110 
s 32
f 117//117 115//115 113//113 
s 64
f 117//117 113//113 114//114 
s 128
f 117//117 114//114 116//116 
s 256
f 117//117 116//116 115//115 
# 5 polygons - 4 triangles

#
# object mShoulderRight
#

v  -0.0525 1.5204 0.4120
v  -0.0521 1.5164 0.4120
v  -0.0481 1.5168 0.4120
v  -0.0485 1.5207 0.4120
v  -0.0324 1.5405 0.1844
v  -0.0289 1.5007 0.1844
v  -0.0723 1.5371 0.1845
v  -0.0688 1.4972 0.1844
v  -0.0506 1.5189 0.1644
# 9 vertices

vn -0.6011 0.5042 0.6201
vn -0.5042 -0.6027 0.6185
vn 0.6027 -0.5059 0.6171
vn 0.5059 0.6010 0.6188
vn 0.6034 0.7201 -0.3425
vn 0.7192 -0.6034 -0.3444
vn -0.7201 0.6043 -0.3409
vn -0.6043 -0.7192 -0.3428
vn -0.0013 0.0013 -1.0000
# 9 vertex normals

o mShoulderRight
g mShoulderRight
usemtl wire_174186203
s 1
f 118//118 119//119 120//120 121//121 
s 2
f 122//122 121//121 120//120 123//123 
s 4
f 124//124 118//118 121//121 122//122 
s 8
f 119//119 125//125 123//123 120//120 
s 16
f 118//118 124//124 125//125 119//119 
s 32
f 126//126 124//124 122//122 
s 64
f 126//126 122//122 123//123 
s 128
f 126//126 123//123 125//125 
s 256
f 126//126 125//125 124//124 
# 5 polygons - 4 triangles

#
# object mElbowRight
#

v  -0.0525 1.5204 0.6399
v  -0.0521 1.5164 0.6399
v  -0.0481 1.5168 0.6399
v  -0.0485 1.5207 0.6399
v  -0.0324 1.5405 0.4347
v  -0.0289 1.5007 0.4346
v  -0.0723 1.5371 0.4347
v  -0.0688 1.4972 0.4346
v  -0.0506 1.5189 0.4124
# 9 vertices

vn -0.5951 0.4991 0.6299
vn -0.4992 -0.5972 0.6278
vn 0.5971 -0.5012 0.6264
vn 0.5012 0.5951 0.6282
vn 0.6059 0.7233 -0.3313
vn 0.7222 -0.6059 -0.3337
vn -0.7232 0.6070 -0.3294
vn -0.6070 -0.7222 -0.3318
vn -0.0016 0.0016 -1.0000
# 9 vertex normals

o mElbowRight
g mElbowRight
usemtl wire_174186203
s 1
f 127//127 128//128 129//129 130//130 
s 2
f 131//131 130//130 129//129 132//132 
s 4
f 133//133 127//127 130//130 131//131 
s 8
f 128//128 134//134 132//132 129//129 
s 16
f 127//127 133//133 134//134 128//128 
s 32
f 135//135 133//133 131//131 
s 64
f 135//135 131//131 132//132 
s 128
f 135//135 132//132 134//134 
s 256
f 135//135 134//134 133//133 
# 5 polygons - 4 triangles

#
# object mWristRight
#

v  -0.0525 1.5204 0.7511
v  -0.0521 1.5164 0.7511
v  -0.0481 1.5168 0.7511
v  -0.0485 1.5207 0.7511
v  -0.0324 1.5405 0.6626
v  -0.0289 1.5007 0.6624
v  -0.0722 1.5370 0.6627
v  -0.0687 1.4972 0.6626
v  -0.0506 1.5189 0.6404
# 9 vertices

vn -0.5513 0.4622 0.6946
vn -0.4622 -0.5558 0.6910
vn 0.5558 -0.4668 0.6879
vn 0.4667 0.5511 0.6917
vn 0.6202 0.7410 -0.2576
vn 0.7393 -0.6202 -0.2625
vn -0.7409 0.6219 -0.2535
vn -0.6219 -0.7392 -0.2585
vn -0.0033 0.0034 -1.0000
# 9 vertex normals

o mWristRight
g mWristRight
usemtl wire_174186203
s 1
f 136//136 137//137 138//138 139//139 
s 2
f 140//140 139//139 138//138 141//141 
s 4
f 142//142 136//136 139//139 140//140 
s 8
f 137//137 143//143 141//141 138//138 
s 16
f 136//136 142//142 143//143 137//137 
s 32
f 144//144 142//142 140//140 
s 64
f 144//144 140//140 141//141 
s 128
f 144//144 141//141 143//143 
s 256
f 144//144 143//143 142//142 
# 5 polygons - 4 triangles

#
# object mHipRight
#

v  -0.0066 0.4561 0.1142
v  -0.0068 0.4557 0.1182
v  -0.0107 0.4560 0.1180
v  -0.0106 0.4564 0.1141
v  0.0129 0.9289 0.1453
v  0.0111 0.9248 0.1850
v  0.0528 0.9252 0.1468
v  0.0509 0.9212 0.1865
v  0.0336 0.9448 0.1680
# 9 vertices

vn 0.5401 -0.5854 -0.6047
vn 0.4863 -0.7004 0.5224
vn -0.6425 -0.5981 0.4791
vn -0.5887 -0.4831 -0.6481
vn -0.5917 0.4903 -0.6399
vn -0.6540 0.3570 0.6669
vn 0.7171 0.3718 -0.5896
vn 0.6548 0.2384 0.7172
vn 0.0857 0.9908 0.1052
# 9 vertex normals

o mHipRight
g mHipRight
usemtl wire_174186203
s 1
f 145//145 146//146 147//147 148//148 
s 2
f 149//149 148//148 147//147 150//150 
s 4
f 151//151 145//145 148//148 149//149 
s 8
f 146//146 152//152 150//150 147//147 
s 16
f 145//145 151//151 152//152 146//146 
s 32
f 153//153 151//151 149//149 
s 64
f 153//153 149//149 150//150 
s 128
f 153//153 150//150 152//152 
s 256
f 153//153 152//152 151//151 
# 5 polygons - 4 triangles

#
# object mKneeRight
#

v  -0.0734 0.0731 0.1196
v  -0.0692 0.0725 0.1196
v  -0.0692 0.0724 0.1236
v  -0.0734 0.0730 0.1236
v  -0.0257 0.5196 0.1446
v  0.0160 0.5136 0.1447
v  -0.0256 0.5199 0.1046
v  0.0161 0.5139 0.1047
v  -0.0018 0.5365 0.1248
# 9 vertices

vn -0.6453 -0.5063 -0.5720
vn 0.4758 -0.6705 -0.5692
vn 0.4719 -0.6778 0.5638
vn -0.6492 -0.5136 0.5611
vn -0.6001 0.4537 0.6588
vn 0.7018 0.2631 0.6620
vn -0.5956 0.4622 -0.6570
vn 0.7063 0.2715 -0.6538
vn 0.1449 0.9894 0.0068
# 9 vertex normals

o mKneeRight
g mKneeRight
usemtl wire_174186203
s 1
f 154//154 155//155 156//156 157//157 
s 2
f 158//158 157//157 156//156 159//159 
s 4
f 160//160 154//154 157//157 158//158 
s 8
f 155//155 161//161 159//159 156//156 
s 16
f 154//154 160//160 161//161 155//155 
s 32
f 162//162 160//160 158//158 
s 64
f 162//162 158//158 159//159 
s 128
f 162//162 159//159 161//161 
s 256
f 162//162 161//161 160//160 
# 5 polygons - 4 triangles

#
# object mAnkleRight
#

v  0.0397 0.0057 0.1271
v  0.0378 0.0023 0.1274
v  0.0377 0.0019 0.1235
v  0.0397 0.0054 0.1231
v  -0.0451 0.0724 0.1007
v  -0.0648 0.0377 0.1041
v  -0.0444 0.0758 0.1405
v  -0.0641 0.0412 0.1439
v  -0.0720 0.0667 0.1217
# 9 vertices

vn 0.8473 0.1769 0.5008
vn 0.3248 -0.7391 0.5901
vn 0.3058 -0.8314 -0.4640
vn 0.8287 0.0844 -0.5533
vn 0.0697 0.6699 -0.7392
vn -0.5987 -0.5012 -0.6248
vn 0.0936 0.7879 0.6087
vn -0.5747 -0.3832 0.7231
vn -0.8693 0.4934 -0.0278
# 9 vertex normals

o mAnkleRight
g mAnkleRight
usemtl wire_174186203
s 1
f 163//163 164//164 165//165 166//166 
s 2
f 167//167 166//166 165//165 168//168 
s 4
f 169//169 163//163 166//166 167//167 
s 8
f 164//164 170//170 168//168 165//165 
s 16
f 163//163 169//169 170//170 164//164 
s 32
f 171//171 169//169 167//167 
s 64
f 171//171 167//167 168//168 
s 128
f 171//171 168//168 170//170 
s 256
f 171//171 170//170 169//169 
# 5 polygons - 4 triangles

#
# object mFootRight
#

v  0.1477 0.0035 0.1255
v  0.1477 -0.0005 0.1259
v  0.1476 -0.0008 0.1219
v  0.1477 0.0032 0.1216
v  0.0587 0.0215 0.1035
v  0.0579 -0.0184 0.1070
v  0.0594 0.0250 0.1433
v  0.0586 -0.0149 0.1468
v  0.0386 0.0037 0.1255
# 9 vertices

vn 0.6994 0.5469 0.4603
vn 0.6785 -0.4859 0.5510
vn 0.6601 -0.5763 -0.4818
vn 0.6810 0.4564 -0.5727
vn -0.2694 0.6244 -0.7332
vn -0.2969 -0.7313 -0.6140
vn -0.2452 0.7431 0.6226
vn -0.2728 -0.6126 0.7418
vn -0.9996 0.0217 0.0159
# 9 vertex normals

o mFootRight
g mFootRight
usemtl wire_174186203
s 1
f 172//172 173//173 174//174 175//175 
s 2
f 176//176 175//175 174//174 177//177 
s 4
f 178//178 172//172 175//175 176//176 
s 8
f 173//173 179//179 177//177 174//174 
s 16
f 172//172 178//178 179//179 173//173 
s 32
f 180//180 178//178 176//176 
s 64
f 180//180 176//176 177//177 
s 128
f 180//180 177//177 179//179 
s 256
f 180//180 179//179 178//178 
# 5 polygons - 4 triangles

#
# object mToeRight
#

v  0.2479 0.0012 0.1241
v  0.2478 -0.0027 0.1245
v  0.2474 -0.0031 0.1205
v  0.2474 0.0009 0.1202
v  0.1621 0.0198 0.1105
v  0.1613 -0.0201 0.1140
v  0.1668 0.0232 0.1501
v  0.1660 -0.0167 0.1536
v  0.1442 0.0021 0.1343
# 9 vertices

vn 0.7510 0.5362 0.3853
vn 0.7312 -0.4893 0.4752
vn 0.6102 -0.5763 -0.5436
vn 0.6300 0.4492 -0.6335
vn -0.3299 0.6293 -0.7037
vn -0.3561 -0.7290 -0.5846
vn -0.1696 0.7445 0.6457
vn -0.1958 -0.6138 0.7648
vn -0.9929 0.0293 0.1155
# 9 vertex normals

o mToeRight
g mToeRight
usemtl wire_174186203
s 1
f 181//181 182//182 183//183 184//184 
s 2
f 185//185 184//184 183//183 186//186 
s 4
f 187//187 181//181 184//184 185//185 
s 8
f 182//182 188//188 186//186 183//183 
s 16
f 181//181 187//187 188//188 182//182 
s 32
f 189//189 187//187 185//185 
s 64
f 189//189 185//185 186//186 
s 128
f 189//189 186//186 188//188 
s 256
f 189//189 188//188 187//187 
# 5 polygons - 4 triangles

#
# object mHipLeft
#

v  -0.0106 0.4566 -0.1141
v  -0.0107 0.4562 -0.1180
v  -0.0068 0.4559 -0.1182
v  -0.0066 0.4563 -0.1142
v  0.0529 0.9252 -0.1468
v  0.0510 0.9212 -0.1865
v  0.0131 0.9289 -0.1453
v  0.0112 0.9248 -0.1850
v  0.0338 0.9448 -0.1680
# 9 vertices

vn -0.5889 -0.4829 0.6481
vn -0.6426 -0.5980 -0.4790
vn 0.4862 -0.7006 -0.5224
vn 0.5399 -0.5855 0.6047
vn 0.7172 0.3716 0.5896
vn 0.6549 0.2382 -0.7172
vn -0.5916 0.4905 0.6398
vn -0.6539 0.3571 -0.6670
vn 0.0860 0.9907 -0.1052
# 9 vertex normals

o mHipLeft
g mHipLeft
usemtl wire_174186203
s 1
f 190//190 191//191 192//192 193//193 
s 2
f 194//194 193//193 192//192 195//195 
s 4
f 196//196 190//190 193//193 194//194 
s 8
f 191//191 197//197 195//195 192//192 
s 16
f 190//190 196//196 197//197 191//191 
s 32
f 198//198 196//196 194//194 
s 64
f 198//198 194//194 195//195 
s 128
f 198//198 195//195 197//197 
s 256
f 198//198 197//197 196//196 
# 5 polygons - 4 triangles

#
# object mKneeLeft
#

v  -0.0733 0.0730 -0.1233
v  -0.0692 0.0724 -0.1231
v  -0.0693 0.0725 -0.1191
v  -0.0735 0.0731 -0.1193
v  -0.0262 0.5200 -0.1053
v  0.0154 0.5140 -0.1040
v  -0.0250 0.5195 -0.1453
v  0.0167 0.5135 -0.1440
v  -0.0018 0.5365 -0.1248
# 9 vertices

vn -0.6301 -0.5169 -0.5794
vn 0.4905 -0.6808 -0.5439
vn 0.4567 -0.6671 0.5886
vn -0.6640 -0.5032 0.5531
vn -0.6172 0.4658 0.6341
vn 0.6841 0.2754 0.6754
vn -0.5779 0.4498 -0.6810
vn 0.7234 0.2595 -0.6398
vn 0.1449 0.9894 -0.0077
# 9 vertex normals

o mKneeLeft
g mKneeLeft
usemtl wire_174186203
s 1
f 199//199 200//200 201//201 202//202 
s 2
f 203//203 202//202 201//201 204//204 
s 4
f 205//205 199//199 202//202 203//203 
s 8
f 200//200 206//206 204//204 201//201 
s 16
f 199//199 205//205 206//206 200//200 
s 32
f 207//207 205//205 203//203 
s 64
f 207//207 203//203 204//204 
s 128
f 207//207 204//204 206//206 
s 256
f 207//207 206//206 205//205 
# 5 polygons - 4 triangles

#
# object mAnkleLeft
#

v  0.0397 0.0056 -0.1225
v  0.0377 0.0021 -0.1228
v  0.0378 0.0024 -0.1268
v  0.0398 0.0059 -0.1265
v  -0.0443 0.0760 -0.1405
v  -0.0640 0.0413 -0.1438
v  -0.0451 0.0727 -0.1006
v  -0.0649 0.0381 -0.1039
v  -0.0719 0.0669 -0.1218
# 9 vertices

vn 0.8269 0.0870 0.5556
vn 0.3042 -0.8291 0.4691
vn 0.3263 -0.7422 -0.5854
vn 0.8490 0.1739 -0.4989
vn 0.0959 0.7847 -0.6124
vn -0.5726 -0.3867 -0.7229
vn 0.0676 0.6736 0.7360
vn -0.6008 -0.4978 0.6254
vn -0.8692 0.4939 0.0225
# 9 vertex normals

o mAnkleLeft
g mAnkleLeft
usemtl wire_174186203
s 1
f 208//208 209//209 210//210 211//211 
s 2
f 212//212 211//211 210//210 213//213 
s 4
f 214//214 208//208 211//211 212//212 
s 8
f 209//209 215//215 213//213 210//210 
s 16
f 208//208 214//214 215//215 209//209 
s 32
f 216//216 214//214 212//212 
s 64
f 216//216 212//212 213//213 
s 128
f 216//216 213//213 215//215 
s 256
f 216//216 215//215 214//214 
# 5 polygons - 4 triangles

#
# object mFootLeft
#

v  0.1477 0.0034 -0.1209
v  0.1476 -0.0006 -0.1213
v  0.1477 -0.0003 -0.1253
v  0.1478 0.0037 -0.1249
v  0.0595 0.0251 -0.1431
v  0.0587 -0.0148 -0.1464
v  0.0587 0.0218 -0.1032
v  0.0578 -0.0181 -0.1065
v  0.0387 0.0040 -0.1252
# 9 vertices

vn 0.6795 0.4589 0.5725
vn 0.6581 -0.5743 0.4869
vn 0.6799 -0.4891 -0.5463
vn 0.7013 0.5441 -0.4607
vn -0.2428 0.7400 -0.6272
vn -0.2707 -0.6163 -0.7396
vn -0.2714 0.6283 0.7291
vn -0.2993 -0.7280 0.6168
vn -0.9996 0.0222 -0.0193
# 9 vertex normals

o mFootLeft
g mFootLeft
usemtl wire_174186203
s 1
f 217//217 218//218 219//219 220//220 
s 2
f 221//221 220//220 219//219 222//222 
s 4
f 223//223 217//217 220//220 221//221 
s 8
f 218//218 224//224 222//222 219//219 
s 16
f 217//217 223//223 224//224 218//218 
s 32
f 225//225 223//223 221//221 
s 64
f 225//225 221//221 222//222 
s 128
f 225//225 222//222 224//224 
s 256
f 225//225 224//224 223//223 
# 5 polygons - 4 triangles

#
# object mToeLeft
#

v  0.2475 0.0011 -0.1196
v  0.2474 -0.0029 -0.1199
v  0.2478 -0.0026 -0.1239
v  0.2479 0.0014 -0.1235
v  0.1667 0.0239 -0.1481
v  0.1655 -0.0160 -0.1514
v  0.1626 0.0207 -0.1084
v  0.1615 -0.0192 -0.1118
v  0.1442 0.0031 -0.1319
# 9 vertices

vn 0.6449 0.4462 0.6205
vn 0.6153 -0.5792 0.5347
vn 0.7189 -0.4968 -0.4861
vn 0.7485 0.5286 -0.4004
vn -0.1748 0.7436 -0.6454
vn -0.2141 -0.6149 -0.7590
vn -0.3121 0.6345 0.7071
vn -0.3514 -0.7240 0.5935
vn -0.9945 0.0369 -0.0980
# 9 vertex normals

o mToeLeft
g mToeLeft
usemtl wire_174186203
s 1
f 226//226 227//227 228//228 229//229 
s 2
f 230//230 229//229 228//228 231//231 
s 4
f 232//232 226//226 229//229 230//230 
s 8
f 227//227 233//233 231//231 228//228 
s 16
f 226//226 232//232 233//233 227//227 
s 32
f 234//234 232//232 230//230 
s 64
f 234//234 230//230 231//231 
s 128
f 234//234 231//231 233//233 
s 256
f 234//234 233//233 232//232 
# 5 polygons - 4 triangles

#
# object Cow_Body
#

v  -0.1578 1.6264 0.0024
v  -0.1259 1.6213 0.0832
v  -0.1515 1.6282 0.0024
v  -0.1306 1.6175 0.0875
v  -0.1269 1.6134 0.0802
v  -0.1530 1.6208 0.0024
v  -0.0589 1.6211 0.1224
v  -0.0624 1.6185 0.1294
v  -0.0596 1.6139 0.1224
v  0.0211 1.6159 0.0978
v  0.0220 1.6138 0.1055
v  0.0204 1.6084 0.0978
v  0.0701 1.5871 0.0495
v  0.0726 1.5850 0.0553
v  0.0694 1.5799 0.0495
v  0.0880 1.5776 0.0024
v  0.0929 1.5708 0.0024
v  0.0870 1.5668 0.0024
v  -0.1259 1.6213 -0.0784
v  -0.1306 1.6175 -0.0828
v  -0.1269 1.6134 -0.0755
v  -0.0589 1.6211 -0.1176
v  -0.0624 1.6185 -0.1247
v  -0.0596 1.6139 -0.1176
v  0.0211 1.6159 -0.0930
v  0.0220 1.6138 -0.1007
v  0.0204 1.6084 -0.0930
v  0.0701 1.5871 -0.0447
v  0.0726 1.5850 -0.0505
v  0.0694 1.5799 -0.0447
v  0.1287 1.5048 0.0164
v  0.1206 1.5110 0.0143
v  0.1202 1.4990 0.0143
v  0.1122 1.5052 0.0098
v  0.1143 1.4950 0.0087
v  0.1149 1.5154 0.0087
v  0.1321 1.5144 0.0143
v  0.1240 1.5206 0.0098
v  0.1344 1.5212 0.0087
v  0.1389 1.5045 0.0143
v  0.1423 1.5142 0.0098
v  0.1460 1.5044 0.0087
v  0.1316 1.4950 0.0143
v  0.1417 1.4948 0.0098
v  0.1336 1.4882 0.0087
v  0.1231 1.4893 0.0098
v  0.1100 1.4993 0.0024
v  0.1168 1.4894 0.0024
v  0.1150 1.4955 -0.0050
v  0.1229 1.4885 -0.0039
v  0.1113 1.5053 -0.0039
v  0.1177 1.5208 0.0024
v  0.1104 1.5113 0.0024
v  0.1156 1.5149 -0.0050
v  0.1237 1.5215 -0.0039
v  0.1405 1.5202 0.0024
v  0.1292 1.5242 0.0024
v  0.1342 1.5204 -0.0050
v  0.1430 1.5146 -0.0039
v  0.1469 1.4983 0.0024
v  0.1473 1.5103 0.0024
v  0.1452 1.5044 -0.0050
v  0.1424 1.4942 -0.0039
v  0.1281 1.4854 0.0024
v  0.1396 1.4888 0.0024
v  0.1333 1.4890 -0.0050
v  0.1287 1.5048 -0.0117
v  0.1185 1.5051 -0.0096
v  0.1258 1.5146 -0.0096
v  0.1371 1.5106 -0.0096
v  0.1367 1.4986 -0.0096
v  0.1252 1.4952 -0.0096
v  0.1653 1.5174 0.0024
v  0.1486 1.5323 -0.0229
v  0.1530 1.5353 0.0024
v  0.1609 1.5143 -0.0229
v  0.1392 1.4994 0.0420
v  0.1486 1.5323 0.0277
v  0.1269 1.5174 0.0420
v  0.1609 1.5143 0.0277
v  0.1131 1.4815 -0.0295
v  0.1008 1.4994 0.0342
v  0.1008 1.4994 -0.0295
v  0.1131 1.4815 0.0342
v  0.1392 1.4994 -0.0372
v  0.1269 1.5174 -0.0372
v  0.1133 1.5609 0.0178
v  0.1373 1.5509 0.0024
v  0.1178 1.5640 0.0024
v  0.1328 1.5479 0.0240
v  0.0866 1.5426 0.0218
v  0.1145 1.5353 0.0361
v  0.1022 1.5533 0.0265
v  0.0918 1.5197 0.0295
v  0.0866 1.5426 -0.0170
v  0.0918 1.5197 -0.0248
v  0.1133 1.5609 -0.0130
v  0.1145 1.5353 -0.0314
v  0.1022 1.5533 -0.0217
v  0.1328 1.5479 -0.0192
v  0.0899 1.5712 0.0024
v  0.1567 1.5114 -0.0203
v  0.1392 1.4994 -0.0330
v  0.1173 1.4844 0.0309
v  0.1173 1.4844 -0.0261
v  0.1392 1.4994 0.0378
v  0.1567 1.5114 0.0250
v  0.1611 1.5145 0.0024
v  0.1442 1.5296 -0.0203
v  0.1267 1.5176 -0.0330
v  0.1048 1.5026 0.0309
v  0.1048 1.5026 -0.0261
v  0.1267 1.5176 0.0378
v  0.1486 1.5326 0.0024
v  0.1442 1.5296 0.0250
v  0.0941 1.5651 0.0024
v  -0.0913 1.4824 -0.5467
v  -0.0449 1.4659 -0.5404
v  -0.1026 1.4733 -0.4546
v  -0.0435 1.4516 -0.4502
v  -0.0923 1.5656 -0.5440
v  -0.0985 1.5695 -0.4474
v  -0.0485 1.5889 -0.5411
v  -0.0436 1.5883 -0.4451
v  -0.1230 1.5198 -0.4513
v  -0.1038 1.5223 -0.5512
v  -0.0445 1.5932 -0.3756
v  -0.0953 1.5718 -0.3738
v  -0.0577 1.5810 -0.2171
v  -0.1084 1.5641 -0.2133
v  0.0112 1.4734 -0.4128
v  0.0093 1.4664 -0.3844
v  -0.0443 1.4563 -0.4127
v  -0.0421 1.4528 -0.3828
v  -0.0695 1.5764 -0.4107
v  -0.0436 1.5832 -0.4097
v  -0.1030 1.5784 -0.4113
v  -0.1179 1.5172 -0.3731
v  -0.1319 1.5183 -0.3929
v  -0.1298 1.5002 -0.1956
v  -0.0030 1.4593 -0.1909
v  -0.0636 1.4412 -0.1839
v  -0.1000 1.4694 -0.3774
v  -0.1054 1.4652 -0.3946
v  -0.1200 1.4624 -0.1903
v  -0.1394 1.5191 -0.4137
v  -0.1352 1.5195 -0.4313
v  -0.1093 1.4644 -0.4147
v  -0.1069 1.4671 -0.4348
v  0.0026 1.5637 -0.5449
v  0.0104 1.5693 -0.4388
v  0.0008 1.5611 -0.2126
v  0.0119 1.5718 -0.3790
v  0.0126 1.5679 -0.4096
v  0.0290 1.4648 -0.1709
v  -0.0031 1.4489 -0.1740
v  -0.0543 1.5913 -0.1783
v  -0.1077 1.5748 -0.1757
v  -0.1293 1.5509 -0.1737
v  -0.0631 1.4393 -0.1746
v  -0.1232 1.4626 -0.1696
v  -0.1316 1.5049 -0.1676
v  0.0397 1.5175 -0.3832
v  0.0243 1.4963 -0.1962
v  0.0369 1.5189 -0.4128
v  -0.0881 1.4595 -0.4151
v  -0.0415 1.4583 -0.6109
v  -0.0815 1.4726 -0.6081
v  -0.0051 1.4807 -0.5542
v  0.0099 1.4749 -0.4441
v  -0.0814 1.5536 -0.6261
v  -0.0903 1.4966 -0.6392
v  0.0136 1.4864 -0.6245
v  0.0302 1.4926 -0.6425
v  0.0000 1.5672 -0.6237
v  -0.0342 1.4528 -0.6407
v  0.0006 1.4569 -0.6447
v  -0.0043 1.4662 -0.5981
v  0.0239 1.5772 -0.7030
v  -0.0421 1.5941 -0.7243
v  -0.0480 1.5796 -0.6220
v  0.0242 1.5230 -0.5490
v  0.0390 1.5216 -0.4360
v  -0.0936 1.5744 -0.7054
v  -0.0978 1.5030 -0.6725
v  0.0262 1.5513 -0.1718
v  0.0067 1.5779 -0.1761
v  0.0359 1.5035 -0.1673
v  -0.0982 1.4605 -0.6567
v  -0.0717 1.4646 -0.4136
v  0.0542 1.5593 -0.8425
v  -0.0327 1.5690 -0.8759
v  0.0512 1.5765 -0.8709
v  -0.0238 1.5898 -0.8965
v  -0.1095 1.4551 -0.7582
v  -0.0354 1.4624 -0.7581
v  -0.0380 1.4493 -0.7384
v  -0.1017 1.4551 -0.7288
v  -0.0533 1.5835 -0.8943
v  -0.1158 1.5260 -0.8377
v  -0.0314 1.5191 -0.8328
v  -0.1377 1.5408 -0.8623
v  -0.1126 1.5617 -0.8804
v  0.0488 1.5405 -0.8170
v  0.0322 1.5830 -0.7715
v  -0.0360 1.5987 -0.7928
v  -0.0863 1.5802 -0.7830
v  0.0402 1.5938 -0.8178
v  -0.0253 1.6145 -0.8433
v  -0.0558 1.6077 -0.8399
v  -0.1038 1.5849 -0.8306
v  -0.0379 1.5965 -0.8235
v  -0.1152 1.5619 -0.7711
v  -0.1305 1.5683 -0.8223
v  0.0534 1.5652 -0.7691
v  0.0632 1.5708 -0.8047
v  -0.0333 1.4398 -0.6619
v  0.0116 1.4502 -0.6760
v  -0.0334 1.4270 -0.6835
v  0.0119 1.4391 -0.6958
v  -0.1041 1.4854 -0.6976
v  -0.0841 1.4542 -0.6871
v  -0.0831 1.4349 -0.7010
v  -0.1225 1.5213 -0.7750
v  -0.1129 1.4879 -0.7318
v  -0.1180 1.4803 -0.7843
v  0.0303 1.4907 -0.6834
v  0.0433 1.5093 -0.7218
v  0.0325 1.4698 -0.7196
v  0.0366 1.4841 -0.7422
v  0.0541 1.5251 -0.7628
v  0.0450 1.5049 -0.7718
v  -0.0316 1.4834 -0.7838
v  -0.0347 1.4286 -0.7050
v  -0.0913 1.4824 0.5467
v  -0.1025 1.4733 0.4546
v  -0.0449 1.4659 0.5404
v  -0.0435 1.4516 0.4502
v  -0.0923 1.5656 0.5440
v  -0.0485 1.5889 0.5411
v  -0.0985 1.5695 0.4474
v  -0.0436 1.5883 0.4451
v  -0.1230 1.5198 0.4513
v  -0.1038 1.5223 0.5512
v  -0.0445 1.5932 0.3756
v  -0.0577 1.5810 0.2171
v  -0.0953 1.5718 0.3738
v  -0.1084 1.5641 0.2133
v  0.0112 1.4734 0.4128
v  -0.0443 1.4563 0.4127
v  0.0093 1.4664 0.3844
v  -0.0421 1.4528 0.3828
v  -0.0695 1.5764 0.4107
v  -0.0436 1.5832 0.4097
v  -0.1179 1.5172 0.3731
v  -0.1030 1.5784 0.4113
v  -0.1319 1.5183 0.3929
v  -0.1298 1.5002 0.1956
v  -0.0030 1.4593 0.1909
v  -0.0636 1.4412 0.1839
v  -0.1000 1.4694 0.3774
v  -0.1054 1.4652 0.3946
v  -0.1200 1.4624 0.1903
v  -0.1394 1.5191 0.4137
v  -0.1093 1.4644 0.4147
v  -0.1352 1.5195 0.4313
v  -0.1069 1.4671 0.4348
v  0.0026 1.5637 0.5449
v  0.0104 1.5693 0.4388
v  0.0008 1.5611 0.2126
v  0.0119 1.5718 0.3790
v  0.0126 1.5679 0.4096
v  -0.0031 1.4489 0.1740
v  0.0290 1.4648 0.1709
v  -0.0543 1.5913 0.1783
v  -0.1077 1.5748 0.1757
v  -0.1293 1.5509 0.1737
v  -0.0631 1.4393 0.1746
v  -0.1232 1.4626 0.1696
v  -0.1316 1.5049 0.1676
v  0.0397 1.5175 0.3832
v  0.0243 1.4963 0.1962
v  0.0369 1.5189 0.4128
v  -0.0881 1.4595 0.4151
v  -0.0415 1.4583 0.6109
v  -0.0815 1.4726 0.6081
v  -0.0051 1.4807 0.5542
v  0.0099 1.4749 0.4441
v  -0.0903 1.4966 0.6392
v  -0.0814 1.5536 0.6261
v  0.0136 1.4864 0.6245
v  0.0000 1.5672 0.6237
v  0.0302 1.4926 0.6425
v  -0.0342 1.4528 0.6407
v  0.0006 1.4569 0.6447
v  -0.0043 1.4662 0.5981
v  0.0239 1.5772 0.7030
v  -0.0421 1.5941 0.7243
v  -0.0480 1.5796 0.6220
v  0.0242 1.5230 0.5490
v  0.0390 1.5216 0.4360
v  -0.0978 1.5030 0.6725
v  -0.0936 1.5744 0.7054
v  0.0262 1.5513 0.1718
v  0.0067 1.5779 0.1761
v  0.0359 1.5035 0.1673
v  -0.0982 1.4605 0.6567
v  -0.0717 1.4646 0.4136
v  0.0542 1.5593 0.8425
v  0.0512 1.5765 0.8709
v  -0.0327 1.5690 0.8759
v  -0.0238 1.5898 0.8965
v  -0.1095 1.4551 0.7582
v  -0.1017 1.4551 0.7288
v  -0.0380 1.4493 0.7384
v  -0.0354 1.4624 0.7581
v  -0.0533 1.5835 0.8943
v  -0.1158 1.5260 0.8377
v  -0.0314 1.5191 0.8328
v  -0.1376 1.5408 0.8623
v  -0.1126 1.5617 0.8804
v  0.0488 1.5405 0.8170
v  0.0322 1.5830 0.7715
v  -0.0360 1.5987 0.7928
v  -0.0863 1.5802 0.7830
v  0.0402 1.5938 0.8178
v  -0.0253 1.6145 0.8433
v  -0.0558 1.6077 0.8399
v  -0.1038 1.5849 0.8306
v  -0.0379 1.5965 0.8235
v  -0.1152 1.5619 0.7711
v  -0.1305 1.5683 0.8223
v  0.0534 1.5652 0.7691
v  0.0632 1.5708 0.8047
v  -0.0333 1.4398 0.6619
v  0.0116 1.4502 0.6760
v  -0.0334 1.4270 0.6835
v  0.0119 1.4391 0.6958
v  -0.1041 1.4854 0.6976
v  -0.0841 1.4542 0.6871
v  -0.0831 1.4349 0.7010
v  -0.1225 1.5213 0.7750
v  -0.1129 1.4879 0.7318
v  -0.1180 1.4803 0.7843
v  0.0303 1.4907 0.6834
v  0.0433 1.5093 0.7218
v  0.0325 1.4698 0.7196
v  0.0366 1.4841 0.7422
v  0.0541 1.5251 0.7628
v  0.0450 1.5049 0.7718
v  -0.0316 1.4834 0.7838
v  -0.0347 1.4286 0.7050
v  0.0991 0.7410 -0.0000
v  0.0942 0.7355 -0.0219
v  0.1936 0.7952 -0.0000
v  0.1747 0.7752 -0.0467
v  0.1460 0.7781 -0.1513
v  0.0920 0.8100 -0.2284
v  0.1791 0.8653 -0.1586
v  0.1006 1.3896 -0.1252
v  0.1206 1.3054 -0.1359
v  0.0518 1.3893 -0.1583
v  -0.1886 1.0422 -0.1470
v  -0.1124 1.0039 -0.2508
v  -0.2087 0.9329 -0.1520
v  -0.1670 1.5047 -0.0615
v  -0.1504 1.5633 -0.0666
v  -0.1585 1.5047 -0.1162
v  -0.1454 1.5599 -0.1158
v  -0.0225 0.8300 -0.2937
v  0.1088 0.9130 -0.2561
v  -0.0187 0.9424 -0.2982
v  -0.1782 0.7963 -0.1312
v  -0.1917 0.8527 -0.1401
v  -0.1268 0.8197 -0.2441
v  0.0549 1.5594 -0.0605
v  0.0901 1.5088 -0.0646
v  0.0442 1.5554 -0.1135
v  0.0683 1.5084 -0.1170
v  0.1176 1.4541 -0.0694
v  0.1448 1.3907 -0.0661
v  0.0880 1.4600 -0.1209
v  0.0057 1.3901 -0.1690
v  -0.0430 1.3077 -0.1933
v  -0.0524 1.3906 -0.1798
v  0.1455 1.2571 -0.1487
v  0.1779 1.3014 -0.0749
v  0.1380 1.4539 -0.0000
v  0.1681 1.3878 -0.0000
v  0.1968 1.2973 -0.0000
v  -0.1247 1.5827 -0.1158
v  -0.1502 1.5644 0.0000
v  -0.1707 1.5035 0.0000
v  -0.1882 0.8329 -0.0201
v  -0.1285 0.7709 -0.0125
v  -0.1855 0.8307 0.0000
v  -0.1276 0.7781 0.0000
v  -0.1207 0.9219 -0.2574
v  -0.0998 1.3912 -0.1612
v  -0.0871 1.3074 -0.1716
v  -0.1450 1.5055 -0.1422
v  -0.1368 1.5549 -0.1429
v  -0.1593 0.7907 -0.0505
v  -0.1406 0.7692 -0.0494
v  -0.0590 1.4214 -0.1729
v  -0.0014 1.4354 -0.1653
v  0.0494 1.4655 -0.1488
v  -0.1657 1.1775 -0.1275
v  -0.2090 1.1737 -0.0635
v  -0.1591 1.3071 -0.1247
v  -0.1843 1.3076 -0.0614
v  0.0416 1.3080 -0.1789
v  0.2320 1.1857 -0.0782
v  0.2542 1.1921 -0.0000
v  -0.0966 1.1880 -0.2006
v  -0.1979 1.3077 0.0000
v  -0.2348 1.1730 0.0000
v  0.1402 0.7440 -0.0763
v  0.2548 0.8991 -0.0817
v  0.0268 1.5749 -0.1187
v  0.0035 1.5872 -0.1460
v  0.0063 1.5977 -0.1165
v  0.0485 1.5078 -0.1421
v  0.0367 1.5543 -0.1431
v  0.1021 1.5092 -0.0000
v  -0.1298 0.7594 -0.0210
v  -0.0617 0.7406 -0.0076
v  -0.0991 1.6094 -0.0970
v  -0.0513 1.6100 -0.1147
v  -0.0999 1.6005 -0.1161
v  -0.1048 1.5866 -0.1452
v  -0.0525 1.5987 -0.1456
v  -0.0296 1.2002 -0.2325
v  0.0849 1.1950 -0.2215
v  -0.1594 1.3912 -0.1237
v  -0.1798 1.3919 -0.0651
v  -0.1863 1.3921 0.0000
v  -0.1596 1.4506 -0.1176
v  -0.1368 1.4616 -0.1479
v  -0.1757 1.4506 -0.0642
v  -0.1831 1.4490 0.0000
v  0.1005 1.0854 -0.2507
v  -0.0247 1.0945 -0.2700
v  0.1888 1.1573 -0.1628
v  0.2649 1.0387 -0.0919
v  0.2805 1.0386 -0.0000
v  0.2045 1.0195 -0.1738
v  0.2078 0.9299 -0.1610
v  0.1104 0.9900 -0.2619
v  0.0461 0.7257 -0.0000
v  0.0456 0.7273 -0.0094
v  0.0054 0.7275 -0.0054
v  0.0056 0.7286 -0.0000
v  0.0049 0.7106 -0.0085
v  0.0777 0.7151 -0.0319
v  -0.1045 1.0804 -0.2330
v  0.2726 0.8977 -0.0000
v  -0.0208 1.0190 -0.2913
v  -0.2069 0.8684 -0.1000
v  -0.2248 0.9861 -0.1071
v  -0.2167 0.8772 -0.0636
v  -0.1853 0.8166 -0.0423
v  0.0661 1.5530 -0.0000
v  0.0338 1.5832 -0.0926
v  -0.0617 0.7415 0.0000
v  -0.2308 1.0516 -0.0736
v  -0.2415 1.0536 -0.0365
v  -0.2523 1.0556 0.0000
v  -0.2224 0.8831 0.0000
v  -0.2210 0.8818 -0.0286
v  -0.2428 0.9401 0.0000
v  -0.2405 0.9348 -0.0457
v  -0.2529 0.9926 0.0000
v  -0.2417 0.9942 -0.0643
v  -0.2514 1.0330 -0.0208
v  -0.2530 1.0027 -0.0242
v  0.0474 1.5819 -0.0558
v  0.0617 1.5729 -0.0000
v  0.0357 1.5908 -0.0510
v  0.0436 1.6023 -0.0495
v  0.0482 1.5882 -0.0000
v  0.0518 1.6018 -0.0000
v  0.0346 1.6155 -0.0464
v  0.0399 1.6176 -0.0000
v  0.0193 1.6259 -0.0372
v  0.0242 1.6272 -0.0000
v  -0.1492 1.5823 0.0000
v  -0.1450 1.5827 -0.0575
v  -0.1426 1.5978 0.0000
v  -0.1354 1.5982 -0.0494
v  -0.1413 1.6176 0.0000
v  -0.1329 1.6156 -0.0497
v  -0.1371 1.6342 0.0000
v  -0.1271 1.6298 -0.0494
v  -0.1248 1.6423 0.0000
v  -0.1172 1.6405 -0.0435
v  -0.1123 1.6387 0.0000
v  -0.1089 1.6375 -0.0373
v  -0.0976 1.6183 -0.0911
v  -0.0513 1.6220 -0.1091
v  0.0021 1.6119 -0.1088
v  -0.0927 1.6242 -0.0837
v  -0.0513 1.6257 -0.0984
v  -0.0074 1.6232 -0.0858
v  -0.0939 1.6350 -0.0775
v  -0.0517 1.6379 -0.0908
v  -0.0097 1.6344 -0.0812
v  -0.0897 1.6366 -0.0659
v  -0.0513 1.6394 -0.0769
v  -0.0141 1.6362 -0.0656
v  0.0226 1.5909 -0.0797
v  0.0245 1.6010 -0.0765
v  0.0194 1.6126 -0.0728
v  0.0092 1.6209 -0.0673
v  0.0329 1.5728 -0.0984
v  0.0074 1.6304 -0.0633
v  0.0049 1.6350 -0.0517
v  0.0134 1.6326 -0.0339
v  -0.1303 1.5883 -0.0850
v  0.0180 1.6312 -0.0000
v  -0.0424 1.6165 0.0000
v  0.1595 -0.0020 0.0076
v  0.2095 -0.0020 -0.1142
v  0.2060 -0.0020 -0.0145
v  0.2462 -0.0020 -0.1021
v  -0.0427 -0.0020 -0.2148
v  0.0034 -0.0020 -0.2244
v  -0.1457 -0.0020 -0.1290
v  0.2407 -0.0020 -0.1375
v  0.1263 -0.0020 -0.2423
v  0.0513 -0.0020 -0.2378
v  0.1791 -0.0020 -0.2405
v  0.2125 -0.0020 -0.2093
v  -0.1108 -0.0020 -0.1924
v  0.1296 -0.0020 0.0014
v  0.0620 -0.0020 -0.0138
v  -0.0176 -0.0020 -0.0348
v  -0.0710 -0.0020 -0.0346
v  -0.1263 -0.0020 -0.0701
v  -0.0090 0.1196 -0.0426
v  0.1105 0.0862 -0.0310
v  0.0510 0.1206 -0.1097
v  0.1446 0.0967 -0.1097
v  0.0123 0.1202 -0.1731
v  0.1229 0.0948 -0.1685
v  0.1644 0.0596 -0.0223
v  0.2090 0.0662 -0.0978
v  0.2017 0.0671 -0.1344
v  0.1772 0.0606 -0.1932
v  0.1754 0.0685 -0.1139
v  0.0981 0.0922 -0.2037
v  0.1574 0.0563 -0.2263
v  0.0981 0.0615 -0.0090
v  0.1360 0.0403 0.0018
v  -0.1368 0.1205 -0.1314
v  -0.1493 0.0696 -0.1308
v  -0.1221 0.1184 -0.0653
v  -0.1371 0.0691 -0.0663
v  -0.0393 0.1204 -0.1931
v  -0.0407 0.0718 -0.2091
v  -0.0924 0.1203 -0.1909
v  -0.1085 0.0784 -0.1970
v  0.0651 0.0462 -0.2266
v  0.0022 0.0652 -0.2109
v  -0.0643 0.1202 -0.0355
v  -0.0826 0.0682 -0.0267
v  -0.0206 0.0648 -0.0304
v  0.0684 0.0166 -0.0138
v  -0.2595 1.0015 -0.0226
v  -0.2716 1.0445 0.0000
v  -0.2671 1.0288 -0.0192
v  -0.2726 0.9783 0.0000
v  -0.2813 0.9842 -0.0194
v  -0.3063 1.0090 0.0000
v  -0.2967 0.9961 -0.0160
v  -0.3076 0.9285 0.0000
v  -0.3148 0.9316 -0.0144
v  -0.3276 0.9380 -0.0119
v  -0.3365 0.9461 0.0000
v  -0.3582 0.8448 0.0000
v  -0.3630 0.8462 -0.0093
v  -0.3718 0.8495 -0.0077
v  -0.3781 0.8540 0.0000
v  -0.4031 0.7897 0.0000
v  -0.4063 0.7927 -0.0084
v  -0.4119 0.7987 -0.0070
v  -0.4150 0.8047 0.0000
v  -0.4510 0.7489 0.0000
v  -0.4534 0.7530 -0.0088
v  -0.4574 0.7608 -0.0073
v  -0.4588 0.7680 0.0000
v  0.0033 0.6844 -0.0158
v  -0.0957 0.7139 -0.0437
v  0.1346 0.7190 -0.1484
v  0.0869 0.7327 -0.2129
v  -0.1350 0.5493 -0.1096
v  -0.1374 0.5169 -0.1082
v  -0.0871 0.5388 -0.0460
v  -0.0895 0.5056 -0.0468
v  -0.0291 0.5427 -0.2350
v  -0.0268 0.5915 -0.2460
v  0.0750 0.5374 -0.2075
v  0.0806 0.5961 -0.2085
v  0.0476 0.3628 -0.0927
v  0.0977 0.4584 -0.0864
v  0.0108 0.3661 -0.0519
v  0.0493 0.4789 -0.0406
v  -0.1009 0.2465 -0.1723
v  -0.1478 0.2577 -0.1293
v  -0.1251 0.3812 -0.1835
v  -0.1700 0.3765 -0.0952
v  -0.1148 0.2464 -0.0747
v  -0.0434 0.3763 -0.2042
v  -0.0329 0.2382 -0.1917
v  0.0333 0.2059 -0.1059
v  -0.0014 0.2175 -0.0539
v  -0.0605 0.2386 -0.0376
v  -0.0663 0.3750 -0.0326
v  -0.1300 0.1560 -0.1304
v  -0.1151 0.1563 -0.0708
v  -0.0932 0.1557 -0.1880
v  -0.0328 0.1552 -0.1896
v  0.0428 0.1546 -0.1088
v  -0.0007 0.1547 -0.0497
v  0.1309 0.5972 -0.1469
v  0.1203 0.5290 -0.1485
v  0.0180 0.1549 -0.1656
v  0.0164 0.2179 -0.1622
v  -0.0893 0.5554 -0.2056
v  -0.0941 0.5128 -0.1960
v  0.0476 0.3644 -0.1321
v  -0.0208 0.7376 -0.2627
v  -0.1100 0.7367 -0.2250
v  -0.0922 0.5876 -0.2154
v  -0.0122 0.5274 -0.0202
v  -0.0160 0.4992 -0.0252
v  0.0325 0.3684 -0.1712
v  -0.0607 0.1550 -0.0330
v  0.0658 0.6892 -0.0374
v  0.1282 0.7086 -0.0817
v  0.0601 0.4707 -0.1815
v  -0.0324 0.4952 -0.2216
v  0.1230 0.5911 -0.0783
v  0.0622 0.5759 -0.0381
v  -0.0063 0.5722 -0.0213
v  -0.0861 0.5753 -0.0476
v  -0.1582 0.7191 -0.1233
v  -0.1366 0.5781 -0.1151
v  0.0918 0.4552 -0.1388
v  0.0570 0.5268 -0.0349
v  0.1215 0.5225 -0.0814
v  0.0942 0.7355 0.0219
v  0.1747 0.7752 0.0467
v  0.1460 0.7781 0.1513
v  0.1791 0.8653 0.1586
v  0.0920 0.8100 0.2284
v  0.1006 1.3896 0.1252
v  0.0518 1.3893 0.1583
v  0.1206 1.3054 0.1359
v  -0.1886 1.0422 0.1470
v  -0.2087 0.9329 0.1520
v  -0.1124 1.0039 0.2508
v  -0.1670 1.5047 0.0615
v  -0.1585 1.5047 0.1162
v  -0.1504 1.5633 0.0666
v  -0.1454 1.5599 0.1158
v  0.1088 0.9130 0.2561
v  -0.0225 0.8300 0.2937
v  -0.0187 0.9424 0.2982
v  -0.1782 0.7963 0.1312
v  -0.1267 0.8197 0.2441
v  -0.1917 0.8527 0.1401
v  0.0549 1.5594 0.0605
v  0.0442 1.5554 0.1135
v  0.0901 1.5088 0.0646
v  0.0683 1.5084 0.1170
v  0.1176 1.4541 0.0694
v  0.0880 1.4600 0.1209
v  0.1448 1.3907 0.0661
v  0.0057 1.3901 0.1690
v  -0.0524 1.3906 0.1798
v  -0.0430 1.3077 0.1933
v  0.1455 1.2571 0.1487
v  0.1779 1.3014 0.0749
v  -0.1247 1.5827 0.1158
v  -0.1882 0.8329 0.0201
v  -0.1285 0.7709 0.0125
v  -0.1207 0.9219 0.2574
v  -0.0998 1.3912 0.1612
v  -0.0871 1.3074 0.1716
v  -0.1450 1.5055 0.1422
v  -0.1368 1.5549 0.1429
v  -0.1593 0.7907 0.0505
v  -0.1406 0.7692 0.0494
v  -0.0590 1.4214 0.1729
v  -0.0014 1.4354 0.1653
v  0.0494 1.4655 0.1488
v  -0.1657 1.1775 0.1275
v  -0.1591 1.3071 0.1247
v  -0.2090 1.1737 0.0635
v  -0.1843 1.3076 0.0614
v  0.0416 1.3080 0.1789
v  0.2320 1.1857 0.0782
v  -0.0966 1.1880 0.2006
v  0.1402 0.7440 0.0763
v  0.2548 0.8991 0.0817
v  0.0268 1.5749 0.1187
v  0.0063 1.5977 0.1165
v  0.0035 1.5872 0.1460
v  0.0485 1.5078 0.1421
v  0.0367 1.5543 0.1431
v  -0.0617 0.7406 0.0076
v  -0.1298 0.7594 0.0210
v  -0.0991 1.6094 0.0970
v  -0.0999 1.6005 0.1161
v  -0.0513 1.6100 0.1147
v  -0.1048 1.5866 0.1452
v  -0.0525 1.5987 0.1456
v  -0.0296 1.2002 0.2325
v  0.0849 1.1950 0.2215
v  -0.1594 1.3912 0.1237
v  -0.1798 1.3919 0.0651
v  -0.1596 1.4506 0.1176
v  -0.1368 1.4616 0.1479
v  -0.1757 1.4506 0.0642
v  0.1005 1.0854 0.2507
v  -0.0247 1.0945 0.2700
v  0.1888 1.1573 0.1628
v  0.2649 1.0387 0.0919
v  0.2045 1.0195 0.1738
v  0.1104 0.9900 0.2619
v  0.2077 0.9299 0.1610
v  0.0456 0.7273 0.0094
v  0.0054 0.7275 0.0054
v  0.0049 0.7106 0.0085
v  0.0777 0.7151 0.0319
v  -0.1045 1.0804 0.2330
v  -0.0208 1.0190 0.2913
v  -0.2069 0.8684 0.1000
v  -0.2248 0.9861 0.1071
v  -0.2167 0.8772 0.0636
v  -0.1853 0.8166 0.0423
v  0.0338 1.5832 0.0926
v  -0.2308 1.0516 0.0736
v  -0.2415 1.0536 0.0365
v  -0.2210 0.8818 0.0286
v  -0.2405 0.9348 0.0457
v  -0.2417 0.9942 0.0643
v  -0.2514 1.0330 0.0208
v  -0.2530 1.0027 0.0242
v  0.0474 1.5819 0.0558
v  0.0357 1.5908 0.0510
v  0.0436 1.6023 0.0495
v  0.0346 1.6155 0.0464
v  0.0193 1.6259 0.0372
v  -0.1450 1.5827 0.0575
v  -0.1354 1.5982 0.0494
v  -0.1329 1.6156 0.0497
v  -0.1271 1.6298 0.0494
v  -0.1172 1.6405 0.0435
v  -0.1089 1.6375 0.0373
v  -0.0976 1.6183 0.0911
v  -0.0513 1.6220 0.1091
v  0.0021 1.6119 0.1088
v  -0.0927 1.6242 0.0837
v  -0.0513 1.6257 0.0984
v  -0.0074 1.6232 0.0858
v  -0.0939 1.6350 0.0775
v  -0.0517 1.6379 0.0908
v  -0.0097 1.6344 0.0812
v  -0.0897 1.6366 0.0659
v  -0.0513 1.6394 0.0769
v  -0.0141 1.6362 0.0656
v  0.0226 1.5909 0.0797
v  0.0245 1.6010 0.0765
v  0.0194 1.6126 0.0728
v  0.0092 1.6209 0.0673
v  0.0329 1.5728 0.0984
v  0.0074 1.6304 0.0633
v  0.0049 1.6350 0.0517
v  0.0134 1.6326 0.0339
v  -0.1303 1.5883 0.0850
v  0.1595 -0.0020 -0.0076
v  0.2060 -0.0020 0.0145
v  0.2095 -0.0020 0.1142
v  0.2462 -0.0020 0.1021
v  -0.0427 -0.0020 0.2148
v  -0.1457 -0.0020 0.1290
v  0.0034 -0.0020 0.2244
v  0.2407 -0.0020 0.1375
v  0.1263 -0.0020 0.2423
v  0.0513 -0.0020 0.2378
v  0.1791 -0.0020 0.2405
v  0.2125 -0.0020 0.2093
v  -0.1108 -0.0020 0.1924
v  0.1296 -0.0020 -0.0014
v  0.0620 -0.0020 0.0138
v  -0.0176 -0.0020 0.0348
v  -0.0710 -0.0020 0.0346
v  -0.1263 -0.0020 0.0701
v  -0.0090 0.1196 0.0426
v  0.0510 0.1206 0.1097
v  0.1105 0.0862 0.0310
v  0.1446 0.0967 0.1097
v  0.0123 0.1202 0.1731
v  0.1229 0.0948 0.1685
v  0.1644 0.0596 0.0223
v  0.2090 0.0662 0.0978
v  0.2017 0.0671 0.1344
v  0.1772 0.0606 0.1932
v  0.1754 0.0685 0.1139
v  0.0981 0.0922 0.2037
v  0.1574 0.0563 0.2263
v  0.0981 0.0615 0.0090
v  0.1360 0.0403 -0.0018
v  -0.1368 0.1205 0.1314
v  -0.1221 0.1184 0.0653
v  -0.1493 0.0696 0.1308
v  -0.1371 0.0691 0.0663
v  -0.0393 0.1204 0.1931
v  -0.0924 0.1203 0.1909
v  -0.0407 0.0718 0.2091
v  -0.1085 0.0784 0.1970
v  0.0651 0.0462 0.2266
v  0.0022 0.0652 0.2109
v  -0.0643 0.1202 0.0355
v  -0.0826 0.0682 0.0267
v  -0.0206 0.0648 0.0304
v  0.0684 0.0166 0.0138
v  -0.2595 1.0015 0.0226
v  -0.2671 1.0288 0.0192
v  -0.2813 0.9842 0.0194
v  -0.2967 0.9961 0.0160
v  -0.3148 0.9316 0.0144
v  -0.3276 0.9380 0.0119
v  -0.3630 0.8462 0.0093
v  -0.3718 0.8495 0.0077
v  -0.4063 0.7927 0.0084
v  -0.4119 0.7987 0.0070
v  -0.4534 0.7530 0.0088
v  -0.4574 0.7608 0.0073
v  0.0033 0.6844 0.0158
v  -0.0957 0.7139 0.0437
v  0.1346 0.7190 0.1484
v  0.0869 0.7327 0.2129
v  -0.1350 0.5493 0.1096
v  -0.0871 0.5388 0.0460
v  -0.1374 0.5169 0.1082
v  -0.0895 0.5056 0.0468
v  -0.0291 0.5427 0.2350
v  0.0749 0.5374 0.2075
v  -0.0268 0.5915 0.2460
v  0.0806 0.5961 0.2085
v  0.0476 0.3628 0.0927
v  0.0108 0.3661 0.0519
v  0.0977 0.4584 0.0864
v  0.0493 0.4789 0.0406
v  -0.1009 0.2465 0.1723
v  -0.1251 0.3812 0.1835
v  -0.1478 0.2577 0.1293
v  -0.1700 0.3765 0.0952
v  -0.1148 0.2464 0.0747
v  -0.0434 0.3763 0.2042
v  -0.0329 0.2382 0.1917
v  0.0333 0.2059 0.1059
v  -0.0014 0.2175 0.0539
v  -0.0605 0.2386 0.0376
v  -0.0663 0.3750 0.0326
v  -0.1300 0.1560 0.1304
v  -0.1151 0.1563 0.0708
v  -0.0932 0.1557 0.1880
v  -0.0328 0.1552 0.1896
v  0.0428 0.1546 0.1088
v  -0.0007 0.1547 0.0497
v  0.1309 0.5972 0.1469
v  0.1203 0.5290 0.1485
v  0.0180 0.1549 0.1656
v  0.0164 0.2179 0.1622
v  -0.0893 0.5554 0.2056
v  -0.0941 0.5128 0.1960
v  0.0476 0.3644 0.1321
v  -0.0208 0.7376 0.2627
v  -0.1100 0.7367 0.2250
v  -0.0922 0.5876 0.2154
v  -0.0122 0.5274 0.0202
v  -0.0160 0.4992 0.0252
v  0.0325 0.3684 0.1712
v  -0.0607 0.1550 0.0330
v  0.0658 0.6892 0.0374
v  0.1282 0.7086 0.0817
v  0.0601 0.4707 0.1815
v  -0.0324 0.4952 0.2216
v  0.1230 0.5911 0.0783
v  0.0622 0.5759 0.0381
v  -0.0063 0.5722 0.0213
v  -0.0861 0.5753 0.0476
v  -0.1582 0.7191 0.1233
v  -0.1366 0.5781 0.1151
v  0.0918 0.4552 0.1388
v  0.0570 0.5268 0.0349
v  0.1215 0.5225 0.0814
# 901 vertices

vn -0.9578 0.2875 0.0000
vn 0.2085 0.9636 -0.1675
vn 0.5423 0.8402 -0.0000
vn -0.7482 -0.0300 0.6628
vn 0.2506 -0.9352 -0.2501
vn 0.0650 -0.9979 -0.0000
vn 0.1085 0.9211 -0.3739
vn -0.1828 0.1052 0.9775
vn 0.0523 -0.9633 -0.2631
vn 0.0289 0.8703 -0.4917
vn 0.4870 0.1804 0.8546
vn -0.4189 -0.8733 -0.2489
vn -0.1599 0.8735 -0.4599
vn 0.7916 -0.0021 0.6110
vn -0.4476 -0.8942 0.0095
vn -0.0465 0.9989 0.0000
vn 0.9699 -0.2435 0.0000
vn -0.3058 -0.9521 0.0000
vn 0.2085 0.9636 0.1675
vn -0.7482 -0.0300 -0.6628
vn 0.2506 -0.9352 0.2501
vn 0.1085 0.9211 0.3739
vn -0.1828 0.1052 -0.9775
vn 0.0523 -0.9633 0.2631
vn 0.0289 0.8703 0.4917
vn 0.4870 0.1804 -0.8546
vn -0.4189 -0.8733 0.2489
vn -0.1599 0.8735 0.4599
vn 0.7916 -0.0021 -0.6110
vn -0.4476 -0.8942 -0.0095
vn -0.0000 0.0000 1.0000
vn -0.3384 0.2596 0.9045
vn -0.3515 -0.2416 0.9045
vn -0.7872 0.0206 0.6163
vn -0.6943 -0.4772 0.5387
vn -0.6684 0.5129 0.5387
vn 0.1424 0.4020 0.9045
vn -0.2237 0.7551 0.6163
vn 0.2812 0.7942 0.5387
vn 0.4264 -0.0112 0.9045
vn 0.6490 0.4461 0.6163
vn 0.8422 -0.0221 0.5387
vn 0.1211 -0.4089 0.9045
vn 0.6248 -0.4794 0.6163
vn 0.2393 -0.8078 0.5387
vn -0.2629 -0.7423 0.6163
vn -0.9588 -0.2840 -0.0000
vn -0.6088 -0.7934 -0.0000
vn -0.6490 -0.4460 -0.6163
vn -0.2812 -0.7942 -0.5387
vn -0.8422 0.0221 -0.5387
vn -0.5664 0.8241 0.0000
vn -0.9426 0.3338 0.0000
vn -0.6248 0.4794 -0.6163
vn -0.2393 0.8078 -0.5387
vn 0.6088 0.7934 0.0000
vn 0.0262 0.9997 0.0000
vn 0.2629 0.7423 -0.6163
vn 0.6943 0.4772 -0.5387
vn 0.9426 -0.3338 -0.0000
vn 0.9588 0.2840 -0.0000
vn 0.7872 -0.0206 -0.6163
vn 0.6684 -0.5129 -0.5387
vn -0.0262 -0.9997 -0.0000
vn 0.5664 -0.8241 -0.0000
vn 0.2237 -0.7551 -0.6163
vn 0.0000 -0.0000 -1.0000
vn -0.4264 0.0112 -0.9045
vn -0.1211 0.4089 -0.9045
vn 0.3515 0.2416 -0.9045
vn 0.3384 -0.2596 -0.9045
vn -0.1424 -0.4020 -0.9045
vn 0.9924 -0.1227 0.0000
vn 0.5861 0.5490 -0.5960
vn 0.7628 0.6467 0.0000
vn 0.8695 -0.1593 -0.4675
vn 0.4408 -0.4667 0.7667
vn 0.5861 0.5490 0.5959
vn 0.0314 0.1745 0.9842
vn 0.8695 -0.1593 0.4675
vn -0.1883 -0.8465 -0.4979
vn -0.7129 -0.3313 0.6181
vn -0.7129 -0.3313 -0.6181
vn -0.1883 -0.8466 0.4978
vn 0.4408 -0.4667 -0.7668
vn 0.0314 0.1745 -0.9842
vn 0.2402 0.8139 0.5290
vn 0.6227 0.7825 0.0000
vn 0.4255 0.9050 0.0000
vn 0.4333 0.6994 0.5684
vn -0.8597 0.1356 0.4925
vn -0.0818 0.3465 0.9345
vn -0.2025 0.5380 0.8182
vn -0.8129 -0.1224 0.5694
vn -0.8597 0.1356 -0.4925
vn -0.8129 -0.1224 -0.5694
vn 0.2402 0.8139 -0.5290
vn -0.0818 0.3465 -0.9345
vn -0.2025 0.5380 -0.8182
vn 0.4333 0.6994 -0.5684
vn -0.5277 0.8494 -0.0000
vn 0.0618 -0.9350 0.3493
vn 0.3868 -0.7120 0.5860
vn 0.8125 -0.5011 -0.2978
vn 0.8125 -0.5012 0.2978
vn 0.3868 -0.7120 -0.5860
vn 0.0618 -0.9350 -0.3493
vn -0.1009 -0.9949 0.0000
vn -0.5146 -0.6312 0.5803
vn 0.0357 -0.2843 0.9581
vn 0.7732 0.2117 -0.5978
vn 0.7732 0.2117 0.5978
vn 0.0357 -0.2843 -0.9581
vn -0.6883 -0.7255 -0.0000
vn -0.5146 -0.6312 -0.5803
vn 0.5417 -0.8406 -0.0000
vn -0.7245 -0.6828 -0.0944
vn -0.0059 -0.9999 -0.0087
vn -0.6339 -0.7473 -0.1993
vn 0.0202 -0.9993 -0.0313
vn -0.7755 0.6209 -0.1144
vn -0.6188 0.7728 -0.1410
vn -0.0339 0.9976 -0.0605
vn 0.0121 0.9979 0.0637
vn -0.9329 0.0305 -0.3588
vn -0.9889 0.0101 -0.1485
vn -0.0140 0.9950 -0.0988
vn -0.6463 0.7608 0.0589
vn -0.0176 0.9952 -0.0967
vn -0.7032 0.6929 -0.1591
vn 0.6547 -0.7507 -0.0889
vn 0.5956 -0.8004 -0.0681
vn -0.0249 -0.9996 -0.0116
vn 0.0006 -0.9965 -0.0842
vn -0.1793 0.9837 0.0122
vn 0.0067 0.9989 -0.0473
vn -0.4869 0.8733 0.0166
vn -0.9727 0.0377 0.2289
vn -0.8915 0.0313 0.4519
vn -0.9936 -0.0543 -0.0993
vn 0.4680 -0.8248 -0.3172
vn -0.0481 -0.9901 -0.1315
vn -0.6168 -0.7835 0.0755
vn -0.4929 -0.8191 0.2933
vn -0.7364 -0.6702 -0.0925
vn -0.9984 0.0210 0.0520
vn -0.9360 0.0307 -0.3506
vn -0.6255 -0.7802 -0.0086
vn -0.4925 -0.8104 -0.3175
vn 0.6966 0.7163 -0.0409
vn 0.6254 0.7799 -0.0264
vn 0.6812 0.7106 -0.1759
vn 0.6444 0.7646 -0.0091
vn 0.6398 0.7677 -0.0359
vn 0.6490 -0.4585 -0.6071
vn 0.2765 -0.6515 -0.7065
vn -0.0280 0.9650 -0.2607
vn -0.5232 0.8168 -0.2433
vn -0.8982 0.3432 -0.2747
vn -0.0695 -0.6137 -0.7864
vn -0.7523 -0.5661 -0.3371
vn -0.9628 -0.0570 -0.2641
vn 0.9996 -0.0285 -0.0071
vn 0.9495 -0.1572 -0.2716
vn 0.9988 -0.0478 -0.0135
vn 0.1485 -0.9853 -0.0848
vn -0.1092 -0.9853 0.1315
vn -0.6991 -0.6978 0.1561
vn 0.6364 -0.7651 0.0983
vn 0.6639 -0.7412 -0.0990
vn -0.8504 0.5256 -0.0238
vn -0.9900 0.0425 0.1343
vn 0.8933 -0.3235 0.3120
vn 0.9182 -0.2053 0.3389
vn 0.6787 0.7264 0.1084
vn -0.0112 -0.9388 0.3442
vn 0.5365 -0.7877 0.3027
vn 0.5448 -0.8155 0.1955
vn 0.6605 0.7047 0.2591
vn -0.0810 0.9897 0.1180
vn -0.1995 0.9797 -0.0199
vn 0.9973 -0.0234 -0.0691
vn 0.9994 -0.0083 -0.0342
vn -0.7040 0.6716 0.2311
vn -0.9696 0.1277 0.2085
vn 0.8595 0.3283 -0.3917
vn 0.5263 0.7823 -0.3332
vn 0.8932 0.0708 -0.4441
vn -0.7701 -0.6068 0.1969
vn -0.1438 -0.9889 -0.0371
vn 0.6840 -0.6010 -0.4135
vn 0.0139 -0.4331 -0.9012
vn 0.6808 0.0423 -0.7312
vn -0.3050 0.2182 -0.9270
vn -0.5384 -0.8133 -0.2204
vn 0.2157 -0.7988 -0.5615
vn 0.0905 -0.8381 -0.5380
vn -0.6876 -0.7200 0.0941
vn 0.2020 0.2754 -0.9399
vn -0.5109 -0.7405 -0.4365
vn 0.1469 -0.7303 -0.6671
vn -0.8000 -0.3554 -0.4834
vn -0.4514 0.0575 -0.8905
vn 0.6482 -0.6298 -0.4280
vn 0.4101 0.8909 0.1951
vn -0.0686 0.9828 0.1717
vn -0.4035 0.9028 0.1485
vn 0.4678 0.8812 0.0684
vn -0.3262 0.9361 -0.1314
vn 0.0839 0.9846 -0.1531
vn -0.5024 0.8635 -0.0445
vn -0.1617 0.9701 -0.1808
vn -0.8175 0.5251 0.2367
vn -0.8855 0.4640 0.0234
vn 0.8603 0.4201 0.2888
vn 0.9593 0.2769 0.0561
vn -0.0862 -0.8688 0.4875
vn 0.6883 -0.6187 0.3788
vn -0.0074 -0.9572 0.2894
vn 0.5812 -0.8108 -0.0691
vn -0.9734 -0.1289 0.1896
vn -0.6754 -0.6887 0.2638
vn -0.5389 -0.8288 0.1506
vn -0.9919 -0.0132 0.1263
vn -0.9696 -0.0921 0.2268
vn -0.7002 -0.5832 -0.4118
vn 0.9624 -0.1959 0.1884
vn 0.9646 -0.0726 0.2537
vn 0.7922 -0.5928 -0.1448
vn 0.7245 -0.6441 -0.2454
vn 0.9804 -0.1835 0.0722
vn 0.6891 -0.6387 -0.3423
vn 0.1746 -0.7859 -0.5932
vn 0.0631 -0.9444 -0.3226
vn -0.7245 -0.6828 0.0944
vn -0.6339 -0.7473 0.1993
vn -0.0059 -0.9999 0.0087
vn 0.0202 -0.9993 0.0313
vn -0.7755 0.6209 0.1144
vn -0.0339 0.9976 0.0605
vn -0.6188 0.7728 0.1410
vn 0.0121 0.9979 -0.0637
vn -0.9329 0.0305 0.3588
vn -0.9889 0.0101 0.1485
vn -0.0140 0.9950 0.0988
vn -0.0176 0.9952 0.0967
vn -0.6463 0.7608 -0.0589
vn -0.7032 0.6929 0.1591
vn 0.6547 -0.7507 0.0889
vn -0.0249 -0.9996 0.0117
vn 0.5956 -0.8004 0.0681
vn 0.0006 -0.9965 0.0842
vn -0.1793 0.9837 -0.0122
vn 0.0067 0.9989 0.0473
vn -0.9727 0.0377 -0.2289
vn -0.4869 0.8733 -0.0166
vn -0.8915 0.0313 -0.4519
vn -0.9936 -0.0543 0.0993
vn 0.4680 -0.8248 0.3172
vn -0.0481 -0.9901 0.1315
vn -0.6168 -0.7835 -0.0755
vn -0.4929 -0.8191 -0.2933
vn -0.7364 -0.6702 0.0925
vn -0.9984 0.0210 -0.0520
vn -0.6255 -0.7802 0.0086
vn -0.9360 0.0307 0.3506
vn -0.4925 -0.8104 0.3175
vn 0.6966 0.7163 0.0409
vn 0.6254 0.7799 0.0264
vn 0.6812 0.7106 0.1759
vn 0.6444 0.7646 0.0091
vn 0.6398 0.7677 0.0359
vn 0.2765 -0.6515 0.7065
vn 0.6490 -0.4585 0.6071
vn -0.0280 0.9650 0.2607
vn -0.5232 0.8168 0.2433
vn -0.8982 0.3432 0.2747
vn -0.0695 -0.6137 0.7864
vn -0.7523 -0.5661 0.3371
vn -0.9628 -0.0570 0.2641
vn 0.9996 -0.0285 0.0071
vn 0.9495 -0.1572 0.2716
vn 0.9988 -0.0478 0.0135
vn 0.1485 -0.9853 0.0848
vn -0.1092 -0.9853 -0.1315
vn -0.6991 -0.6978 -0.1561
vn 0.6364 -0.7651 -0.0983
vn 0.6639 -0.7412 0.0990
vn -0.9900 0.0425 -0.1343
vn -0.8504 0.5256 0.0238
vn 0.8933 -0.3235 -0.3120
vn 0.6787 0.7264 -0.1084
vn 0.9182 -0.2053 -0.3389
vn -0.0112 -0.9388 -0.3442
vn 0.5365 -0.7877 -0.3027
vn 0.5448 -0.8155 -0.1955
vn 0.6605 0.7047 -0.2591
vn -0.0810 0.9897 -0.1180
vn -0.1995 0.9797 0.0199
vn 0.9973 -0.0234 0.0691
vn 0.9994 -0.0083 0.0342
vn -0.9696 0.1277 -0.2085
vn -0.7040 0.6716 -0.2311
vn 0.8595 0.3283 0.3917
vn 0.5263 0.7823 0.3332
vn 0.8932 0.0708 0.4441
vn -0.7701 -0.6068 -0.1969
vn -0.1438 -0.9889 0.0371
vn 0.6840 -0.6010 0.4135
vn 0.6808 0.0423 0.7312
vn 0.0139 -0.4331 0.9012
vn -0.3050 0.2182 0.9270
vn -0.5384 -0.8133 0.2204
vn -0.6876 -0.7200 -0.0941
vn 0.0905 -0.8381 0.5380
vn 0.2157 -0.7988 0.5615
vn 0.2020 0.2754 0.9399
vn -0.5109 -0.7405 0.4365
vn 0.1469 -0.7303 0.6671
vn -0.8000 -0.3554 0.4834
vn -0.4514 0.0575 0.8905
vn 0.6482 -0.6298 0.4280
vn 0.4101 0.8909 -0.1951
vn -0.0686 0.9828 -0.1717
vn -0.4035 0.9028 -0.1485
vn 0.4678 0.8812 -0.0684
vn -0.3262 0.9361 0.1314
vn 0.0839 0.9846 0.1531
vn -0.5024 0.8635 0.0445
vn -0.1617 0.9701 0.1808
vn -0.8175 0.5251 -0.2367
vn -0.8855 0.4640 -0.0234
vn 0.8603 0.4201 -0.2888
vn 0.9593 0.2769 -0.0561
vn -0.0862 -0.8689 -0.4875
vn 0.6883 -0.6187 -0.3788
vn -0.0074 -0.9572 -0.2894
vn 0.5812 -0.8108 0.0691
vn -0.9734 -0.1289 -0.1896
vn -0.6754 -0.6887 -0.2638
vn -0.5389 -0.8288 -0.1506
vn -0.9919 -0.0132 -0.1263
vn -0.9696 -0.0921 -0.2268
vn -0.7002 -0.5832 0.4118
vn 0.9624 -0.1959 -0.1884
vn 0.9646 -0.0726 -0.2537
vn 0.7922 -0.5928 0.1448
vn 0.7245 -0.6441 0.2454
vn 0.9804 -0.1835 -0.0722
vn 0.6891 -0.6387 0.3423
vn 0.1746 -0.7859 0.5932
vn 0.0631 -0.9444 0.3227
vn 0.3899 -0.9209 0.0000
vn 0.4150 -0.8141 0.4062
vn 0.7231 -0.6908 0.0000
vn 0.6997 -0.7101 -0.0782
vn 0.8880 -0.2841 -0.3615
vn 0.5976 -0.2562 -0.7597
vn 0.7410 -0.3939 -0.5438
vn 0.6739 0.2077 -0.7090
vn 0.5896 0.3628 -0.7216
vn 0.3967 0.1710 -0.9019
vn -0.7991 0.1944 -0.5690
vn -0.5919 0.1737 -0.7871
vn -0.8699 -0.0692 -0.4883
vn -0.9725 0.2050 -0.1108
vn -0.9311 0.3392 -0.1343
vn -0.9452 0.1280 -0.3002
vn -0.8638 0.4432 -0.2397
vn -0.0077 -0.1953 -0.9807
vn 0.5368 -0.1705 -0.8263
vn -0.0514 0.0209 -0.9985
vn -0.9567 -0.2744 -0.0970
vn -0.9007 -0.2867 -0.3263
vn -0.6728 -0.1850 -0.7163
vn 0.8537 0.4771 -0.2086
vn 0.8359 0.4897 -0.2480
vn 0.7970 0.5601 -0.2259
vn 0.8128 0.3724 -0.4479
vn 0.8495 0.4081 -0.3342
vn 0.8416 0.3277 -0.4293
vn 0.7395 0.2642 -0.6192
vn 0.2016 0.1552 -0.9671
vn -0.1381 0.2329 -0.9626
vn -0.1020 0.1553 -0.9826
vn 0.6093 0.4220 -0.6713
vn 0.8218 0.3793 -0.4251
vn 0.8844 0.4667 -0.0000
vn 0.9268 0.3755 -0.0000
vn 0.9240 0.3823 -0.0000
vn -0.6620 0.6996 -0.2689
vn -0.9842 0.1769 0.0000
vn -0.9666 0.2563 0.0000
vn -0.8169 -0.5700 0.0880
vn -0.5759 -0.6252 0.5268
vn -0.7646 -0.6445 0.0000
vn -0.5836 -0.8120 0.0000
vn -0.6084 0.0116 -0.7935
vn -0.4336 0.0225 -0.9008
vn -0.5154 0.1109 -0.8497
vn -0.8785 0.0549 -0.4745
vn -0.8590 0.3961 -0.3244
vn -0.7607 -0.6408 0.1030
vn -0.7916 -0.5709 0.2179
vn -0.1254 0.0027 -0.9921
vn 0.2705 -0.1878 -0.9442
vn 0.6208 0.0088 -0.7839
vn -0.7651 0.1606 -0.6236
vn -0.8863 0.1786 -0.4274
vn -0.7582 0.0521 -0.6499
vn -0.9518 0.1043 -0.2884
vn 0.2957 0.3016 -0.9064
vn 0.8568 0.3335 -0.3933
vn 0.9369 0.3496 -0.0000
vn -0.6022 0.2486 -0.7586
vn -0.9892 0.1464 0.0000
vn -0.9766 0.2152 0.0000
vn 0.8320 -0.5425 0.1163
vn 0.8707 -0.3327 -0.3623
vn 0.7354 0.6168 -0.2805
vn 0.4557 0.8469 -0.2742
vn 0.5348 0.7054 -0.4652
vn 0.7986 0.1916 -0.5706
vn 0.8256 0.4627 -0.3231
vn 0.8316 0.5554 -0.0000
vn -0.6512 -0.5681 0.5033
vn -0.3512 -0.7796 0.5185
vn -0.4924 0.6913 -0.5288
vn -0.0789 0.7382 -0.6699
vn -0.3755 0.8561 -0.3553
vn -0.4477 0.8340 -0.3224
vn -0.0254 0.9556 -0.2936
vn -0.1666 0.3270 -0.9302
vn 0.3399 0.3586 -0.8694
vn -0.7970 0.0022 -0.6040
vn -0.9707 0.0671 -0.2307
vn -0.9953 0.0965 0.0000
vn -0.9070 0.0411 -0.4191
vn -0.7343 -0.1554 -0.6608
vn -0.9727 0.1199 -0.1986
vn -0.9900 0.1407 0.0000
vn 0.4158 0.2145 -0.8838
vn -0.1532 0.2850 -0.9462
vn 0.7044 0.2730 -0.6552
vn 0.9180 0.0531 -0.3930
vn 0.9989 0.0468 0.0000
vn 0.7431 0.0322 -0.6684
vn 0.7661 -0.1789 -0.6173
vn 0.4878 0.0364 -0.8722
vn 0.1085 -0.9941 -0.0000
vn 0.1124 -0.9655 0.2349
vn 0.0095 -0.7173 0.6967
vn -0.0963 -0.9954 0.0000
vn 0.1190 -0.2363 0.9644
vn 0.4471 -0.5264 0.7232
vn -0.6007 0.2508 -0.7591
vn 0.9408 -0.3390 0.0000
vn -0.1064 0.1699 -0.9797
vn -0.9187 -0.3578 -0.1670
vn -0.9099 0.1147 -0.3987
vn -0.8904 -0.4373 -0.1265
vn -0.8197 -0.5665 0.0853
vn 0.8874 0.4610 -0.0000
vn 0.7636 0.5779 -0.2881
vn -0.3451 -0.9386 0.0000
vn -0.9016 0.1498 -0.4058
vn -0.9371 0.1700 -0.3049
vn -0.9168 0.3994 -0.0000
vn -0.8938 -0.4484 0.0000
vn -0.8900 -0.4548 -0.0323
vn -0.9652 -0.2614 0.0000
vn -0.9618 -0.2243 -0.1566
vn -0.5231 -0.8523 0.0000
vn -0.9450 0.0089 -0.3271
vn -0.7188 0.3315 -0.6110
vn -0.7565 -0.3394 -0.5590
vn 0.7640 0.6105 -0.2090
vn 0.9015 0.4327 -0.0000
vn 0.9226 0.2093 -0.3241
vn 0.9294 0.0790 -0.3606
vn 0.9663 0.2573 -0.0000
vn 0.9833 0.1822 -0.0000
vn 0.6311 0.7245 -0.2772
vn 0.6759 0.7370 -0.0000
vn 0.6109 0.7696 -0.1858
vn 0.5461 0.8377 -0.0000
vn -0.9687 0.2483 0.0000
vn -0.8681 0.4536 -0.2018
vn -0.9663 0.2574 0.0000
vn -0.8683 0.4101 -0.2792
vn -0.9865 0.1638 0.0000
vn -0.8738 0.2499 -0.4171
vn -0.8137 0.5812 0.0000
vn -0.7304 0.5259 -0.4359
vn -0.2071 0.9783 0.0000
vn -0.2552 0.9536 -0.1600
vn 0.2941 0.9558 -0.0000
vn 0.2840 0.9568 0.0626
vn -0.4644 0.6738 -0.5748
vn -0.0787 0.7317 -0.6770
vn 0.4329 0.6875 -0.5830
vn -0.4218 0.6594 -0.6224
vn 0.0032 0.8074 -0.5900
vn 0.4247 0.7259 -0.5410
vn -0.3670 0.7494 -0.5511
vn -0.0137 0.8177 -0.5755
vn 0.3778 0.7557 -0.5349
vn 0.0401 0.9990 0.0179
vn 0.0051 0.9985 0.0551
vn 0.0411 0.9964 0.0741
vn 0.8020 0.4904 -0.3412
vn 0.8315 0.2578 -0.4920
vn 0.6341 0.6739 -0.3792
vn 0.6450 0.6441 -0.4112
vn 0.8824 0.3736 -0.2859
vn 0.7015 0.6073 -0.3729
vn 0.2503 0.9682 -0.0072
vn 0.3263 0.9452 -0.0135
vn -0.7250 0.6283 -0.2822
vn 0.1984 0.9801 -0.0000
vn 0.0158 0.9999 0.0000
vn 0.1758 -0.5461 0.8191
vn 0.3605 -0.9290 -0.0834
vn 0.6524 -0.4493 0.6103
vn 0.8629 -0.3988 -0.3103
vn -0.1458 -0.6653 -0.7322
vn -0.1818 -0.6453 -0.7420
vn -0.7496 -0.6542 -0.1005
vn 0.8910 -0.4056 0.2037
vn -0.0110 -0.5970 -0.8022
vn -0.1212 -0.5938 -0.7954
vn 0.4003 -0.4752 -0.7836
vn 0.7359 -0.4505 -0.5055
vn -0.4978 -0.6423 -0.5828
vn -0.1574 -0.6947 0.7019
vn -0.1781 -0.6731 0.7178
vn -0.0749 -0.7570 0.6491
vn -0.1856 -0.6945 0.6952
vn -0.5638 -0.6947 0.4466
vn 0.2555 0.2803 0.9253
vn 0.2365 0.8146 0.5296
vn 0.6078 0.7908 0.0718
vn 0.3608 0.9313 0.0506
vn 0.3954 0.4527 -0.7992
vn 0.3206 0.9204 -0.2239
vn 0.4518 0.6675 0.5919
vn 0.6999 0.6759 -0.2307
vn 0.7297 0.6553 0.1951
vn 0.5946 0.6952 -0.4039
vn 0.7398 0.6704 -0.0572
vn 0.1223 0.7792 -0.6147
vn 0.3650 0.5681 -0.7376
vn -0.0376 0.3737 0.9268
vn 0.0750 0.3436 0.9361
vn -0.9547 0.2112 -0.2096
vn -0.9780 0.1025 -0.1818
vn -0.7820 0.2252 0.5811
vn -0.8442 0.0534 0.5334
vn 0.1565 0.1901 -0.9692
vn -0.0219 0.2291 -0.9732
vn -0.4637 0.2001 -0.8631
vn -0.5907 0.1689 -0.7890
vn -0.0901 0.3743 -0.9229
vn -0.0632 0.3874 -0.9197
vn -0.1545 0.0788 0.9848
vn -0.2923 0.0330 0.9558
vn -0.0602 0.0786 0.9951
vn -0.2182 0.0373 0.9752
vn 0.0178 -0.4317 -0.9018
vn -0.5737 0.8191 0.0000
vn -0.3380 0.4262 -0.8391
vn 0.7028 -0.7114 -0.0000
vn 0.2307 -0.3294 -0.9156
vn -0.8310 0.5563 0.0000
vn -0.4450 0.2316 -0.8651
vn 0.8373 -0.5468 -0.0000
vn 0.3416 -0.2737 -0.8991
vn -0.4414 0.1782 -0.8794
vn -0.9064 0.4224 0.0000
vn 0.8218 -0.5698 -0.0000
vn 0.3732 -0.2948 -0.8797
vn -0.3896 0.2209 -0.8941
vn -0.8632 0.5048 0.0000
vn 0.7139 -0.7002 0.0000
vn 0.3326 -0.3296 -0.8836
vn -0.3327 0.3252 -0.8852
vn -0.7324 0.6808 0.0000
vn 0.6470 -0.7625 0.0000
vn 0.3277 -0.3806 -0.8647
vn -0.2719 0.3341 -0.9025
vn -0.6365 0.7713 0.0000
vn 0.0331 -0.1769 0.9837
vn -0.5739 -0.3799 0.7255
vn 0.9431 -0.1330 -0.3046
vn 0.6270 -0.1361 -0.7671
vn -0.9914 0.0203 0.1289
vn -0.9834 0.1523 0.0984
vn -0.5687 0.0328 0.8219
vn -0.5362 0.0645 0.8416
vn -0.1089 -0.2472 -0.9628
vn -0.0559 -0.1512 -0.9869
vn 0.5348 -0.2380 -0.8107
vn 0.5886 -0.0695 -0.8054
vn 0.8866 -0.2902 0.3602
vn 0.8465 -0.3806 0.3723
vn 0.4756 -0.1719 0.8627
vn 0.4294 -0.1990 0.8809
vn -0.4942 -0.0249 -0.8690
vn -0.9738 -0.1575 -0.1642
vn -0.6429 -0.0054 -0.7659
vn -0.9654 0.0179 0.2603
vn -0.7152 -0.0724 0.6952
vn 0.0393 -0.1060 -0.9936
vn 0.1405 -0.0321 -0.9896
vn 0.9844 0.0439 0.1704
vn 0.5764 0.0095 0.8171
vn -0.1543 -0.0056 0.9880
vn -0.1830 -0.0523 0.9817
vn -0.9830 0.0028 -0.1836
vn -0.8008 0.1017 0.5903
vn -0.4873 0.0308 -0.8727
vn 0.2083 0.0295 -0.9776
vn 0.9776 0.1741 0.1185
vn 0.5722 0.0600 0.8179
vn 0.9574 -0.0848 -0.2762
vn 0.9097 -0.2405 -0.3386
vn 0.7233 0.0544 -0.6884
vn 0.7747 -0.0176 -0.6321
vn -0.7029 -0.1917 -0.6850
vn -0.6857 -0.0181 -0.7277
vn 0.9409 -0.2532 -0.2249
vn 0.0119 -0.2137 -0.9768
vn -0.6723 -0.2212 -0.7064
vn -0.6884 -0.1811 -0.7024
vn -0.0630 -0.0619 0.9961
vn -0.0478 -0.1060 0.9932
vn 0.6953 -0.1798 -0.6958
vn -0.1523 0.0441 0.9873
vn 0.4554 -0.1829 0.8713
vn 0.8722 -0.2082 0.4426
vn 0.5473 -0.3359 -0.7665
vn -0.0684 -0.2146 -0.9743
vn 0.8593 -0.0532 0.5087
vn 0.4180 -0.0215 0.9082
vn -0.0342 -0.0078 0.9994
vn -0.5777 0.0018 0.8163
vn -0.9675 -0.2496 0.0414
vn -0.9922 -0.0894 0.0874
vn 0.8373 -0.4078 -0.3642
vn 0.4080 -0.0859 0.9089
vn 0.8848 -0.1908 0.4251
vn 0.4150 -0.8141 -0.4062
vn 0.6997 -0.7101 0.0782
vn 0.8880 -0.2841 0.3615
vn 0.7410 -0.3939 0.5438
vn 0.5976 -0.2562 0.7597
vn 0.6739 0.2077 0.7090
vn 0.3967 0.1710 0.9019
vn 0.5896 0.3628 0.7216
vn -0.7991 0.1943 0.5690
vn -0.8699 -0.0692 0.4883
vn -0.5919 0.1737 0.7871
vn -0.9725 0.2050 0.1108
vn -0.9452 0.1280 0.3002
vn -0.9311 0.3392 0.1343
vn -0.8638 0.4432 0.2397
vn 0.5368 -0.1705 0.8263
vn -0.0077 -0.1953 0.9807
vn -0.0514 0.0209 0.9985
vn -0.9567 -0.2744 0.0970
vn -0.6728 -0.1850 0.7163
vn -0.9007 -0.2867 0.3263
vn 0.8537 0.4771 0.2086
vn 0.7970 0.5601 0.2259
vn 0.8359 0.4897 0.2480
vn 0.8128 0.3724 0.4479
vn 0.8495 0.4081 0.3342
vn 0.7395 0.2642 0.6192
vn 0.8416 0.3277 0.4293
vn 0.2016 0.1552 0.9671
vn -0.1020 0.1553 0.9826
vn -0.1381 0.2329 0.9626
vn 0.6093 0.4220 0.6713
vn 0.8218 0.3793 0.4251
vn -0.6620 0.6996 0.2689
vn -0.8169 -0.5700 -0.0880
vn -0.5759 -0.6252 -0.5268
vn -0.6084 0.0116 0.7935
vn -0.4336 0.0225 0.9008
vn -0.5154 0.1109 0.8497
vn -0.8785 0.0549 0.4745
vn -0.8590 0.3961 0.3244
vn -0.7607 -0.6409 -0.1029
vn -0.7916 -0.5709 -0.2179
vn -0.1254 0.0027 0.9921
vn 0.2705 -0.1878 0.9442
vn 0.6208 0.0088 0.7839
vn -0.7651 0.1606 0.6236
vn -0.7582 0.0521 0.6499
vn -0.8863 0.1786 0.4274
vn -0.9518 0.1043 0.2884
vn 0.2957 0.3016 0.9064
vn 0.8568 0.3335 0.3933
vn -0.6022 0.2486 0.7586
vn 0.8320 -0.5425 -0.1163
vn 0.8707 -0.3327 0.3623
vn 0.7354 0.6168 0.2805
vn 0.5348 0.7054 0.4652
vn 0.4557 0.8469 0.2742
vn 0.7986 0.1916 0.5706
vn 0.8256 0.4627 0.3231
vn -0.3512 -0.7796 -0.5184
vn -0.6512 -0.5681 -0.5033
vn -0.4924 0.6913 0.5288
vn -0.3755 0.8561 0.3553
vn -0.0789 0.7382 0.6699
vn -0.4477 0.8340 0.3224
vn -0.0254 0.9556 0.2936
vn -0.1666 0.3270 0.9302
vn 0.3399 0.3586 0.8694
vn -0.7970 0.0022 0.6040
vn -0.9707 0.0671 0.2307
vn -0.9070 0.0411 0.4191
vn -0.7343 -0.1554 0.6608
vn -0.9727 0.1199 0.1986
vn 0.4158 0.2145 0.8838
vn -0.1532 0.2850 0.9462
vn 0.7044 0.2730 0.6552
vn 0.9180 0.0531 0.3930
vn 0.7431 0.0322 0.6684
vn 0.4878 0.0364 0.8722
vn 0.7661 -0.1789 0.6173
vn 0.1124 -0.9655 -0.2349
vn 0.0095 -0.7173 -0.6967
vn 0.1190 -0.2363 -0.9644
vn 0.4471 -0.5264 -0.7232
vn -0.6007 0.2508 0.7591
vn -0.1064 0.1699 0.9797
vn -0.9187 -0.3578 0.1670
vn -0.9099 0.1147 0.3987
vn -0.8904 -0.4373 0.1265
vn -0.8197 -0.5665 -0.0853
vn 0.7636 0.5779 0.2881
vn -0.9016 0.1498 0.4058
vn -0.9371 0.1700 0.3049
vn -0.8900 -0.4548 0.0323
vn -0.9618 -0.2243 0.1566
vn -0.9450 0.0089 0.3271
vn -0.7188 0.3315 0.6110
vn -0.7565 -0.3394 0.5590
vn 0.7640 0.6105 0.2090
vn 0.9226 0.2093 0.3241
vn 0.9294 0.0790 0.3606
vn 0.6311 0.7245 0.2772
vn 0.6109 0.7696 0.1858
vn -0.8681 0.4536 0.2018
vn -0.8683 0.4101 0.2792
vn -0.8738 0.2499 0.4171
vn -0.7304 0.5259 0.4359
vn -0.2552 0.9536 0.1600
vn 0.2840 0.9568 -0.0626
vn -0.4644 0.6738 0.5748
vn -0.0787 0.7317 0.6770
vn 0.4329 0.6876 0.5830
vn -0.4218 0.6594 0.6224
vn 0.0032 0.8074 0.5900
vn 0.4247 0.7259 0.5410
vn -0.3670 0.7494 0.5511
vn -0.0137 0.8177 0.5755
vn 0.3778 0.7557 0.5349
vn 0.0401 0.9990 -0.0179
vn 0.0051 0.9985 -0.0551
vn 0.0411 0.9964 -0.0741
vn 0.8020 0.4904 0.3412
vn 0.8315 0.2578 0.4920
vn 0.6341 0.6739 0.3792
vn 0.6450 0.6441 0.4112
vn 0.8824 0.3736 0.2859
vn 0.7015 0.6073 0.3729
vn 0.2503 0.9682 0.0072
vn 0.3263 0.9452 0.0135
vn -0.7250 0.6283 0.2822
vn 0.1758 -0.5461 -0.8191
vn 0.6524 -0.4493 -0.6103
vn 0.3605 -0.9290 0.0834
vn 0.8629 -0.3988 0.3103
vn -0.1458 -0.6653 0.7322
vn -0.7496 -0.6542 0.1005
vn -0.1818 -0.6453 0.7420
vn 0.8910 -0.4057 -0.2037
vn -0.0110 -0.5970 0.8022
vn -0.1212 -0.5938 0.7954
vn 0.4003 -0.4752 0.7836
vn 0.7359 -0.4505 0.5055
vn -0.4978 -0.6423 0.5828
vn -0.1574 -0.6947 -0.7019
vn -0.1781 -0.6731 -0.7178
vn -0.0749 -0.7570 -0.6491
vn -0.1856 -0.6945 -0.6952
vn -0.5638 -0.6947 -0.4466
vn 0.2555 0.2803 -0.9253
vn 0.6078 0.7908 -0.0718
vn 0.2365 0.8146 -0.5296
vn 0.3608 0.9313 -0.0506
vn 0.3954 0.4527 0.7992
vn 0.3206 0.9204 0.2239
vn 0.4518 0.6675 -0.5919
vn 0.6999 0.6759 0.2307
vn 0.7297 0.6553 -0.1951
vn 0.5946 0.6952 0.4039
vn 0.7398 0.6704 0.0572
vn 0.1223 0.7792 0.6147
vn 0.3650 0.5681 0.7376
vn -0.0376 0.3737 -0.9268
vn 0.0750 0.3436 -0.9361
vn -0.9547 0.2112 0.2096
vn -0.7820 0.2252 -0.5811
vn -0.9780 0.1025 0.1818
vn -0.8442 0.0534 -0.5334
vn 0.1565 0.1901 0.9692
vn -0.4637 0.2001 0.8631
vn -0.0219 0.2291 0.9732
vn -0.5907 0.1689 0.7890
vn -0.0901 0.3743 0.9229
vn -0.0632 0.3874 0.9197
vn -0.1545 0.0788 -0.9848
vn -0.2923 0.0330 -0.9558
vn -0.0602 0.0786 -0.9951
vn -0.2182 0.0373 -0.9752
vn 0.0178 -0.4317 0.9018
vn -0.3380 0.4262 0.8391
vn 0.2307 -0.3294 0.9156
vn -0.4450 0.2316 0.8651
vn 0.3416 -0.2737 0.8991
vn -0.4414 0.1782 0.8794
vn 0.3732 -0.2948 0.8797
vn -0.3896 0.2209 0.8941
vn 0.3326 -0.3296 0.8836
vn -0.3327 0.3252 0.8852
vn 0.3277 -0.3806 0.8647
vn -0.2719 0.3341 0.9025
vn 0.0331 -0.1769 -0.9837
vn -0.5739 -0.3799 -0.7255
vn 0.9431 -0.1330 0.3046
vn 0.6270 -0.1361 0.7671
vn -0.9914 0.0203 -0.1289
vn -0.5687 0.0328 -0.8219
vn -0.9834 0.1523 -0.0984
vn -0.5362 0.0645 -0.8416
vn -0.1089 -0.2472 0.9628
vn 0.5348 -0.2380 0.8107
vn -0.0559 -0.1512 0.9869
vn 0.5886 -0.0695 0.8054
vn 0.8866 -0.2902 -0.3602
vn 0.4756 -0.1719 -0.8627
vn 0.8465 -0.3806 -0.3723
vn 0.4294 -0.1990 -0.8809
vn -0.4942 -0.0249 0.8690
vn -0.6429 -0.0054 0.7659
vn -0.9738 -0.1575 0.1642
vn -0.9654 0.0179 -0.2603
vn -0.7152 -0.0724 -0.6952
vn 0.0393 -0.1060 0.9936
vn 0.1405 -0.0321 0.9896
vn 0.9844 0.0439 -0.1704
vn 0.5764 0.0095 -0.8171
vn -0.1543 -0.0056 -0.9880
vn -0.1830 -0.0523 -0.9817
vn -0.9830 0.0028 0.1836
vn -0.8008 0.1017 -0.5903
vn -0.4873 0.0308 0.8727
vn 0.2083 0.0295 0.9776
vn 0.9776 0.1741 -0.1185
vn 0.5722 0.0600 -0.8179
vn 0.9574 -0.0848 0.2762
vn 0.9097 -0.2405 0.3386
vn 0.7233 0.0544 0.6884
vn 0.7747 -0.0176 0.6321
vn -0.7029 -0.1917 0.6850
vn -0.6857 -0.0181 0.7277
vn 0.9409 -0.2532 0.2249
vn 0.0119 -0.2137 0.9768
vn -0.6723 -0.2212 0.7064
vn -0.6884 -0.1811 0.7024
vn -0.0630 -0.0619 -0.9961
vn -0.0478 -0.1060 -0.9932
vn 0.6953 -0.1798 0.6958
vn -0.1523 0.0441 -0.9873
vn 0.4554 -0.1829 -0.8713
vn 0.8722 -0.2082 -0.4426
vn 0.5473 -0.3359 0.7665
vn -0.0684 -0.2146 0.9743
vn 0.8593 -0.0532 -0.5087
vn 0.4180 -0.0215 -0.9082
vn -0.0342 -0.0078 -0.9994
vn -0.5777 0.0018 -0.8163
vn -0.9675 -0.2496 -0.0414
vn -0.9922 -0.0894 -0.0874
vn 0.8373 -0.4078 0.3642
vn 0.4080 -0.0859 -0.9089
vn 0.8848 -0.1908 -0.4251
# 901 vertex normals

vt 0.3690 0.5995 0.0000
vt 0.4164 0.6042 0.0000
vt 0.3690 0.6042 0.0000
vt 0.4162 0.5995 0.0000
vt 0.3690 0.5922 0.0000
vt 0.4161 0.5954 0.0000
vt 0.3690 0.5954 0.0000
vt 0.4161 0.5922 0.0000
vt 0.4687 0.6042 0.0000
vt 0.4688 0.5995 0.0000
vt 0.4689 0.5954 0.0000
vt 0.4689 0.5922 0.0000
vt 0.5168 0.6042 0.0000
vt 0.5169 0.5995 0.0000
vt 0.5169 0.5953 0.0000
vt 0.5169 0.5922 0.0000
vt 0.5739 0.6042 0.0000
vt 0.5739 0.5995 0.0000
vt 0.5739 0.5953 0.0000
vt 0.5739 0.5922 0.0000
vt 0.6330 0.6042 0.0000
vt 0.6331 0.5995 0.0000
vt 0.6332 0.5952 0.0000
vt 0.6332 0.5922 0.0000
vt 0.7096 0.4303 0.0000
vt 0.7276 0.4221 0.0000
vt 0.6910 0.4208 0.0000
vt 0.7093 0.4022 0.0000
vt 0.6785 0.3965 0.0000
vt 0.7408 0.3987 0.0000
vt 0.7398 0.4225 0.0000
vt 0.7581 0.4039 0.0000
vt 0.7616 0.3994 0.0000
vt 0.7107 0.4215 0.0000
vt 0.7413 0.4033 0.0000
vt 0.7121 0.3977 0.0000
vt 0.6806 0.4205 0.0000
vt 0.6820 0.4013 0.0000
vt 0.6608 0.3959 0.0000
vt 0.6623 0.4006 0.0000
vt 0.6919 0.3704 0.0000
vt 0.6628 0.3694 0.0000
vt 0.6821 0.3389 0.0000
vt 0.6618 0.3429 0.0000
vt 0.7112 0.3446 0.0000
vt 0.7587 0.3728 0.0000
vt 0.7285 0.3717 0.0000
vt 0.7413 0.3410 0.0000
vt 0.7626 0.3464 0.0000
vt 0.7605 0.3728 0.0000
vt 0.7709 0.3732 0.0000
vt 0.7611 0.3417 0.0000
vt 0.7449 0.3458 0.0000
vt 0.6948 0.3705 0.0000
vt 0.7315 0.3718 0.0000
vt 0.7141 0.3400 0.0000
vt 0.6826 0.3436 0.0000
vt 0.6524 0.3690 0.0000
vt 0.6647 0.3695 0.0000
vt 0.6653 0.3383 0.0000
vt 0.7137 0.3119 0.0000
vt 0.7126 0.3207 0.0000
vt 0.7428 0.3218 0.0000
vt 0.7324 0.3214 0.0000
vt 0.6958 0.3201 0.0000
vt 0.6836 0.3197 0.0000
vt 0.4862 0.4519 0.0000
vt 0.5198 0.4832 0.0000
vt 0.4851 0.4787 0.0000
vt 0.5255 0.4574 0.0000
vt 0.4073 0.4710 0.0000
vt 0.4542 0.4823 0.0000
vt 0.4173 0.4971 0.0000
vt 0.4470 0.4563 0.0000
vt 0.6731 0.4798 0.0000
vt 0.6907 0.5578 0.0000
vt 0.6511 0.4934 0.0000
vt 0.7127 0.5443 0.0000
vt 0.5654 0.4727 0.0000
vt 0.5909 0.5197 0.0000
vt 0.5549 0.4979 0.0000
vt 0.6053 0.4943 0.0000
vt 0.4665 0.5394 0.0000
vt 0.4850 0.5061 0.0000
vt 0.4850 0.5356 0.0000
vt 0.4596 0.5096 0.0000
vt 0.4377 0.5677 0.0000
vt 0.4302 0.5237 0.0000
vt 0.4503 0.5486 0.0000
vt 0.4038 0.5469 0.0000
vt 0.6126 0.5343 0.0000
vt 0.6653 0.5668 0.0000
vt 0.6367 0.5736 0.0000
vt 0.6316 0.5119 0.0000
vt 0.5037 0.5382 0.0000
vt 0.5402 0.5222 0.0000
vt 0.5209 0.5451 0.0000
vt 0.5120 0.5098 0.0000
vt 0.4849 0.5805 0.0000
vt 0.5955 0.5719 0.0000
vt 0.3813 0.5199 0.0000
vt 0.5280 0.4502 0.0000
vt 0.5675 0.4667 0.0000
vt 0.2319 0.5323 0.0000
vt 0.3248 0.5089 0.0000
vt 0.3279 0.5182 0.0000
vt 0.2318 0.5222 0.0000
vt 0.3672 0.4828 0.0000
vt 0.4052 0.4650 0.0000
vt 0.3667 0.4917 0.0000
vt 0.4440 0.4492 0.0000
vt 0.4857 0.4448 0.0000
vt 0.2105 0.5043 0.0000
vt 0.2048 0.4656 0.0000
vt 0.2225 0.4854 0.0000
vt 0.1875 0.4837 0.0000
vt 0.3047 0.4925 0.0000
vt 0.2458 0.4980 0.0000
vt 0.3430 0.4946 0.0000
vt 0.3266 0.4795 0.0000
vt 0.3616 0.4707 0.0000
vt 0.3464 0.4366 0.0000
vt 0.3709 0.4454 0.0000
vt 0.3398 0.4590 0.0000
vt 0.2704 0.4266 0.0000
vt 0.3777 0.4184 0.0000
vt 0.3487 0.4090 0.0000
vt 0.5388 0.5630 0.0000
vt 0.5701 0.5443 0.0000
vt 0.6051 0.4854 0.0000
vt 0.7529 0.0623 0.0000
vt 0.7471 0.0299 0.0000
vt 0.6939 0.0621 0.0000
vt 0.6936 0.0245 0.0000
vt 0.7557 0.1207 0.0000
vt 0.6927 0.1248 0.0000
vt 0.7557 0.1527 0.0000
vt 0.6938 0.1585 0.0000
vt 0.6921 0.0918 0.0000
vt 0.7576 0.0909 0.0000
vt 0.6461 0.1583 0.0000
vt 0.6444 0.1260 0.0000
vt 0.5461 0.1571 0.0000
vt 0.5416 0.1209 0.0000
vt 0.6758 0.2576 0.0000
vt 0.6583 0.2610 0.0000
vt 0.6773 0.2930 0.0000
vt 0.6609 0.2911 0.0000
vt 0.6696 0.1440 0.0000
vt 0.6694 0.1580 0.0000
vt 0.6674 0.1279 0.0000
vt 0.6436 0.0878 0.0000
vt 0.6590 0.0884 0.0000
vt 0.5312 0.0773 0.0000
vt 0.5387 0.2816 0.0000
vt 0.5421 0.3227 0.0000
vt 0.6473 0.0530 0.0000
vt 0.6587 0.0538 0.0000
vt 0.5285 0.0525 0.0000
vt 0.6698 0.0888 0.0000
vt 0.6776 0.0900 0.0000
vt 0.6715 0.0533 0.0000
vt 0.6830 0.0571 0.0000
vt 0.7598 0.1892 0.0000
vt 0.6909 0.1916 0.0000
vt 0.5453 0.2000 0.0000
vt 0.6511 0.1924 0.0000
vt 0.6711 0.1923 0.0000
vt 0.5196 0.2688 0.0000
vt 0.5273 0.2880 0.0000
vt 0.5204 0.1615 0.0000
vt 0.5170 0.1272 0.0000
vt 0.5151 0.1081 0.0000
vt 0.5388 0.3232 0.0000
vt 0.5153 0.0526 0.0000
vt 0.5132 0.0794 0.0000
vt 0.6556 0.2269 0.0000
vt 0.5384 0.2488 0.0000
vt 0.6746 0.2255 0.0000
vt 0.6720 0.0428 0.0000
vt 0.5280 0.0139 0.0000
vt 0.6540 0.0155 0.0000
vt 0.5214 0.0130 0.0000
vt 0.5158 0.0533 0.0000
vt 0.7851 0.0220 0.0000
vt 0.7911 0.0522 0.0000
vt 0.7656 0.2560 0.0000
vt 0.6951 0.2567 0.0000
vt 0.7575 0.2849 0.0000
vt 0.7008 0.2929 0.0000
vt 0.8100 0.1119 0.0000
vt 0.8129 0.0696 0.0000
vt 0.8124 0.2405 0.0000
vt 0.8274 0.2355 0.0000
vt 0.8122 0.1842 0.0000
vt 0.8158 0.2839 0.0000
vt 0.8239 0.2639 0.0000
vt 0.7994 0.2847 0.0000
vt 0.7945 0.2596 0.0000
vt 0.8683 0.1867 0.0000
vt 0.8770 0.1421 0.0000
vt 0.8090 0.1458 0.0000
vt 0.7619 0.2202 0.0000
vt 0.6893 0.2239 0.0000
vt 0.8659 0.1067 0.0000
vt 0.8359 0.0684 0.0000
vt 0.5183 0.2173 0.0000
vt 0.5199 0.1990 0.0000
vt 0.5178 0.2461 0.0000
vt 0.8216 0.0452 0.0000
vt 0.7967 0.0131 0.0000
vt 0.6731 0.0203 0.0000
vt 0.6713 0.0356 0.0000
vt 0.4193 0.3191 0.0000
vt 0.3940 0.3751 0.0000
vt 0.3998 0.3199 0.0000
vt 0.3790 0.3698 0.0000
vt 0.4819 0.4324 0.0000
vt 0.4781 0.3819 0.0000
vt 0.4917 0.3827 0.0000
vt 0.5015 0.4255 0.0000
vt 0.3815 0.3871 0.0000
vt 0.4142 0.4365 0.0000
vt 0.4270 0.3833 0.0000
vt 0.3949 0.4472 0.0000
vt 0.3851 0.4285 0.0000
vt 0.4351 0.3257 0.0000
vt 0.9125 0.1858 0.0000
vt 0.9260 0.1406 0.0000
vt 0.9159 0.1070 0.0000
vt 0.9424 0.1879 0.0000
vt 0.9597 0.1504 0.0000
vt 0.9552 0.1236 0.0000
vt 0.9463 0.0940 0.0000
vt 0.9746 0.2030 0.0000
vt 0.9941 0.1565 0.0000
vt 0.9915 0.1180 0.0000
vt 0.9785 0.0783 0.0000
vt 0.9495 0.1376 0.0000
vt 0.9880 0.1377 0.0000
vt 0.9064 0.0860 0.0000
vt 0.9394 0.0774 0.0000
vt 0.9640 0.0585 0.0000
vt 0.9117 0.2031 0.0000
vt 0.9341 0.2048 0.0000
vt 0.9571 0.2144 0.0000
vt 0.8271 0.2899 0.0000
vt 0.8454 0.2678 0.0000
vt 0.8377 0.2988 0.0000
vt 0.8572 0.2764 0.0000
vt 0.8493 0.0519 0.0000
vt 0.8359 0.0299 0.0000
vt 0.8634 0.0272 0.0000
vt 0.8433 0.0163 0.0000
vt 0.9422 0.0491 0.0000
vt 0.9028 0.0595 0.0000
vt 0.8710 0.0475 0.0000
vt 0.9012 0.0329 0.0000
vt 0.8809 0.0225 0.0000
vt 0.8066 0.0072 0.0000
vt 0.8164 -0.0014 0.0000
vt 0.8520 0.2403 0.0000
vt 0.8777 0.2319 0.0000
vt 0.8741 0.2559 0.0000
vt 0.8875 0.2503 0.0000
vt 0.9045 0.2266 0.0000
vt 0.9398 0.2254 0.0000
vt 0.9077 0.2408 0.0000
vt 0.4852 0.3320 0.0000
vt 0.5008 0.3336 0.0000
vt 0.4646 0.3279 0.0000
vt 0.4604 0.3807 0.0000
vt 0.4646 0.4396 0.0000
vt 0.5181 0.3465 0.0000
vt 0.5143 0.3786 0.0000
vt 0.5195 0.4114 0.0000
vt 0.5288 0.3766 0.0000
vt 0.2495 0.0623 0.0000
vt 0.3085 0.0621 0.0000
vt 0.2553 0.0299 0.0000
vt 0.3087 0.0245 0.0000
vt 0.2466 0.1207 0.0000
vt 0.2466 0.1527 0.0000
vt 0.3097 0.1248 0.0000
vt 0.3085 0.1585 0.0000
vt 0.3102 0.0918 0.0000
vt 0.2447 0.0909 0.0000
vt 0.3562 0.1583 0.0000
vt 0.4562 0.1571 0.0000
vt 0.3579 0.1260 0.0000
vt 0.4607 0.1209 0.0000
vt 0.3265 0.2576 0.0000
vt 0.3251 0.2930 0.0000
vt 0.3440 0.2610 0.0000
vt 0.3414 0.2911 0.0000
vt 0.3328 0.1440 0.0000
vt 0.3329 0.1580 0.0000
vt 0.3587 0.0878 0.0000
vt 0.3349 0.1279 0.0000
vt 0.3433 0.0884 0.0000
vt 0.4711 0.0773 0.0000
vt 0.4637 0.2816 0.0000
vt 0.4602 0.3227 0.0000
vt 0.3550 0.0530 0.0000
vt 0.3436 0.0538 0.0000
vt 0.4738 0.0525 0.0000
vt 0.3325 0.0888 0.0000
vt 0.3308 0.0533 0.0000
vt 0.3247 0.0900 0.0000
vt 0.3194 0.0571 0.0000
vt 0.2425 0.1892 0.0000
vt 0.3115 0.1916 0.0000
vt 0.4570 0.2000 0.0000
vt 0.3512 0.1924 0.0000
vt 0.3312 0.1923 0.0000
vt 0.4750 0.2880 0.0000
vt 0.4827 0.2688 0.0000
vt 0.4820 0.1615 0.0000
vt 0.4854 0.1272 0.0000
vt 0.4873 0.1081 0.0000
vt 0.4636 0.3232 0.0000
vt 0.4870 0.0526 0.0000
vt 0.4891 0.0794 0.0000
vt 0.3467 0.2269 0.0000
vt 0.4639 0.2488 0.0000
vt 0.3277 0.2255 0.0000
vt 0.3303 0.0428 0.0000
vt 0.4743 0.0139 0.0000
vt 0.3483 0.0155 0.0000
vt 0.4809 0.0130 0.0000
vt 0.4865 0.0533 0.0000
vt 0.2173 0.0220 0.0000
vt 0.2112 0.0522 0.0000
vt 0.2368 0.2560 0.0000
vt 0.2448 0.2849 0.0000
vt 0.3072 0.2567 0.0000
vt 0.3015 0.2929 0.0000
vt 0.1894 0.0696 0.0000
vt 0.1923 0.1119 0.0000
vt 0.1899 0.2405 0.0000
vt 0.1901 0.1842 0.0000
vt 0.1749 0.2355 0.0000
vt 0.1865 0.2839 0.0000
vt 0.2029 0.2847 0.0000
vt 0.1784 0.2639 0.0000
vt 0.2078 0.2596 0.0000
vt 0.1340 0.1867 0.0000
vt 0.1253 0.1421 0.0000
vt 0.1933 0.1458 0.0000
vt 0.2404 0.2202 0.0000
vt 0.3130 0.2239 0.0000
vt 0.1665 0.0684 0.0000
vt 0.1365 0.1067 0.0000
vt 0.4840 0.2173 0.0000
vt 0.4825 0.1990 0.0000
vt 0.4845 0.2461 0.0000
vt 0.1807 0.0452 0.0000
vt 0.2056 0.0131 0.0000
vt 0.3293 0.0203 0.0000
vt 0.3310 0.0356 0.0000
vt 0.2470 0.2924 0.0000
vt 0.2275 0.2931 0.0000
vt 0.2217 0.3483 0.0000
vt 0.2066 0.3430 0.0000
vt 0.3096 0.4057 0.0000
vt 0.3292 0.3988 0.0000
vt 0.3193 0.3559 0.0000
vt 0.3058 0.3552 0.0000
vt 0.2091 0.3604 0.0000
vt 0.2419 0.4097 0.0000
vt 0.2547 0.3566 0.0000
vt 0.2226 0.4205 0.0000
vt 0.2128 0.4018 0.0000
vt 0.2627 0.2990 0.0000
vt 0.0898 0.1858 0.0000
vt 0.0763 0.1406 0.0000
vt 0.0864 0.1070 0.0000
vt 0.0600 0.1879 0.0000
vt 0.0427 0.1504 0.0000
vt 0.0471 0.1236 0.0000
vt 0.0560 0.0940 0.0000
vt 0.0277 0.2030 0.0000
vt 0.0082 0.1565 0.0000
vt 0.0108 0.1180 0.0000
vt 0.0238 0.0783 0.0000
vt 0.0529 0.1376 0.0000
vt 0.0143 0.1377 0.0000
vt 0.0960 0.0860 0.0000
vt 0.0630 0.0774 0.0000
vt 0.0383 0.0585 0.0000
vt 0.0906 0.2031 0.0000
vt 0.0682 0.2048 0.0000
vt 0.0452 0.2144 0.0000
vt 0.1752 0.2899 0.0000
vt 0.1570 0.2678 0.0000
vt 0.1646 0.2988 0.0000
vt 0.1451 0.2764 0.0000
vt 0.1530 0.0519 0.0000
vt 0.1664 0.0299 0.0000
vt 0.1389 0.0272 0.0000
vt 0.1590 0.0163 0.0000
vt 0.0601 0.0491 0.0000
vt 0.0995 0.0595 0.0000
vt 0.1314 0.0475 0.0000
vt 0.1011 0.0329 0.0000
vt 0.1214 0.0225 0.0000
vt 0.1958 0.0072 0.0000
vt 0.1859 -0.0014 0.0000
vt 0.1503 0.2403 0.0000
vt 0.1247 0.2319 0.0000
vt 0.1282 0.2559 0.0000
vt 0.1148 0.2503 0.0000
vt 0.0978 0.2266 0.0000
vt 0.0625 0.2254 0.0000
vt 0.0946 0.2408 0.0000
vt 0.3128 0.3053 0.0000
vt 0.3284 0.3069 0.0000
vt 0.2922 0.3011 0.0000
vt 0.2880 0.3539 0.0000
vt 0.2922 0.4128 0.0000
vt 0.3419 0.3519 0.0000
vt 0.3457 0.3197 0.0000
vt 0.3472 0.3847 0.0000
vt 0.3564 0.3499 0.0000
vt 0.5001 0.4677 0.0000
vt 0.5290 0.4511 0.0000
vt 0.5000 0.5197 0.0000
vt 0.5374 0.4986 0.0000
vt 0.6044 0.4958 0.0000
vt 0.6577 0.5086 0.0000
vt 0.5970 0.5533 0.0000
vt 0.6218 0.8142 0.0000
vt 0.6237 0.7670 0.0000
vt 0.6650 0.8211 0.0000
vt 0.8735 0.6401 0.0000
vt 0.7923 0.6205 0.0000
vt 0.8778 0.5898 0.0000
vt 0.9190 0.8815 0.0000
vt 0.9157 0.9124 0.0000
vt 0.8647 0.8857 0.0000
vt 0.8654 0.9202 0.0000
vt 0.7305 0.5121 0.0000
vt 0.6589 0.5736 0.0000
vt 0.7334 0.5820 0.0000
vt 0.8731 0.5133 0.0000
vt 0.8737 0.5496 0.0000
vt 0.7939 0.5127 0.0000
vt 0.5624 0.8977 0.0000
vt 0.5708 0.8671 0.0000
vt 0.6071 0.9036 0.0000
vt 0.6152 0.8742 0.0000
vt 0.5675 0.8375 0.0000
vt 0.5649 0.8082 0.0000
vt 0.6173 0.8502 0.0000
vt 0.6999 0.8257 0.0000
vt 0.7412 0.7794 0.0000
vt 0.7428 0.8262 0.0000
vt 0.6178 0.7500 0.0000
vt 0.5633 0.7681 0.0000
vt 0.4998 0.8391 0.0000
vt 0.4998 0.8089 0.0000
vt 0.4998 0.7786 0.0000
vt 0.8668 0.9348 0.0000
vt 0.9988 0.9016 0.0000
vt 0.9988 0.8729 0.0000
vt 0.9673 0.5429 0.0000
vt 0.9648 0.4988 0.0000
vt 0.9987 0.5622 0.0000
vt 0.9986 0.5277 0.0000
vt 0.7899 0.5779 0.0000
vt 0.8001 0.8371 0.0000
vt 0.7919 0.7971 0.0000
vt 0.8325 0.8930 0.0000
vt 0.8356 0.9196 0.0000
vt 0.9317 0.5173 0.0000
vt 0.9331 0.5006 0.0000
vt 0.7477 0.8411 0.0000
vt 0.7020 0.8493 0.0000
vt 0.6564 0.8619 0.0000
vt 0.8659 0.7172 0.0000
vt 0.9280 0.7162 0.0000
vt 0.8635 0.7935 0.0000
vt 0.9259 0.7872 0.0000
vt 0.6842 0.7805 0.0000
vt 0.5478 0.7095 0.0000
vt 0.4999 0.7297 0.0000
vt 0.7918 0.7267 0.0000
vt 0.9987 0.7852 0.0000
vt 0.9987 0.7254 0.0000
vt 0.5636 0.4721 0.0000
vt 0.5354 0.5741 0.0000
vt 0.6117 0.9162 0.0000
vt 0.6308 0.9333 0.0000
vt 0.6082 0.9324 0.0000
vt 0.6396 0.8824 0.0000
vt 0.6311 0.9067 0.0000
vt 0.4998 0.8632 0.0000
vt 0.9510 0.4974 0.0000
vt 0.9815 0.4716 0.0000
vt 0.8871 0.9507 0.0000
vt 0.8664 0.9850 0.0000
vt 0.8665 0.9512 0.0000
vt 0.8374 0.9473 0.0000
vt 0.8368 0.9853 0.0000
vt 0.7384 0.7203 0.0000
vt 0.6707 0.7172 0.0000
vt 0.8646 0.8316 0.0000
vt 0.9275 0.8289 0.0000
vt 0.9988 0.8226 0.0000
vt 0.8619 0.8577 0.0000
vt 0.8200 0.8744 0.0000
vt 0.9200 0.8576 0.0000
vt 0.9988 0.8480 0.0000
vt 0.6328 0.9702 0.0000
vt 0.6116 0.9704 0.0000
vt 0.6681 0.6597 0.0000
vt 0.7428 0.6600 0.0000
vt 0.6028 0.7005 0.0000
vt 0.5421 0.6353 0.0000
vt 0.4999 0.6497 0.0000
vt 0.5961 0.6293 0.0000
vt 0.5834 0.5859 0.0000
vt 0.6611 0.6116 0.0000
vt 0.5001 0.4416 0.0000
vt 0.5166 0.4306 0.0000
vt 0.5087 0.4086 0.0000
vt 0.5001 0.4300 0.0000
vt 0.5199 0.3974 0.0000
vt 0.5445 0.4351 0.0000
vt 0.9879 0.4241 0.0000
vt 0.9990 0.4352 0.0000
vt 0.7942 0.6583 0.0000
vt 0.5000 0.5820 0.0000
vt 0.7383 0.6211 0.0000
vt 0.9067 0.5642 0.0000
vt 0.9120 0.6202 0.0000
vt 0.9384 0.5665 0.0000
vt 0.9423 0.5354 0.0000
vt 0.8102 0.9444 0.0000
vt 0.8100 0.9846 0.0000
vt 0.8090 0.9233 0.0000
vt 0.8061 0.8936 0.0000
vt 0.7947 0.8717 0.0000
vt 0.7477 0.8508 0.0000
vt 0.6511 0.9122 0.0000
vt 0.6513 0.9309 0.0000
vt 0.6608 0.8855 0.0000
vt 0.6792 0.8668 0.0000
vt 0.7051 0.8574 0.0000
vt 0.6557 0.9705 0.0000
vt 0.4998 0.8898 0.0000
vt 0.5898 0.9146 0.0000
vt 0.9983 0.4890 0.0000
vt 0.9990 0.4578 0.0000
vt 0.9352 0.6473 0.0000
vt 0.9712 0.6548 0.0000
vt 0.9987 0.6745 0.0000
vt 0.9987 0.5909 0.0000
vt 0.9678 0.5744 0.0000
vt 0.9987 0.6182 0.0000
vt 0.9583 0.5999 0.0000
vt 0.9987 0.6426 0.0000
vt 0.9520 0.6231 0.0000
vt 0.9987 0.6614 0.0000
vt 0.9987 0.6470 0.0000
vt 0.5578 0.9046 0.0000
vt 0.4998 0.8950 0.0000
vt 0.5543 0.9099 0.0000
vt 0.5497 0.9126 0.0000
vt 0.4998 0.8991 0.0000
vt 0.4998 0.9033 0.0000
vt 0.5492 0.9167 0.0000
vt 0.4998 0.9128 0.0000
vt 0.5465 0.9260 0.0000
vt 0.4997 0.9244 0.0000
vt 0.9988 0.9099 0.0000
vt 0.9318 0.9186 0.0000
vt 0.9988 0.9172 0.0000
vt 0.9356 0.9251 0.0000
vt 0.9988 0.9255 0.0000
vt 0.9345 0.9315 0.0000
vt 0.9988 0.9328 0.0000
vt 0.9390 0.9379 0.0000
vt 0.9988 0.9389 0.0000
vt 0.9457 0.9452 0.0000
vt 0.9988 0.9442 0.0000
vt 0.9504 0.9509 0.0000
vt 0.8910 0.9521 0.0000
vt 0.8765 0.9857 0.0000
vt 0.6042 0.9720 0.0000
vt 0.6020 0.9353 0.0000
vt 0.8993 0.9564 0.0000
vt 0.8829 0.9842 0.0000
vt 0.5962 0.9710 0.0000
vt 0.5877 0.9406 0.0000
vt 0.9103 0.9589 0.0000
vt 0.8904 0.9852 0.0000
vt 0.5884 0.9718 0.0000
vt 0.5829 0.9436 0.0000
vt 0.9195 0.9630 0.0000
vt 0.8993 0.9877 0.0000
vt 0.5799 0.9712 0.0000
vt 0.5732 0.9458 0.0000
vt 0.5798 0.9183 0.0000
vt 0.5784 0.9178 0.0000
vt 0.5758 0.9216 0.0000
vt 0.5735 0.9287 0.0000
vt 0.5956 0.9126 0.0000
vt 0.5694 0.9325 0.0000
vt 0.5622 0.9341 0.0000
vt 0.5379 0.9291 0.0000
vt 0.8990 0.9284 0.0000
vt 0.4997 0.9286 0.0000
vt 0.4988 0.9941 0.0000
vt 0.4993 0.9597 0.0000
vt 0.5168 0.9925 0.0000
vt 0.5308 0.9834 0.0000
vt 0.5371 0.9651 0.0000
vt 0.5319 0.9469 0.0000
vt 0.5252 0.9373 0.0000
vt 0.5161 0.9327 0.0000
vt 0.4993 0.9304 0.0000
vt 0.9254 0.4840 0.0000
vt 0.9396 0.4251 0.0000
vt 0.9450 0.4707 0.0000
vt 0.9572 0.4280 0.0000
vt 0.8179 0.3971 0.0000
vt 0.8382 0.3895 0.0000
vt 0.7772 0.4433 0.0000
vt 0.9522 0.4123 0.0000
vt 0.8928 0.3727 0.0000
vt 0.8591 0.3800 0.0000
vt 0.9170 0.3698 0.0000
vt 0.9343 0.3817 0.0000
vt 0.7886 0.4120 0.0000
vt 0.9114 0.4833 0.0000
vt 0.8797 0.4811 0.0000
vt 0.8420 0.4772 0.0000
vt 0.8177 0.4810 0.0000
vt 0.7901 0.4687 0.0000
vt 0.1009 0.1620 0.0000
vt 0.1014 0.0992 0.0000
vt 0.1424 0.1337 0.0000
vt 0.1435 0.0835 0.0000
vt 0.1790 0.1525 0.0000
vt 0.1734 0.0955 0.0000
vt 0.0967 0.0699 0.0000
vt 0.1321 0.0484 0.0000
vt 0.1598 0.0528 0.0000
vt 0.1884 0.0639 0.0000
vt 0.0796 0.0371 0.0000
vt 0.1237 0.0118 0.0000
vt 0.1659 0.0136 0.0000
vt 0.2050 0.0294 0.0000
vt 0.1458 0.0598 0.0000
vt 0.1446 0.0192 0.0000
vt 0.1915 0.1064 0.0000
vt 0.2039 0.0726 0.0000
vt 0.2243 0.0479 0.0000
vt 0.0839 0.1001 0.0000
vt 0.0796 0.0786 0.0000
vt 0.0648 0.0592 0.0000
vt 0.0714 0.2558 0.0000
vt 0.0447 0.2510 0.0000
vt 0.0779 0.2216 0.0000
vt 0.0524 0.2194 0.0000
vt 0.0089 0.2399 0.0000
vt 0.0180 0.2082 0.0000
vt 0.1888 0.1801 0.0000
vt 0.2148 0.1735 0.0000
vt 0.1965 0.2072 0.0000
vt 0.2183 0.2084 0.0000
vt 0.2533 0.1679 0.0000
vt 0.2586 0.2051 0.0000
vt 0.2366 0.0762 0.0000
vt 0.2207 0.1159 0.0000
vt 0.2153 0.1506 0.0000
vt 0.2468 0.1162 0.0000
vt 0.2503 0.1430 0.0000
vt 0.2266 0.2470 0.0000
vt 0.1996 0.2455 0.0000
vt 0.2637 0.2426 0.0000
vt 0.0904 0.1895 0.0000
vt 0.0618 0.1882 0.0000
vt 0.0689 0.1587 0.0000
vt 0.0277 0.1745 0.0000
vt 0.0352 0.1479 0.0000
vt 0.0578 0.1077 0.0000
vt 0.0588 0.0739 0.0000
vt 0.0478 0.1076 0.0000
vt 0.3337 0.4589 0.0000
vt 0.3438 0.4597 0.0000
vt 0.3355 0.4557 0.0000
vt 0.3198 0.4551 0.0000
vt 0.3148 0.4417 0.0000
vt 0.3072 0.4485 0.0000
vt 0.3237 0.4489 0.0000
vt 0.3521 0.4540 0.0000
vt 0.3453 0.4461 0.0000
vt 0.3341 0.4297 0.0000
vt 0.3406 0.4378 0.0000
vt 0.3750 0.4386 0.0000
vt 0.3705 0.4312 0.0000
vt 0.3681 0.4251 0.0000
vt 0.3643 0.4189 0.0000
vt 0.4121 0.4134 0.0000
vt 0.4109 0.4104 0.0000
vt 0.4102 0.4069 0.0000
vt 0.4080 0.4027 0.0000
vt 0.4392 0.3951 0.0000
vt 0.4377 0.3932 0.0000
vt 0.4355 0.3907 0.0000
vt 0.4321 0.3880 0.0000
vt 0.4631 0.3788 0.0000
vt 0.4596 0.3749 0.0000
vt 0.4554 0.3718 0.0000
vt 0.4504 0.3695 0.0000
vt 0.9943 0.2662 0.0000
vt 0.9754 0.2916 0.0000
vt 0.9879 0.2571 0.0000
vt 0.9503 0.2850 0.0000
vt 0.7294 0.3087 0.0000
vt 0.7648 0.3158 0.0000
vt 0.7257 0.3349 0.0000
vt 0.7634 0.3499 0.0000
vt 0.8952 0.2194 0.0000
vt 0.8929 0.2040 0.0000
vt 0.9302 0.2080 0.0000
vt 0.9284 0.1942 0.0000
vt 0.8185 0.2312 0.0000
vt 0.8187 0.2535 0.0000
vt 0.7721 0.2315 0.0000
vt 0.7690 0.2564 0.0000
vt 0.7307 0.1441 0.0000
vt 0.7234 0.1918 0.0000
vt 0.7035 0.1378 0.0000
vt 0.6930 0.1908 0.0000
vt 0.8366 0.0920 0.0000
vt 0.8665 0.0934 0.0000
vt 0.8486 0.1514 0.0000
vt 0.8851 0.1429 0.0000
vt 0.8941 0.0819 0.0000
vt 0.8129 0.1540 0.0000
vt 0.8035 0.0919 0.0000
vt 0.7485 0.0750 0.0000
vt 0.7189 0.0734 0.0000
vt 0.9228 0.0738 0.0000
vt 0.9336 0.1343 0.0000
vt 0.8580 0.0317 0.0000
vt 0.8859 0.0259 0.0000
vt 0.8597 0.0480 0.0000
vt 0.8877 0.0429 0.0000
vt 0.8270 0.0365 0.0000
vt 0.8288 0.0523 0.0000
vt 0.8058 0.0391 0.0000
vt 0.8031 0.0550 0.0000
vt 0.7537 0.0500 0.0000
vt 0.7220 0.0450 0.0000
vt 0.7568 0.0330 0.0000
vt 0.7193 0.0282 0.0000
vt 0.7357 0.2559 0.0000
vt 0.7432 0.2272 0.0000
vt 0.7849 0.0388 0.0000
vt 0.7796 0.0542 0.0000
vt 0.7761 0.0830 0.0000
vt 0.8487 0.2316 0.0000
vt 0.8481 0.2112 0.0000
vt 0.7521 0.1475 0.0000
vt 0.8183 0.3591 0.0000
vt 0.8176 0.3183 0.0000
vt 0.8602 0.3140 0.0000
vt 0.8498 0.2478 0.0000
vt 0.9647 0.1976 0.0000
vt 0.9618 0.1863 0.0000
vt 0.7738 0.1511 0.0000
vt 0.6906 0.0750 0.0000
vt 0.6671 0.1279 0.0000
vt 0.6961 0.0411 0.0000
vt 0.6954 0.0262 0.0000
vt 0.9177 0.0387 0.0000
vt 0.9145 0.0241 0.0000
vt 0.8653 0.3515 0.0000
vt 0.6679 0.2810 0.0000
vt 0.6991 0.2996 0.0000
vt 0.6676 0.2939 0.0000
vt 0.6956 0.3165 0.0000
vt 0.6574 0.2001 0.0000
vt 0.6620 0.1871 0.0000
vt 0.6407 0.2690 0.0000
vt 0.6369 0.2795 0.0000
vt 0.9540 0.3124 0.0000
vt 0.7700 0.1991 0.0000
vt 0.8168 0.2084 0.0000
vt 0.7087 0.2482 0.0000
vt 0.6812 0.2322 0.0000
vt 0.6528 0.2205 0.0000
vt 0.9334 0.2239 0.0000
vt 0.9697 0.2140 0.0000
vt 0.9075 0.2993 0.0000
vt 0.8975 0.2354 0.0000
vt 0.7462 0.1921 0.0000
vt 0.6860 0.2108 0.0000
vt 0.7178 0.2204 0.0000
vt 0.9116 0.3356 0.0000
vt 0.9434 0.3158 0.0000
vt 0.4711 0.4511 0.0000
vt 0.4627 0.4986 0.0000
vt 0.3957 0.4956 0.0000
vt 0.4030 0.5532 0.0000
vt 0.3424 0.5084 0.0000
vt 0.3779 0.8140 0.0000
vt 0.3346 0.8208 0.0000
vt 0.3760 0.7669 0.0000
vt 0.1264 0.6396 0.0000
vt 0.1222 0.5892 0.0000
vt 0.2076 0.6201 0.0000
vt 0.0805 0.8809 0.0000
vt 0.1348 0.8852 0.0000
vt 0.0838 0.9118 0.0000
vt 0.1341 0.9197 0.0000
vt 0.3411 0.5734 0.0000
vt 0.2696 0.5118 0.0000
vt 0.2666 0.5816 0.0000
vt 0.1270 0.5128 0.0000
vt 0.2061 0.5122 0.0000
vt 0.1264 0.5491 0.0000
vt 0.4371 0.8976 0.0000
vt 0.3924 0.9035 0.0000
vt 0.4288 0.8670 0.0000
vt 0.3844 0.8740 0.0000
vt 0.4321 0.8375 0.0000
vt 0.3823 0.8500 0.0000
vt 0.4347 0.8081 0.0000
vt 0.2998 0.8254 0.0000
vt 0.2568 0.8258 0.0000
vt 0.2585 0.7791 0.0000
vt 0.3819 0.7498 0.0000
vt 0.4364 0.7680 0.0000
vt 0.1327 0.9343 0.0000
vt 0.0007 0.9008 0.0000
vt 0.0008 0.8722 0.0000
vt 0.0327 0.5423 0.0000
vt 0.0013 0.5615 0.0000
vt 0.0353 0.4981 0.0000
vt 0.0014 0.5270 0.0000
vt 0.2101 0.5775 0.0000
vt 0.1995 0.8366 0.0000
vt 0.2078 0.7967 0.0000
vt 0.1670 0.8926 0.0000
vt 0.1639 0.9191 0.0000
vt 0.0683 0.5167 0.0000
vt 0.0670 0.5000 0.0000
vt 0.2519 0.8407 0.0000
vt 0.2976 0.8491 0.0000
vt 0.3432 0.8617 0.0000
vt 0.1339 0.7166 0.0000
vt 0.1362 0.7929 0.0000
vt 0.0718 0.7156 0.0000
vt 0.0738 0.7866 0.0000
vt 0.3155 0.7803 0.0000
vt 0.4520 0.7094 0.0000
vt 0.2079 0.7263 0.0000
vt 0.0009 0.7845 0.0000
vt 0.0011 0.7247 0.0000
vt 0.4366 0.4720 0.0000
vt 0.4646 0.5740 0.0000
vt 0.3878 0.9160 0.0000
vt 0.3913 0.9322 0.0000
vt 0.3687 0.9331 0.0000
vt 0.3600 0.8822 0.0000
vt 0.3685 0.9065 0.0000
vt 0.0186 0.4709 0.0000
vt 0.0491 0.4968 0.0000
vt 0.1124 0.9501 0.0000
vt 0.1329 0.9507 0.0000
vt 0.1330 0.9845 0.0000
vt 0.1621 0.9468 0.0000
vt 0.1626 0.9848 0.0000
vt 0.2614 0.7200 0.0000
vt 0.3291 0.7170 0.0000
vt 0.1350 0.8311 0.0000
vt 0.0721 0.8282 0.0000
vt 0.0009 0.8218 0.0000
vt 0.1377 0.8571 0.0000
vt 0.1795 0.8740 0.0000
vt 0.0796 0.8570 0.0000
vt 0.0008 0.8473 0.0000
vt 0.3666 0.9700 0.0000
vt 0.3878 0.9702 0.0000
vt 0.3317 0.6595 0.0000
vt 0.2571 0.6596 0.0000
vt 0.3970 0.7003 0.0000
vt 0.4578 0.6352 0.0000
vt 0.4038 0.6292 0.0000
vt 0.3388 0.6114 0.0000
vt 0.4166 0.5858 0.0000
vt 0.4836 0.4306 0.0000
vt 0.4916 0.4086 0.0000
vt 0.4804 0.3973 0.0000
vt 0.4557 0.4350 0.0000
vt 0.0123 0.4234 0.0000
vt 0.0012 0.4345 0.0000
vt 0.2057 0.6579 0.0000
vt 0.2616 0.6208 0.0000
vt 0.0933 0.5636 0.0000
vt 0.0879 0.6196 0.0000
vt 0.0616 0.5659 0.0000
vt 0.0577 0.5347 0.0000
vt 0.1893 0.9440 0.0000
vt 0.1894 0.9842 0.0000
vt 0.1905 0.9228 0.0000
vt 0.1934 0.8932 0.0000
vt 0.2049 0.8713 0.0000
vt 0.2519 0.8504 0.0000
vt 0.3485 0.9120 0.0000
vt 0.3482 0.9307 0.0000
vt 0.3388 0.8853 0.0000
vt 0.3204 0.8665 0.0000
vt 0.2945 0.8571 0.0000
vt 0.3438 0.9703 0.0000
vt 0.4097 0.9144 0.0000
vt 0.0019 0.4883 0.0000
vt 0.0011 0.4571 0.0000
vt 0.0647 0.6466 0.0000
vt 0.0287 0.6541 0.0000
vt 0.0012 0.6737 0.0000
vt 0.0013 0.5902 0.0000
vt 0.0322 0.5738 0.0000
vt 0.0013 0.6175 0.0000
vt 0.0417 0.5992 0.0000
vt 0.0012 0.6419 0.0000
vt 0.0479 0.6225 0.0000
vt 0.0012 0.6607 0.0000
vt 0.0012 0.6463 0.0000
vt 0.4417 0.9045 0.0000
vt 0.4452 0.9099 0.0000
vt 0.4498 0.9125 0.0000
vt 0.4503 0.9166 0.0000
vt 0.4529 0.9259 0.0000
vt 0.0007 0.9092 0.0000
vt 0.0677 0.9180 0.0000
vt 0.0007 0.9165 0.0000
vt 0.0639 0.9245 0.0000
vt 0.0007 0.9248 0.0000
vt 0.0649 0.9309 0.0000
vt 0.0007 0.9320 0.0000
vt 0.0605 0.9373 0.0000
vt 0.0007 0.9382 0.0000
vt 0.0538 0.9446 0.0000
vt 0.0006 0.9435 0.0000
vt 0.0491 0.9502 0.0000
vt 0.1085 0.9515 0.0000
vt 0.1229 0.9851 0.0000
vt 0.3952 0.9719 0.0000
vt 0.3975 0.9352 0.0000
vt 0.1001 0.9558 0.0000
vt 0.1165 0.9837 0.0000
vt 0.4032 0.9708 0.0000
vt 0.4117 0.9404 0.0000
vt 0.0891 0.9583 0.0000
vt 0.1091 0.9846 0.0000
vt 0.4110 0.9717 0.0000
vt 0.4165 0.9435 0.0000
vt 0.0799 0.9624 0.0000
vt 0.1001 0.9872 0.0000
vt 0.4195 0.9711 0.0000
vt 0.4263 0.9457 0.0000
vt 0.4197 0.9182 0.0000
vt 0.4211 0.9177 0.0000
vt 0.4237 0.9215 0.0000
vt 0.4260 0.9286 0.0000
vt 0.4039 0.9125 0.0000
vt 0.4300 0.9324 0.0000
vt 0.4373 0.9340 0.0000
vt 0.4616 0.9290 0.0000
vt 0.1005 0.9278 0.0000
vt 0.4809 0.9919 0.0000
vt 0.4673 0.9823 0.0000
vt 0.4616 0.9640 0.0000
vt 0.4671 0.9460 0.0000
vt 0.4739 0.9368 0.0000
vt 0.4827 0.9327 0.0000
vt 0.7275 0.4874 0.0000
vt 0.7471 0.4741 0.0000
vt 0.7417 0.4285 0.0000
vt 0.7592 0.4314 0.0000
vt 0.6200 0.4005 0.0000
vt 0.5792 0.4467 0.0000
vt 0.6403 0.3929 0.0000
vt 0.7543 0.4157 0.0000
vt 0.6949 0.3762 0.0000
vt 0.6611 0.3834 0.0000
vt 0.7190 0.3733 0.0000
vt 0.7364 0.3851 0.0000
vt 0.5906 0.4154 0.0000
vt 0.7135 0.4867 0.0000
vt 0.6817 0.4845 0.0000
vt 0.6441 0.4806 0.0000
vt 0.6198 0.4844 0.0000
vt 0.5922 0.4721 0.0000
vt 0.1290 0.3986 0.0000
vt 0.1704 0.3703 0.0000
vt 0.1295 0.3358 0.0000
vt 0.1716 0.3201 0.0000
vt 0.2071 0.3891 0.0000
vt 0.2015 0.3321 0.0000
vt 0.1248 0.3065 0.0000
vt 0.1602 0.2850 0.0000
vt 0.1879 0.2894 0.0000
vt 0.2165 0.3005 0.0000
vt 0.1077 0.2737 0.0000
vt 0.1518 0.2483 0.0000
vt 0.1940 0.2502 0.0000
vt 0.2331 0.2660 0.0000
vt 0.1739 0.2964 0.0000
vt 0.1727 0.2558 0.0000
vt 0.2196 0.3430 0.0000
vt 0.2320 0.3092 0.0000
vt 0.2524 0.2845 0.0000
vt 0.1120 0.3367 0.0000
vt 0.1077 0.3152 0.0000
vt 0.0929 0.2958 0.0000
vt 0.0995 0.4924 0.0000
vt 0.1060 0.4582 0.0000
vt 0.0727 0.4876 0.0000
vt 0.0805 0.4560 0.0000
vt 0.0370 0.4765 0.0000
vt 0.0461 0.4448 0.0000
vt 0.2169 0.4167 0.0000
vt 0.2246 0.4438 0.0000
vt 0.2429 0.4101 0.0000
vt 0.2464 0.4450 0.0000
vt 0.2814 0.4045 0.0000
vt 0.2867 0.4417 0.0000
vt 0.2647 0.3128 0.0000
vt 0.2488 0.3525 0.0000
vt 0.2434 0.3872 0.0000
vt 0.2749 0.3528 0.0000
vt 0.2784 0.3796 0.0000
vt 0.2547 0.4836 0.0000
vt 0.2277 0.4821 0.0000
vt 0.2918 0.4792 0.0000
vt 0.1185 0.4261 0.0000
vt 0.0899 0.4248 0.0000
vt 0.0970 0.3953 0.0000
vt 0.0558 0.4111 0.0000
vt 0.0633 0.3845 0.0000
vt 0.0859 0.3443 0.0000
vt 0.0869 0.3105 0.0000
vt 0.0759 0.3442 0.0000
vt 0.3407 0.4693 0.0000
vt 0.3444 0.4689 0.0000
vt 0.3391 0.4836 0.0000
vt 0.3406 0.4978 0.0000
vt 0.3497 0.4933 0.0000
vt 0.3463 0.4823 0.0000
vt 0.3570 0.4633 0.0000
vt 0.3680 0.4798 0.0000
vt 0.3629 0.4708 0.0000
vt 0.3802 0.4454 0.0000
vt 0.3850 0.4499 0.0000
vt 0.3893 0.4558 0.0000
vt 0.4145 0.4156 0.0000
vt 0.4174 0.4176 0.0000
vt 0.4205 0.4212 0.0000
vt 0.4404 0.3971 0.0000
vt 0.4419 0.4001 0.0000
vt 0.4432 0.4043 0.0000
vt 0.4655 0.3836 0.0000
vt 0.4668 0.3887 0.0000
vt 0.4671 0.3942 0.0000
vt 0.2711 0.2662 0.0000
vt 0.2775 0.2571 0.0000
vt 0.2900 0.2916 0.0000
vt 0.3151 0.2850 0.0000
vt 0.5359 0.3087 0.0000
vt 0.5397 0.3349 0.0000
vt 0.5006 0.3158 0.0000
vt 0.5019 0.3499 0.0000
vt 0.3701 0.2194 0.0000
vt 0.3352 0.2080 0.0000
vt 0.3725 0.2040 0.0000
vt 0.3369 0.1942 0.0000
vt 0.4468 0.2312 0.0000
vt 0.4933 0.2315 0.0000
vt 0.4466 0.2535 0.0000
vt 0.4964 0.2564 0.0000
vt 0.5346 0.1441 0.0000
vt 0.5619 0.1378 0.0000
vt 0.5420 0.1918 0.0000
vt 0.5724 0.1908 0.0000
vt 0.4287 0.0920 0.0000
vt 0.4167 0.1514 0.0000
vt 0.3988 0.0934 0.0000
vt 0.3803 0.1429 0.0000
vt 0.3713 0.0819 0.0000
vt 0.4524 0.1540 0.0000
vt 0.4618 0.0919 0.0000
vt 0.5168 0.0750 0.0000
vt 0.5464 0.0734 0.0000
vt 0.3425 0.0738 0.0000
vt 0.3317 0.1343 0.0000
vt 0.4073 0.0317 0.0000
vt 0.4056 0.0480 0.0000
vt 0.3794 0.0259 0.0000
vt 0.3777 0.0429 0.0000
vt 0.4383 0.0365 0.0000
vt 0.4595 0.0391 0.0000
vt 0.4365 0.0523 0.0000
vt 0.4623 0.0550 0.0000
vt 0.5116 0.0500 0.0000
vt 0.5086 0.0330 0.0000
vt 0.5433 0.0450 0.0000
vt 0.5460 0.0282 0.0000
vt 0.5296 0.2559 0.0000
vt 0.5221 0.2272 0.0000
vt 0.4804 0.0388 0.0000
vt 0.4857 0.0542 0.0000
vt 0.4892 0.0830 0.0000
vt 0.4167 0.2316 0.0000
vt 0.4172 0.2112 0.0000
vt 0.5132 0.1475 0.0000
vt 0.4470 0.3591 0.0000
vt 0.4477 0.3183 0.0000
vt 0.4051 0.3140 0.0000
vt 0.4156 0.2478 0.0000
vt 0.3007 0.1976 0.0000
vt 0.3036 0.1863 0.0000
vt 0.4915 0.1511 0.0000
vt 0.5748 0.0750 0.0000
vt 0.5982 0.1279 0.0000
vt 0.5692 0.0411 0.0000
vt 0.5699 0.0262 0.0000
vt 0.3477 0.0387 0.0000
vt 0.3509 0.0241 0.0000
vt 0.4001 0.3515 0.0000
vt 0.5974 0.2810 0.0000
vt 0.5977 0.2939 0.0000
vt 0.5663 0.2996 0.0000
vt 0.5697 0.3165 0.0000
vt 0.6033 0.1871 0.0000
vt 0.6080 0.2001 0.0000
vt 0.6246 0.2690 0.0000
vt 0.6284 0.2795 0.0000
vt 0.3113 0.3124 0.0000
vt 0.4953 0.1991 0.0000
vt 0.4485 0.2084 0.0000
vt 0.5567 0.2482 0.0000
vt 0.5841 0.2322 0.0000
vt 0.6125 0.2205 0.0000
vt 0.3319 0.2239 0.0000
vt 0.2957 0.2140 0.0000
vt 0.3578 0.2993 0.0000
vt 0.3679 0.2354 0.0000
vt 0.5192 0.1921 0.0000
vt 0.5794 0.2108 0.0000
vt 0.5475 0.2204 0.0000
vt 0.3538 0.3356 0.0000
vt 0.3220 0.3158 0.0000
# 1159 texture coords

o Cow_Body
g Cow_Body
usemtl 05___Default
s 1
f 235/1/235 236/2/236 237/3/237 
f 236/2/236 235/1/235 238/4/238 
f 237/5/237 239/6/239 240/7/240 
f 239/6/239 237/5/237 236/8/236 
f 240/7/240 238/4/238 235/1/235 
f 238/4/238 240/7/240 239/6/239 
f 238/4/238 241/9/241 236/2/236 
f 241/9/241 238/4/238 242/10/242 
f 236/8/236 243/11/243 239/6/239 
f 243/11/243 236/8/236 241/12/241 
f 239/6/239 242/10/242 238/4/238 
f 242/10/242 239/6/239 243/11/243 
f 242/10/242 244/13/244 241/9/241 
f 244/13/244 242/10/242 245/14/245 
f 241/12/241 246/15/246 243/11/243 
f 246/15/246 241/12/241 244/16/244 
f 243/11/243 245/14/245 242/10/242 
f 245/14/245 243/11/243 246/15/246 
f 245/14/245 247/17/247 244/13/244 
f 247/17/247 245/14/245 248/18/248 
f 244/16/244 249/19/249 246/15/246 
f 249/19/249 244/16/244 247/20/247 
f 246/15/246 248/18/248 245/14/245 
f 248/18/248 246/15/246 249/19/249 
f 248/18/248 250/21/250 247/17/247 
f 250/21/250 248/18/248 251/22/251 
f 247/20/247 252/23/252 249/19/249 
f 252/23/252 247/20/247 250/24/250 
f 249/19/249 251/22/251 248/18/248 
f 251/22/251 249/19/249 252/23/252 
f 235/1/235 253/2/253 254/4/254 
f 253/2/253 235/1/235 237/3/237 
f 237/5/237 255/6/255 253/8/253 
f 255/6/255 237/5/237 240/7/240 
f 240/7/240 254/4/254 255/6/255 
f 254/4/254 240/7/240 235/1/235 
f 254/4/254 256/9/256 257/10/257 
f 256/9/256 254/4/254 253/2/253 
f 253/8/253 258/11/258 256/12/256 
f 258/11/258 253/8/253 255/6/255 
f 255/6/255 257/10/257 258/11/258 
f 257/10/257 255/6/255 254/4/254 
f 257/10/257 259/13/259 260/14/260 
f 259/13/259 257/10/257 256/9/256 
f 256/12/256 261/15/261 259/16/259 
f 261/15/261 256/12/256 258/11/258 
f 258/11/258 260/14/260 261/15/261 
f 260/14/260 258/11/258 257/10/257 
f 260/14/260 262/17/262 263/18/263 
f 262/17/262 260/14/260 259/13/259 
f 259/16/259 264/19/264 262/20/262 
f 264/19/264 259/16/259 261/15/261 
f 261/15/261 263/18/263 264/19/264 
f 263/18/263 261/15/261 260/14/260 
f 263/18/263 250/21/250 251/22/251 
f 250/21/250 263/18/263 262/17/262 
f 262/20/262 252/23/252 250/24/250 
f 252/23/252 262/20/262 264/19/264 
f 264/19/264 251/22/251 252/23/252 
f 251/22/251 264/19/264 263/18/263 
f 265/25/265 266/26/266 267/27/267 
f 267/27/267 268/28/268 269/29/269 
f 267/27/267 266/26/266 268/28/268 
f 266/26/266 270/30/270 268/28/268 
f 265/25/265 271/31/271 266/26/266 
f 266/26/266 272/32/272 270/30/270 
f 266/26/266 271/31/271 272/32/272 
f 271/31/271 273/33/273 272/32/272 
f 265/25/265 274/34/274 271/31/271 
f 271/31/271 275/35/275 273/33/273 
f 271/31/271 274/34/274 275/35/275 
f 274/34/274 276/36/276 275/35/275 
f 265/25/265 277/37/277 274/34/274 
f 274/34/274 278/38/278 276/36/276 
f 274/34/274 277/37/277 278/38/278 
f 277/37/277 279/39/279 278/38/278 
f 265/25/265 267/27/267 277/37/277 
f 277/37/277 280/40/280 279/39/279 
f 277/37/277 267/27/267 280/40/280 
f 267/27/267 269/29/269 280/40/280 
f 269/29/269 281/41/281 282/42/282 
f 282/42/282 283/43/283 284/44/284 
f 282/42/282 281/41/281 283/43/283 
f 281/41/281 285/45/285 283/43/283 
f 270/30/270 286/46/286 287/47/287 
f 287/47/287 288/48/288 285/45/285 
f 287/47/287 286/46/286 288/48/288 
f 286/46/286 289/49/289 288/48/288 
f 273/33/273 290/50/290 291/51/291 
f 291/51/291 292/52/292 289/49/289 
f 291/51/291 290/50/290 292/52/292 
f 290/50/290 293/53/293 292/52/292 
f 276/36/276 294/54/294 295/55/295 
f 295/55/295 296/56/296 293/53/293 
f 295/55/295 294/54/294 296/56/296 
f 294/54/294 297/57/297 296/56/296 
f 279/39/279 298/58/298 299/59/299 
f 299/59/299 300/60/300 297/57/297 
f 299/59/299 298/58/298 300/60/300 
f 298/58/298 284/44/284 300/60/300 
f 285/45/285 281/41/281 287/47/287 
f 287/47/287 268/28/268 270/30/270 
f 287/47/287 281/41/281 268/28/268 
f 281/41/281 269/29/269 268/28/268 
f 289/49/289 286/46/286 291/51/291 
f 291/51/291 272/32/272 273/33/273 
f 291/51/291 286/46/286 272/32/272 
f 286/46/286 270/30/270 272/32/272 
f 293/53/293 290/50/290 295/55/295 
f 295/55/295 275/35/275 276/36/276 
f 295/55/295 290/50/290 275/35/275 
f 290/50/290 273/33/273 275/35/275 
f 297/57/297 294/54/294 299/59/299 
f 299/59/299 278/38/278 279/39/279 
f 299/59/299 294/54/294 278/38/278 
f 294/54/294 276/36/276 278/38/278 
f 284/44/284 298/58/298 282/42/282 
f 282/42/282 280/40/280 269/29/269 
f 282/42/282 298/58/298 280/40/280 
f 298/58/298 279/39/279 280/40/280 
f 301/61/301 302/62/302 303/63/303 
f 303/63/303 288/48/288 289/49/289 
f 303/63/303 302/62/302 288/48/288 
f 302/62/302 285/45/285 288/48/288 
f 301/61/301 303/63/303 304/64/304 
f 304/64/304 292/52/292 293/53/293 
f 304/64/304 303/63/303 292/52/292 
f 303/63/303 289/49/289 292/52/292 
f 301/61/301 304/64/304 305/65/305 
f 305/65/305 296/56/296 297/57/297 
f 305/65/305 304/64/304 296/56/296 
f 304/64/304 293/53/293 296/56/296 
f 301/61/301 305/65/305 306/66/306 
f 306/66/306 300/60/300 284/44/284 
f 306/66/306 305/65/305 300/60/300 
f 305/65/305 297/57/297 300/60/300 
f 301/61/301 306/66/306 302/62/302 
f 302/62/302 283/43/283 285/45/285 
f 302/62/302 306/66/306 283/43/283 
f 306/66/306 284/44/284 283/43/283 
f 307/67/307 308/68/308 309/69/309 
f 308/68/308 307/67/307 310/70/310 
f 311/71/311 312/72/312 313/73/313 
f 312/72/312 311/71/311 314/74/314 
f 315/75/315 316/76/316 317/77/317 
f 316/76/316 315/75/315 318/78/318 
f 319/79/319 317/80/317 320/81/320 
f 317/80/317 319/79/319 315/82/315 
f 321/83/321 322/84/322 323/85/323 
f 322/84/322 321/83/321 324/86/324 
f 325/87/325 326/88/326 327/89/327 
f 326/88/326 325/87/325 328/90/328 
f 329/91/329 328/92/328 325/93/325 
f 328/92/328 329/91/329 330/94/330 
f 331/95/331 332/96/332 333/97/333 
f 332/96/332 331/95/331 334/98/334 
f 321/83/321 323/85/323 335/99/335 
f 325/87/325 327/89/327 335/99/335 
f 329/91/329 325/93/325 335/100/335 
f 331/95/331 333/97/333 335/99/335 
f 324/86/324 309/69/309 322/84/322 
f 309/69/309 324/86/324 312/72/312 
f 328/90/328 313/73/313 326/88/326 
f 313/73/313 328/90/328 316/101/316 
f 330/94/330 316/76/316 328/92/328 
f 316/76/316 330/94/330 317/77/317 
f 334/98/334 320/81/320 332/96/332 
f 320/81/320 334/98/334 308/68/308 
f 319/79/319 336/102/336 337/103/337 
f 336/102/336 319/79/319 310/70/310 
f 315/104/315 338/105/338 318/106/318 
f 338/105/338 315/104/315 339/107/339 
f 311/71/311 338/108/338 340/109/340 
f 338/108/338 311/71/311 318/110/318 
f 307/67/307 341/111/341 342/112/342 
f 341/111/341 307/67/307 314/74/314 
f 337/113/337 343/114/343 344/115/344 
f 343/114/343 337/113/337 336/116/336 
f 339/107/339 345/117/345 338/105/338 
f 345/117/345 339/107/339 346/118/346 
f 340/119/340 345/117/345 347/120/347 
f 345/117/345 340/119/340 338/105/338 
f 341/121/341 348/122/348 342/123/342 
f 348/122/348 341/121/341 349/124/349 
f 350/125/350 344/115/344 343/114/343 
f 344/115/344 350/125/350 346/118/346 
f 346/118/346 350/125/350 345/117/345 
f 350/125/350 347/120/347 345/117/345 
f 347/120/347 350/125/350 349/124/349 
f 349/124/349 350/125/350 348/122/348 
f 314/74/314 309/69/309 312/72/312 
f 309/69/309 314/74/314 307/67/307 
f 331/95/331 322/84/322 334/98/334 
f 322/84/322 331/95/331 323/85/323 
f 334/98/334 309/69/309 308/68/308 
f 309/69/309 334/98/334 322/84/322 
f 307/67/307 336/102/336 310/70/310 
f 336/102/336 307/67/307 342/112/342 
f 335/99/335 323/85/323 331/95/331 
f 336/126/336 348/122/348 343/127/343 
f 348/122/348 336/126/336 342/123/342 
f 348/122/348 350/125/350 343/127/343 
f 318/110/318 313/73/313 316/101/316 
f 313/73/313 318/110/318 311/71/311 
f 310/70/310 320/81/320 308/68/308 
f 320/81/320 310/70/310 319/79/319 
f 321/83/321 326/88/326 324/86/324 
f 326/88/326 321/83/321 327/89/327 
f 329/128/329 332/96/332 330/129/330 
f 332/96/332 329/128/329 333/97/333 
f 324/86/324 313/73/313 312/72/312 
f 313/73/313 324/86/324 326/88/326 
f 330/129/330 320/81/320 317/80/317 
f 320/81/320 330/129/330 332/96/332 
f 319/79/319 339/130/339 315/82/315 
f 339/130/339 319/79/319 337/103/337 
f 311/71/311 341/111/341 314/74/314 
f 341/111/341 311/71/311 340/109/340 
f 339/107/339 344/115/344 346/118/346 
f 344/115/344 339/107/339 337/113/337 
f 341/121/341 347/120/347 349/124/349 
f 347/120/347 341/121/341 340/119/340 
f 335/99/335 333/97/333 329/128/329 
f 335/99/335 327/89/327 321/83/321 
f 351/131/351 352/132/352 353/133/353 
f 354/134/354 353/133/353 352/132/352 
f 355/135/355 356/136/356 357/137/357 
f 358/138/358 357/137/357 356/136/356 
f 359/139/359 356/136/356 360/140/360 
f 355/135/355 360/140/360 356/136/356 
f 361/141/361 362/142/362 363/143/363 
f 364/144/364 363/143/363 362/142/362 
f 365/145/365 366/146/366 367/147/367 
f 368/148/368 367/147/367 366/146/366 
f 369/149/369 362/142/362 370/150/370 
f 361/141/361 370/150/370 362/142/362 
f 362/142/362 371/151/371 372/152/372 
f 373/153/373 372/152/372 371/151/371 
f 362/142/362 372/152/372 364/144/364 
f 374/154/374 364/144/364 372/152/372 
f 366/146/366 375/155/375 368/148/368 
f 376/156/376 368/148/368 375/155/375 
f 353/133/353 359/139/359 351/131/351 
f 360/140/360 351/131/351 359/139/359 
f 377/157/377 372/152/372 378/158/378 
f 373/153/373 378/158/378 372/152/372 
f 377/157/377 379/159/379 372/152/372 
f 374/154/374 372/152/372 379/159/379 
f 380/160/380 381/161/381 382/162/382 
f 383/163/383 382/162/382 381/161/381 
f 384/164/384 357/137/357 385/165/385 
f 358/138/358 385/165/385 357/137/357 
f 386/166/386 387/167/387 363/143/363 
f 361/141/361 363/143/363 387/167/387 
f 388/168/388 370/150/370 387/167/387 
f 361/141/361 387/167/387 370/150/370 
f 375/155/375 389/169/389 390/170/390 
f 363/143/363 364/144/364 391/171/391 
f 392/172/392 391/171/391 364/144/364 
f 374/154/374 393/173/393 364/144/364 
f 376/156/376 375/155/375 394/174/394 
f 390/170/390 394/174/394 375/155/375 
f 395/175/395 396/176/396 379/159/379 
f 374/154/374 379/159/379 396/176/396 
f 366/146/366 397/177/397 375/155/375 
f 398/178/398 375/155/375 397/177/397 
f 366/146/366 365/145/365 397/177/397 
f 399/179/399 397/177/397 365/145/365 
f 378/158/378 382/162/382 400/180/400 
f 379/159/379 377/157/377 376/181/376 
f 368/182/368 376/181/376 377/157/377 
f 376/181/376 394/183/394 379/159/379 
f 395/184/395 379/159/379 394/183/394 
f 400/180/400 382/162/382 383/163/383 
f 352/132/352 351/131/351 401/185/401 
f 402/186/402 401/185/401 351/131/351 
f 403/187/403 404/188/404 352/189/352 
f 354/190/354 352/189/352 404/188/404 
f 360/140/360 405/191/405 406/192/406 
f 406/192/406 402/186/402 360/140/360 
f 351/131/351 360/140/360 402/186/402 
f 407/193/407 408/194/408 409/195/409 
f 410/196/410 411/197/411 401/198/401 
f 412/199/412 411/197/411 407/193/407 
f 413/200/413 414/201/414 409/195/409 
f 415/202/415 409/195/409 414/201/414 
f 416/203/416 417/204/417 403/187/403 
f 404/188/404 403/187/403 417/204/417 
f 406/192/406 418/205/418 419/206/419 
f 418/205/418 405/191/405 414/201/414 
f 415/202/415 414/201/414 405/191/405 
f 420/207/420 386/166/386 421/208/421 
f 389/169/389 398/178/398 422/209/422 
f 387/167/387 386/166/386 397/177/397 
f 398/178/398 397/177/397 386/166/386 
f 387/167/387 397/177/397 388/168/388 
f 399/179/399 388/168/388 397/177/397 
f 417/204/417 416/203/416 385/165/385 
f 384/164/384 385/165/385 416/203/416 
f 381/161/381 380/160/380 371/151/371 
f 371/151/371 369/149/369 356/136/356 
f 358/138/358 370/150/370 385/165/385 
f 388/168/388 385/165/385 370/150/370 
f 385/165/385 388/168/388 417/204/417 
f 399/179/399 417/204/417 388/168/388 
f 417/204/417 399/179/399 404/188/404 
f 365/145/365 404/188/404 399/179/399 
f 404/188/404 365/145/365 354/190/354 
f 367/147/367 354/190/354 365/145/365 
f 422/209/422 398/178/398 420/207/420 
f 386/166/386 420/207/420 398/178/398 
f 389/169/389 375/155/375 398/178/398 
f 355/135/355 415/202/415 405/191/405 
f 418/205/418 406/192/406 405/191/405 
f 423/210/423 402/186/402 406/192/406 
f 423/210/423 406/192/406 419/206/419 
f 407/193/407 411/197/411 408/194/408 
f 401/198/401 412/199/412 352/189/352 
f 403/187/403 352/189/352 412/199/412 
f 403/187/403 412/199/412 416/203/416 
f 407/193/407 416/203/416 412/199/412 
f 384/164/384 416/203/416 409/195/409 
f 407/193/407 409/195/409 416/203/416 
f 384/164/384 409/195/409 357/137/357 
f 409/195/409 415/202/415 357/137/357 
f 408/194/408 413/200/413 409/195/409 
f 374/154/374 396/176/396 393/173/393 
f 393/173/393 392/172/392 364/144/364 
f 363/143/363 391/171/391 386/166/386 
f 421/208/421 386/166/386 391/171/391 
f 360/140/360 355/135/355 405/191/405 
f 355/135/355 357/137/357 415/202/415 
f 402/186/402 423/210/423 410/211/410 401/185/401 
f 411/197/411 412/199/412 401/198/401 
f 369/149/369 371/151/371 362/142/362 
f 370/150/370 358/138/358 369/149/369 
f 356/136/356 369/149/369 358/138/358 
f 354/134/354 367/212/367 353/133/353 
f 424/213/424 353/133/353 367/212/367 
f 367/212/367 368/182/368 424/213/424 
f 377/157/377 424/213/424 368/182/368 
f 359/139/359 381/161/381 356/136/356 
f 371/151/371 356/136/356 381/161/381 
f 353/133/353 383/163/383 359/139/359 
f 381/161/381 359/139/359 383/163/383 
f 371/151/371 380/160/380 373/153/373 
f 380/160/380 382/162/382 373/153/373 
f 378/158/378 373/153/373 382/162/382 
f 353/133/353 424/213/424 383/163/383 
f 400/180/400 383/163/383 424/213/424 
f 377/157/377 378/158/378 424/213/424 
f 400/180/400 424/213/424 378/158/378 
f 425/214/425 426/215/426 427/216/427 
f 428/217/428 427/216/427 426/215/426 
f 429/218/429 430/219/430 431/220/431 432/221/432 
f 433/222/433 426/215/426 434/223/434 
f 434/223/434 426/215/426 435/224/435 
f 436/225/436 437/226/437 434/223/434 
f 433/222/433 434/223/434 437/226/437 
f 438/227/438 426/215/426 425/214/425 
f 435/224/435 426/215/426 438/227/438 
f 413/200/413 439/228/439 414/201/414 
f 440/229/440 414/201/414 439/228/439 
f 414/201/414 440/229/440 418/205/418 
f 441/230/441 418/205/418 440/229/440 
f 439/228/439 442/231/442 440/229/440 
f 443/232/443 440/229/440 442/231/442 
f 444/233/444 445/234/445 441/230/441 
f 442/231/442 427/235/427 443/232/443 
f 428/236/428 443/232/443 427/235/427 
f 433/237/433 437/238/437 444/233/444 
f 445/234/445 444/233/444 437/238/437 
f 446/239/446 444/233/444 440/229/440 
f 446/239/446 426/240/426 444/233/444 
f 433/237/433 444/233/444 426/240/426 
f 443/232/443 428/236/428 446/239/446 
f 426/240/426 446/239/446 428/236/428 
f 443/232/443 446/239/446 440/229/440 
f 447/241/447 418/205/418 441/230/441 
f 445/234/445 448/242/448 441/230/441 
f 447/241/447 441/230/441 448/242/448 
f 437/238/437 436/243/436 445/234/445 
f 448/242/448 445/234/445 436/243/436 
f 413/200/413 449/244/449 439/228/439 
f 439/228/439 449/244/449 442/231/442 
f 450/245/450 442/231/442 449/244/449 
f 442/231/442 450/245/450 427/235/427 
f 425/246/425 427/235/427 450/245/450 
f 440/229/440 444/233/444 441/230/441 
f 410/196/410 451/247/451 411/197/411 
f 452/248/452 411/197/411 451/247/451 
f 451/247/451 453/249/453 452/248/452 
f 454/250/454 452/248/452 453/249/453 
f 419/206/419 455/251/455 423/210/423 
f 456/252/456 423/210/423 455/251/455 
f 455/251/455 432/253/432 456/252/456 
f 457/254/457 456/252/456 432/253/432 
f 436/243/436 434/255/434 448/242/448 
f 447/241/447 458/256/458 418/205/418 
f 459/257/459 418/205/418 458/256/458 
f 448/242/448 458/256/458 447/241/447 
f 458/256/458 460/258/460 459/257/459 
f 429/259/429 459/257/459 460/258/460 
f 434/255/434 460/258/460 458/256/458 
f 459/257/459 455/251/455 418/205/418 
f 419/206/419 418/205/418 455/251/455 
f 429/259/429 432/253/432 459/257/459 
f 455/251/455 459/257/459 432/253/432 
f 456/252/456 451/260/451 410/211/410 423/210/423 
f 457/254/457 453/261/453 456/252/456 
f 451/260/451 456/252/456 453/261/453 
f 408/194/408 461/262/461 413/200/413 
f 462/263/462 413/200/413 461/262/461 
f 461/262/461 463/264/463 462/263/462 
f 464/265/464 462/263/462 463/264/463 
f 408/194/408 411/197/411 461/262/461 
f 452/248/452 461/262/461 411/197/411 
f 461/262/461 452/248/452 463/264/463 
f 454/250/454 463/264/463 452/248/452 
f 413/200/413 462/263/462 449/244/449 
f 465/266/465 449/244/449 462/263/462 
f 449/244/449 465/266/465 450/245/450 
f 438/267/438 450/245/450 465/266/465 
f 450/245/450 438/267/438 425/246/425 
f 462/263/462 464/265/464 465/266/465 
f 466/268/466 465/266/465 464/265/464 
f 466/268/466 438/267/438 465/266/465 
f 434/255/434 458/256/458 448/242/448 
f 464/269/464 463/270/463 431/220/431 430/219/430 
f 466/271/466 464/269/464 430/219/430 467/272/467 
f 467/272/467 430/219/430 429/218/429 460/273/460 
f 438/227/438 466/271/466 467/272/467 435/224/435 
f 435/224/435 467/272/467 460/273/460 434/223/434 
f 463/270/463 454/274/454 468/275/468 431/220/431 
f 431/220/431 468/275/468 457/276/457 432/221/432 
f 454/274/454 453/277/453 468/275/468 
f 468/275/468 453/277/453 457/276/457 
f 469/278/469 470/279/470 471/280/471 
f 472/281/472 471/280/471 470/279/470 
f 473/282/473 474/283/474 475/284/475 
f 476/285/476 475/284/475 474/283/474 
f 477/286/477 478/287/478 475/284/475 
f 473/282/473 475/284/475 478/287/478 
f 479/288/479 480/289/480 481/290/481 
f 482/291/482 481/290/481 480/289/480 
f 483/292/483 484/293/484 485/294/485 
f 486/295/486 485/294/485 484/293/484 
f 487/296/487 488/297/488 481/290/481 
f 479/288/479 481/290/481 488/297/488 
f 481/290/481 489/298/489 490/299/490 
f 491/300/491 490/299/490 489/298/489 
f 481/290/481 482/291/482 489/298/489 
f 492/301/492 489/298/489 482/291/482 
f 485/294/485 486/295/486 493/302/493 
f 494/303/494 493/302/493 486/295/486 
f 470/279/470 469/278/469 477/286/477 
f 478/287/478 477/286/477 469/278/469 
f 495/304/495 496/305/496 489/298/489 
f 491/300/491 489/298/489 496/305/496 
f 495/304/495 489/298/489 497/306/497 
f 492/301/492 497/306/497 489/298/489 
f 498/307/498 499/308/499 500/309/500 
f 501/310/501 500/309/500 499/308/499 
f 502/311/502 503/312/503 474/283/474 
f 476/285/476 474/283/474 503/312/503 
f 504/313/504 480/289/480 505/314/505 
f 479/288/479 505/314/505 480/289/480 
f 506/315/506 505/314/505 488/297/488 
f 479/288/479 488/297/488 505/314/505 
f 493/302/493 507/316/507 508/317/508 
f 480/289/480 509/318/509 482/291/482 
f 510/319/510 482/291/482 509/318/509 
f 492/301/492 482/291/482 511/320/511 
f 494/303/494 512/321/512 493/302/493 
f 507/316/507 493/302/493 512/321/512 
f 513/322/513 497/306/497 514/323/514 
f 492/301/492 514/323/514 497/306/497 
f 485/294/485 493/302/493 515/324/515 
f 516/325/516 515/324/515 493/302/493 
f 485/294/485 515/324/515 483/292/483 
f 517/326/517 483/292/483 515/324/515 
f 496/305/496 518/327/518 499/308/499 
f 497/306/497 494/328/494 495/304/495 
f 486/329/486 495/304/495 494/328/494 
f 494/328/494 497/306/497 512/330/512 
f 513/331/513 512/330/512 497/306/497 
f 518/327/518 501/310/501 499/308/499 
f 471/280/471 519/332/519 469/278/469 
f 520/333/520 469/278/469 519/332/519 
f 521/334/521 471/335/471 522/336/522 
f 472/337/472 522/336/522 471/335/471 
f 478/287/478 523/338/523 524/339/524 
f 523/338/523 478/287/478 520/333/520 
f 469/278/469 520/333/520 478/287/478 
f 525/340/525 526/341/526 527/342/527 
f 528/343/528 519/344/519 529/345/529 
f 530/346/530 525/340/525 529/345/529 
f 531/347/531 526/341/526 532/348/532 
f 533/349/533 532/348/532 526/341/526 
f 534/350/534 521/334/521 535/351/535 
f 522/336/522 535/351/535 521/334/521 
f 523/338/523 536/352/536 537/353/537 
f 537/353/537 532/348/532 524/339/524 
f 533/349/533 524/339/524 532/348/532 
f 538/354/538 539/355/539 504/313/504 
f 508/317/508 540/356/540 516/325/516 
f 505/314/505 515/324/515 504/313/504 
f 516/325/516 504/313/504 515/324/515 
f 505/314/505 506/315/506 515/324/515 
f 517/326/517 515/324/515 506/315/506 
f 535/351/535 503/312/503 534/350/534 
f 502/311/502 534/350/534 503/312/503 
f 500/309/500 490/299/490 498/307/498 
f 490/299/490 475/284/475 487/296/487 
f 476/285/476 503/312/503 488/297/488 
f 506/315/506 488/297/488 503/312/503 
f 503/312/503 535/351/535 506/315/506 
f 517/326/517 506/315/506 535/351/535 
f 535/351/535 522/336/522 517/326/517 
f 483/292/483 517/326/517 522/336/522 
f 522/336/522 472/337/472 483/292/483 
f 484/293/484 483/292/483 472/337/472 
f 540/356/540 538/354/538 516/325/516 
f 504/313/504 516/325/516 538/354/538 
f 508/317/508 516/325/516 493/302/493 
f 473/282/473 524/339/524 533/349/533 
f 537/353/537 524/339/524 523/338/523 
f 541/357/541 523/338/523 520/333/520 
f 541/357/541 536/352/536 523/338/523 
f 525/340/525 527/342/527 529/345/529 
f 519/344/519 471/335/471 530/346/530 
f 521/334/521 530/346/530 471/335/471 
f 521/334/521 534/350/534 530/346/530 
f 525/340/525 530/346/530 534/350/534 
f 502/311/502 526/341/526 534/350/534 
f 525/340/525 534/350/534 526/341/526 
f 502/311/502 474/283/474 526/341/526 
f 526/341/526 474/283/474 533/349/533 
f 527/342/527 526/341/526 531/347/531 
f 492/301/492 511/320/511 514/323/514 
f 511/320/511 482/291/482 510/319/510 
f 480/289/480 504/313/504 509/318/509 
f 539/355/539 509/318/509 504/313/504 
f 478/287/478 524/339/524 473/282/473 
f 473/282/473 533/349/533 474/283/474 
f 520/333/520 519/332/519 528/358/528 541/357/541 
f 529/345/529 519/344/519 530/346/530 
f 487/296/487 481/290/481 490/299/490 
f 488/297/488 487/296/487 476/285/476 
f 475/284/475 476/285/476 487/296/487 
f 472/281/472 470/279/470 484/359/484 
f 542/360/542 484/359/484 470/279/470 
f 484/359/484 542/360/542 486/329/486 
f 495/304/495 486/329/486 542/360/542 
f 477/286/477 475/284/475 500/309/500 
f 490/299/490 500/309/500 475/284/475 
f 470/279/470 477/286/477 501/310/501 
f 500/309/500 501/310/501 477/286/477 
f 490/299/490 491/300/491 498/307/498 
f 498/307/498 491/300/491 499/308/499 
f 496/305/496 499/308/499 491/300/491 
f 470/279/470 501/310/501 542/360/542 
f 518/327/518 542/360/542 501/310/501 
f 495/304/495 542/360/542 496/305/496 
f 518/327/518 496/305/496 542/360/542 
f 543/361/543 544/362/544 545/363/545 
f 546/364/546 545/363/545 544/362/544 
f 547/365/547 548/366/548 549/367/549 550/368/550 
f 551/369/551 552/370/552 545/363/545 
f 552/370/552 553/371/553 545/363/545 
f 554/372/554 552/370/552 555/373/555 
f 551/369/551 555/373/555 552/370/552 
f 556/374/556 543/361/543 545/363/545 
f 553/371/553 556/374/556 545/363/545 
f 531/347/531 532/348/532 557/375/557 
f 558/376/558 557/375/557 532/348/532 
f 532/348/532 537/353/537 558/376/558 
f 559/377/559 558/376/558 537/353/537 
f 557/375/557 558/376/558 560/378/560 
f 561/379/561 560/378/560 558/376/558 
f 562/380/562 559/377/559 563/381/563 
f 560/378/560 561/379/561 544/382/544 
f 546/383/546 544/382/544 561/379/561 
f 551/384/551 562/380/562 555/385/555 
f 563/381/563 555/385/555 562/380/562 
f 564/386/564 558/376/558 562/380/562 
f 564/386/564 562/380/562 545/387/545 
f 551/384/551 545/387/545 562/380/562 
f 561/379/561 564/386/564 546/383/546 
f 545/387/545 546/383/546 564/386/564 
f 561/379/561 558/376/558 564/386/564 
f 565/388/565 559/377/559 537/353/537 
f 563/381/563 559/377/559 566/389/566 
f 565/388/565 566/389/566 559/377/559 
f 555/385/555 563/381/563 554/390/554 
f 566/389/566 554/390/554 563/381/563 
f 531/347/531 557/375/557 567/391/567 
f 557/375/557 560/378/560 567/391/567 
f 568/392/568 567/391/567 560/378/560 
f 560/378/560 544/382/544 568/392/568 
f 543/393/543 568/392/568 544/382/544 
f 558/376/558 559/377/559 562/380/562 
f 528/343/528 529/345/529 569/394/569 
f 570/395/570 569/394/569 529/345/529 
f 569/394/569 570/395/570 571/396/571 
f 572/397/572 571/396/571 570/395/570 
f 536/352/536 541/357/541 573/398/573 
f 574/399/574 573/398/573 541/357/541 
f 573/398/573 574/399/574 548/400/548 
f 575/401/575 548/400/548 574/399/574 
f 554/390/554 566/389/566 552/402/552 
f 565/388/565 537/353/537 576/403/576 
f 577/404/577 576/403/576 537/353/537 
f 566/389/566 565/388/565 576/403/576 
f 576/403/576 577/404/577 578/405/578 
f 547/406/547 578/405/578 577/404/577 
f 552/402/552 576/403/576 578/405/578 
f 577/404/577 537/353/537 573/398/573 
f 536/352/536 573/398/573 537/353/537 
f 547/406/547 577/404/577 548/400/548 
f 573/398/573 548/400/548 577/404/577 
f 574/399/574 541/357/541 528/358/528 569/407/569 
f 575/401/575 574/399/574 571/408/571 
f 569/407/569 571/408/571 574/399/574 
f 527/342/527 531/347/531 579/409/579 
f 580/410/580 579/409/579 531/347/531 
f 579/409/579 580/410/580 581/411/581 
f 582/412/582 581/411/581 580/410/580 
f 527/342/527 579/409/579 529/345/529 
f 570/395/570 529/345/529 579/409/579 
f 579/409/579 581/411/581 570/395/570 
f 572/397/572 570/395/570 581/411/581 
f 531/347/531 567/391/567 580/410/580 
f 583/413/583 580/410/580 567/391/567 
f 567/391/567 568/392/568 583/413/583 
f 556/414/556 583/413/583 568/392/568 
f 568/392/568 543/393/543 556/414/556 
f 580/410/580 583/413/583 582/412/582 
f 584/415/584 582/412/582 583/413/583 
f 584/415/584 583/413/583 556/414/556 
f 552/402/552 566/389/566 576/403/576 
f 582/416/582 550/368/550 549/367/549 581/417/581 
f 584/418/584 585/419/585 550/368/550 582/416/582 
f 585/419/585 578/420/578 547/365/547 550/368/550 
f 556/374/556 553/371/553 585/419/585 584/418/584 
f 553/371/553 552/370/552 578/420/578 585/419/585 
f 581/417/581 549/367/549 586/421/586 572/422/572 
f 549/367/549 548/366/548 575/423/575 586/421/586 
f 572/422/572 586/421/586 571/424/571 
f 586/421/586 575/423/575 571/424/571 
usemtl 04___Default
f 587/425/587 588/426/588 589/427/589 
f 590/428/590 589/427/589 588/426/588 
f 591/429/591 592/430/592 593/431/593 
f 594/432/594 595/433/595 596/434/596 
f 597/435/597 598/436/598 599/437/599 
f 600/438/600 601/439/601 602/440/602 
f 603/441/603 602/440/602 601/439/601 
f 592/430/592 604/442/604 605/443/605 
f 606/444/606 605/443/605 604/442/604 
f 607/445/607 608/446/608 609/447/609 
f 610/448/610 611/449/611 612/450/612 
f 613/451/613 612/450/612 611/449/611 
f 614/452/614 615/453/615 616/454/616 
f 617/455/617 618/456/618 619/457/619 
f 620/458/620 595/433/595 621/459/621 
f 614/452/614 622/460/622 615/453/615 
f 623/461/623 615/453/615 622/460/622 
f 615/453/615 623/461/623 621/459/621 
f 624/462/624 621/459/621 623/461/623 
f 625/463/625 603/441/603 601/439/601 
f 616/454/616 615/453/615 594/432/594 
f 616/454/616 594/432/594 596/434/596 
f 621/459/621 595/433/595 615/453/615 
f 594/432/594 615/453/615 595/433/595 
f 601/439/601 600/438/600 626/464/626 
f 627/465/627 626/464/626 600/438/600 
f 628/466/628 629/467/629 630/468/630 
f 631/469/631 630/468/630 629/467/629 
f 606/444/606 604/442/604 632/470/632 
f 609/447/609 632/470/632 604/442/604 
f 619/457/619 618/456/618 633/471/633 
f 634/472/634 633/471/633 618/456/618 
f 602/440/602 603/441/603 635/473/635 
f 636/474/636 635/473/635 603/441/603 
f 608/446/608 607/445/607 637/475/637 
f 638/476/638 637/475/637 607/445/607 
f 639/477/639 640/478/640 619/457/619 
f 617/455/617 619/457/619 640/478/640 
f 640/478/640 641/479/641 617/455/617 
f 596/434/596 617/455/617 641/479/641 
f 641/479/641 616/454/616 596/434/596 
f 642/480/642 643/481/643 644/482/644 
f 645/483/645 644/482/644 643/481/643 
f 646/484/646 596/434/596 595/433/595 
f 621/459/621 624/462/624 647/485/647 
f 648/486/648 647/485/647 624/462/624 
f 617/455/617 596/434/596 646/484/646 
f 649/487/649 642/480/642 634/472/634 
f 644/482/644 634/472/634 642/480/642 
f 645/483/645 643/481/643 650/488/650 
f 651/489/651 650/488/650 643/481/643 
f 593/431/593 590/428/590 652/490/652 
f 593/431/593 653/491/653 590/428/590 
f 654/492/654 655/493/655 656/494/656 
f 657/495/657 658/496/658 613/451/613 
f 612/450/612 613/451/613 658/496/658 
f 611/449/611 659/497/659 614/452/614 
f 622/460/622 614/452/614 659/497/659 
f 613/451/613 611/449/611 616/454/616 
f 614/452/614 616/454/616 611/449/611 
f 613/451/613 616/454/616 657/495/657 
f 641/479/641 657/495/657 616/454/616 
f 629/467/629 660/498/660 661/499/661 
f 662/500/662 663/501/663 664/502/664 
f 664/502/664 663/501/663 665/503/665 
f 666/504/666 665/503/665 663/501/663 
f 625/463/625 636/474/636 603/441/603 
f 646/484/646 595/433/595 620/458/620 
f 618/456/618 646/484/646 667/505/667 
f 668/506/668 667/505/667 646/484/646 
f 618/456/618 667/505/667 634/472/634 
f 634/472/634 667/505/667 649/487/649 
f 644/482/644 633/471/633 634/472/634 
f 633/471/633 644/482/644 669/507/669 
f 670/508/670 669/507/669 645/483/645 
f 644/482/644 645/483/645 669/507/669 
f 645/483/645 650/488/650 670/508/670 
f 671/509/671 670/508/670 650/488/650 
f 602/440/602 635/473/635 672/510/672 
f 673/511/673 672/510/672 635/473/635 
f 602/440/602 672/510/672 600/438/600 
f 674/512/674 600/438/600 672/510/672 
f 600/438/600 674/512/674 627/465/627 
f 675/513/675 627/465/627 674/512/674 
f 673/511/673 639/477/639 633/471/633 
f 619/457/619 633/471/633 639/477/639 
f 672/510/672 673/511/673 669/507/669 
f 633/471/633 669/507/669 673/511/673 
f 672/510/672 669/507/669 674/512/674 
f 670/508/670 674/512/674 669/507/669 
f 674/512/674 670/508/670 675/513/675 
f 671/509/671 675/513/675 670/508/670 
f 655/493/655 666/514/666 656/494/656 
f 663/515/663 656/494/656 666/514/666 
f 617/455/617 646/484/646 618/456/618 
f 676/516/676 677/517/677 668/506/668 
f 667/505/667 668/506/668 677/517/677 
f 597/435/597 642/480/642 649/487/649 
f 678/518/678 647/485/647 679/519/679 
f 647/485/647 648/486/648 679/519/679 
f 680/520/680 679/519/679 648/486/648 
f 681/521/681 682/522/682 683/523/683 
f 684/524/684 685/525/685 587/425/587 
f 588/426/588 587/425/587 685/525/685 
f 686/526/686 685/525/685 687/527/687 
f 684/524/684 687/527/687 685/525/685 
f 688/528/688 689/529/689 686/526/686 
f 685/525/685 686/526/686 689/529/689 
f 688/530/688 686/531/686 661/499/661 
f 597/435/597 649/487/649 690/532/690 
f 649/487/649 667/505/667 690/532/690 
f 677/517/677 690/532/690 667/505/667 
f 608/446/608 599/437/599 632/470/632 
f 681/521/681 679/519/679 653/491/653 
f 682/522/682 593/431/593 605/443/605 
f 589/427/589 653/491/653 691/533/691 
f 685/525/685 689/529/689 588/426/588 
f 588/426/588 689/529/689 590/428/590 
f 590/428/590 689/529/689 652/490/652 
f 593/431/593 592/430/592 605/443/605 
f 632/470/632 609/447/609 608/446/608 
f 637/475/637 638/476/638 660/498/660 
f 682/522/682 605/443/605 683/523/683 
f 605/443/605 606/444/606 683/523/683 
f 692/534/692 683/523/683 606/444/606 
f 681/521/681 683/523/683 676/516/676 
f 683/523/683 692/534/692 676/516/676 
f 677/517/677 676/516/676 692/534/692 
f 632/470/632 598/436/598 606/444/606 
f 692/534/692 606/444/606 598/436/598 
f 598/436/598 632/470/632 599/437/599 
f 599/437/599 608/446/608 693/535/693 
f 598/436/598 690/532/690 692/534/692 
f 677/517/677 692/534/692 690/532/690 
f 690/532/690 598/436/598 597/435/597 
f 597/435/597 599/437/599 694/536/694 
f 695/537/695 599/437/599 693/535/693 
f 695/537/695 693/535/693 628/466/628 
f 696/538/696 628/466/628 693/535/693 
f 589/427/589 590/428/590 653/491/653 
f 653/491/653 682/522/682 681/521/681 
f 691/533/691 653/491/653 680/520/680 
f 679/519/679 680/520/680 653/491/653 
f 679/519/679 681/521/681 678/518/678 
f 681/521/681 676/516/676 678/518/678 
f 668/506/668 678/518/678 676/516/676 
f 647/485/647 678/518/678 620/458/620 
f 620/458/620 678/518/678 668/506/668 
f 593/431/593 652/490/652 591/429/591 
f 665/503/665 666/504/666 392/539/392 
f 391/540/391 392/539/392 666/504/666 
f 393/541/393 396/542/396 636/474/636 
f 635/473/635 636/474/636 396/542/396 
f 396/542/396 395/543/395 635/473/635 
f 673/511/673 635/473/635 395/543/395 
f 673/511/673 395/543/395 639/477/639 
f 394/544/394 639/477/639 395/543/395 
f 393/541/393 636/474/636 392/539/392 
f 665/503/665 392/539/392 636/474/636 
f 420/545/420 421/546/421 658/496/658 
f 655/493/655 658/496/658 421/546/421 
f 420/545/420 658/496/658 422/547/422 
f 657/495/657 422/547/422 658/496/658 
f 389/548/389 422/547/422 641/479/641 
f 657/495/657 641/479/641 422/547/422 
f 641/479/641 640/478/640 389/548/389 
f 390/549/390 389/548/389 640/478/640 
f 394/544/394 390/549/390 639/477/639 
f 640/478/640 639/477/639 390/549/390 
f 421/546/421 391/550/391 655/493/655 
f 391/550/391 666/514/666 655/493/655 
f 697/551/697 659/497/659 610/448/610 
f 611/449/611 610/448/610 659/497/659 
f 698/552/698 654/492/654 656/494/656 
f 631/469/631 661/499/661 699/553/699 
f 699/553/699 661/499/661 687/554/687 
f 686/531/686 687/554/687 661/499/661 
f 642/480/642 597/435/597 643/481/643 
f 700/555/700 643/481/643 597/435/597 
f 701/556/701 702/557/702 651/489/651 
f 630/468/630 703/558/703 628/466/628 
f 704/559/704 628/466/628 703/558/703 
f 703/558/703 705/560/705 704/559/704 
f 706/561/706 704/559/704 705/560/705 
f 707/562/707 708/563/708 706/561/706 
f 694/536/694 708/563/708 597/435/597 
f 700/555/700 597/435/597 708/563/708 
f 704/559/704 695/537/695 628/466/628 
f 637/475/637 696/538/696 608/446/608 
f 693/535/693 608/446/608 696/538/696 
f 706/561/706 599/437/599 695/537/695 
f 706/561/706 695/537/695 704/559/704 
f 631/469/631 629/467/629 661/499/661 
f 660/498/660 629/467/629 637/475/637 
f 696/538/696 637/475/637 629/467/629 
f 696/538/696 629/467/629 628/466/628 
f 701/556/701 709/564/709 702/557/702 
f 700/555/700 708/563/708 701/556/701 
f 708/563/708 709/564/709 701/556/701 
f 710/565/710 709/564/709 708/563/708 
f 643/481/643 701/556/701 651/489/651 
f 700/555/700 701/556/701 643/481/643 
f 705/560/705 707/562/707 706/561/706 
f 708/563/708 694/536/694 706/561/706 
f 694/536/694 599/437/599 706/561/706 
f 710/565/710 708/563/708 707/562/707 
f 682/522/682 653/491/653 593/431/593 
f 711/566/711 712/567/712 610/448/610 
f 697/551/697 610/448/610 712/567/712 
f 713/568/713 714/569/714 715/570/715 
f 716/571/716 715/570/715 714/569/714 
f 714/569/714 717/572/717 716/571/716 
f 718/573/718 716/571/716 717/572/717 
f 717/572/717 719/574/719 718/573/718 
f 720/575/720 718/573/718 719/574/719 
f 626/464/626 721/576/721 601/439/601 
f 722/577/722 601/439/601 721/576/721 
f 721/576/721 723/578/723 722/577/722 
f 724/579/724 722/577/722 723/578/723 
f 723/578/723 725/580/725 724/579/724 
f 726/581/726 724/579/724 725/580/725 
f 725/580/725 727/582/727 726/581/726 
f 728/583/728 726/581/726 727/582/727 
f 727/582/727 729/584/729 728/583/728 
f 730/585/730 728/583/728 729/584/729 
f 729/584/729 731/586/731 730/585/730 
f 732/587/732 730/585/730 731/586/731 
f 662/500/662 733/588/733 663/501/663 
f 734/589/734 663/501/663 733/588/733 
f 663/515/663 734/590/734 656/494/656 
f 735/591/735 656/494/656 734/590/734 
f 733/588/733 736/592/736 734/589/734 
f 737/593/737 734/589/734 736/592/736 
f 734/590/734 737/594/737 735/591/735 
f 738/595/738 735/591/735 737/594/737 
f 736/592/736 739/596/739 737/593/737 
f 740/597/740 737/593/737 739/596/739 
f 737/594/737 740/598/740 738/595/738 
f 741/599/741 738/595/738 740/598/740 
f 739/596/739 742/600/742 740/597/740 
f 743/601/743 740/597/740 742/600/742 
f 740/598/740 743/602/743 741/599/741 
f 744/603/744 741/599/741 743/602/743 
f 713/568/713 745/604/745 714/569/714 
f 746/605/746 714/569/714 745/604/745 
f 714/569/714 746/605/746 717/572/717 
f 747/606/747 717/572/717 746/605/746 
f 717/572/717 747/606/747 719/574/719 
f 748/607/748 719/574/719 747/606/747 
f 745/604/745 656/494/656 746/605/746 
f 735/591/735 746/605/746 656/494/656 
f 746/605/746 735/591/735 747/606/747 
f 738/595/738 747/606/747 735/591/735 
f 747/606/747 738/595/738 748/607/748 
f 745/604/745 698/552/698 656/494/656 
f 713/568/713 711/566/711 745/604/745 
f 698/552/698 745/604/745 711/566/711 
f 610/448/610 749/608/749 698/552/698 
f 713/568/713 715/570/715 711/566/711 
f 712/567/712 711/566/711 715/570/715 
f 610/448/610 698/552/698 711/566/711 
f 612/450/612 749/608/749 610/448/610 
f 612/450/612 654/492/654 749/608/749 
f 612/450/612 658/496/658 654/492/654 
f 655/493/655 654/492/654 658/496/658 
f 749/608/749 654/492/654 698/552/698 
f 741/599/741 750/609/750 738/595/738 
f 748/607/748 738/595/738 750/609/750 
f 744/603/744 751/610/751 741/599/741 
f 750/609/750 741/599/741 751/610/751 
f 750/609/750 719/574/719 748/607/748 
f 751/610/751 752/611/752 750/609/750 
f 719/574/719 750/609/750 752/611/752 
f 752/611/752 720/575/720 719/574/719 
f 662/500/662 726/581/726 733/588/733 
f 726/581/726 728/583/728 736/592/736 
f 736/592/736 728/583/728 739/596/739 
f 730/585/730 739/596/739 728/583/728 
f 739/596/739 730/585/730 742/600/742 
f 732/587/732 742/600/742 730/585/730 
f 733/588/733 726/581/726 736/592/736 
f 664/502/664 625/463/625 753/612/753 
f 664/502/664 665/503/665 625/463/625 
f 665/503/665 636/474/636 625/463/625 
f 722/577/722 753/612/753 601/439/601 
f 724/579/724 753/612/753 722/577/722 
f 662/500/662 724/579/724 726/581/726 
f 753/612/753 724/579/724 662/500/662 
f 662/500/662 664/502/664 753/612/753 
f 753/612/753 625/463/625 601/439/601 
f 752/611/752 754/613/754 720/575/720 
f 646/484/646 620/458/620 668/506/668 
f 731/614/731 755/615/755 732/616/732 
f 742/617/742 755/615/755 743/618/743 
f 743/618/743 755/615/755 744/619/744 
f 744/619/744 755/615/755 751/620/751 
f 751/620/751 755/615/755 752/621/752 
f 732/616/732 755/615/755 742/617/742 
f 752/621/752 755/615/755 754/622/754 
f 647/485/647 620/458/620 621/459/621 
f 756/623/756 757/624/757 758/625/758 
f 759/626/759 758/625/758 757/624/757 
f 760/627/760 761/628/761 762/629/762 
f 757/624/757 762/629/762 761/628/761 
f 763/630/763 757/624/757 764/631/764 
f 765/632/765 764/631/764 757/624/757 
f 766/633/766 767/634/767 764/631/764 
f 763/630/763 764/631/764 767/634/767 
f 765/632/765 757/624/757 761/628/761 
f 768/635/768 760/627/760 762/629/762 
f 769/636/769 757/624/757 756/623/756 
f 770/637/770 757/624/757 769/636/769 
f 771/638/771 757/624/757 770/637/770 
f 762/629/762 757/624/757 772/639/772 
f 771/638/771 772/639/772 757/624/757 
f 773/640/773 762/629/762 772/639/772 
f 774/641/774 775/642/775 776/643/776 
f 777/644/777 776/643/776 775/642/775 
f 776/643/776 777/644/777 778/645/778 
f 779/646/779 778/645/778 777/644/777 
f 775/642/775 780/647/780 777/644/777 
f 781/648/781 777/644/777 780/647/780 
f 782/649/782 783/650/783 779/646/779 
f 780/647/780 758/651/758 781/648/781 
f 759/652/759 781/648/781 758/651/758 
f 763/653/763 767/654/767 782/649/782 
f 783/650/783 782/649/782 767/654/767 
f 784/655/784 782/649/782 777/644/777 
f 784/655/784 757/656/757 782/649/782 
f 763/653/763 782/649/782 757/656/757 
f 781/648/781 759/652/759 784/655/784 
f 757/656/757 784/655/784 759/652/759 
f 781/648/781 784/655/784 777/644/777 
f 785/657/785 778/645/778 779/646/779 
f 783/650/783 786/658/786 779/646/779 
f 785/657/785 779/646/779 786/658/786 
f 767/654/767 766/659/766 783/650/783 
f 786/658/786 783/650/783 766/659/766 
f 774/641/774 787/660/787 775/642/775 
f 775/642/775 787/660/787 780/647/780 
f 788/661/788 780/647/780 787/660/787 
f 780/647/780 788/661/788 758/651/758 
f 756/662/756 758/651/758 788/661/788 
f 777/644/777 782/649/782 779/646/779 
f 789/663/789 790/664/790 791/665/791 
f 792/666/792 791/665/791 790/664/790 
f 790/664/790 762/667/762 792/666/792 
f 773/668/773 792/666/792 762/667/762 
f 793/669/793 794/670/794 795/671/795 
f 796/672/796 795/671/795 794/670/794 
f 794/670/794 760/673/760 796/672/796 
f 768/674/768 796/672/796 760/673/760 
f 766/659/766 764/675/764 786/658/786 
f 785/657/785 797/676/797 778/645/778 
f 798/677/798 778/645/778 797/676/797 
f 786/658/786 797/676/797 785/657/785 
f 797/676/797 765/678/765 798/677/798 
f 761/679/761 798/677/798 765/678/765 
f 764/675/764 765/678/765 797/676/797 
f 798/677/798 794/670/794 778/645/778 
f 793/669/793 778/645/778 794/670/794 
f 761/679/761 760/673/760 798/677/798 
f 794/670/794 798/677/798 760/673/760 
f 796/672/796 790/680/790 795/671/795 
f 789/681/789 795/671/795 790/680/790 
f 768/674/768 762/682/762 796/672/796 
f 790/680/790 796/672/796 762/682/762 
f 799/683/799 800/684/800 774/641/774 
f 801/685/801 774/641/774 800/684/800 
f 800/684/800 772/686/772 801/685/801 
f 771/687/771 801/685/801 772/686/772 
f 799/683/799 791/665/791 800/684/800 
f 792/666/792 800/684/800 791/665/791 
f 800/684/800 792/666/792 772/686/772 
f 773/668/773 772/686/772 792/666/792 
f 774/641/774 801/685/801 787/660/787 
f 802/688/802 787/660/787 801/685/801 
f 787/660/787 802/688/802 788/661/788 
f 769/689/769 788/661/788 802/688/802 
f 788/661/788 769/689/769 756/662/756 
f 801/685/801 771/687/771 802/688/802 
f 770/690/770 802/688/802 771/687/771 
f 770/690/770 769/689/769 802/688/802 
f 764/675/764 797/676/797 786/658/786 
f 710/691/710 707/692/707 803/693/803 
f 709/694/709 804/695/804 702/696/702 
f 804/695/804 709/694/709 805/697/805 
f 803/693/803 806/698/806 807/699/807 
f 806/698/806 803/693/803 707/692/707 
f 805/697/805 808/700/808 804/695/804 
f 808/700/808 805/697/805 809/701/809 
f 710/691/710 805/697/805 709/694/709 
f 805/697/805 710/691/710 803/693/803 
f 803/693/803 809/701/809 805/697/805 
f 809/701/809 803/693/803 807/699/807 
f 807/699/807 810/702/810 811/703/811 
f 810/702/810 807/699/807 806/698/806 
f 809/701/809 811/703/811 812/704/812 
f 811/703/811 809/701/809 807/699/807 
f 808/700/808 812/704/812 813/705/813 
f 812/704/812 808/700/808 809/701/809 
f 811/703/811 814/706/814 815/707/815 
f 814/706/814 811/703/811 810/702/810 
f 812/704/812 815/707/815 816/708/816 
f 815/707/815 812/704/812 811/703/811 
f 813/705/813 816/708/816 817/709/817 
f 816/708/816 813/705/813 812/704/812 
f 815/707/815 818/710/818 819/711/819 
f 818/710/818 815/707/815 814/706/814 
f 816/708/816 819/711/819 820/712/820 
f 819/711/819 816/708/816 815/707/815 
f 816/708/816 821/713/821 817/709/817 
f 821/713/821 816/708/816 820/712/820 
f 822/714/822 819/711/819 818/710/818 
f 819/711/819 822/714/822 823/715/823 
f 823/715/823 820/712/820 819/711/819 
f 820/712/820 823/715/823 824/716/824 
f 820/712/820 825/717/825 821/713/821 
f 825/717/825 820/712/820 824/716/824 
f 688/718/688 661/719/661 826/720/826 
f 827/721/827 826/720/826 661/719/661 
f 828/722/828 829/723/829 591/724/591 
f 592/725/592 591/724/591 829/723/829 
f 830/726/830 831/727/831 832/728/832 
f 833/729/833 832/728/832 831/727/831 
f 834/730/834 835/731/835 836/732/836 
f 837/733/837 836/732/836 835/731/835 
f 838/734/838 839/735/839 840/736/840 
f 841/737/841 840/736/840 839/735/839 
f 842/738/842 843/739/843 844/740/844 
f 845/741/845 844/740/844 843/739/843 
f 845/741/845 843/739/843 846/742/846 
f 847/743/847 848/744/848 844/740/844 
f 842/738/842 844/740/844 848/744/848 
f 838/734/838 840/736/840 849/745/849 
f 850/746/850 849/745/849 840/736/840 
f 846/742/846 851/747/851 845/741/845 
f 852/748/852 845/741/845 851/747/851 
f 789/749/789 791/750/791 853/751/853 
f 854/752/854 853/751/853 791/750/791 
f 795/753/795 855/754/855 793/755/793 
f 856/756/856 793/755/793 855/754/855 
f 857/757/857 858/758/858 776/759/776 
f 774/760/774 776/759/776 858/758/858 
f 858/758/858 857/757/857 850/746/850 
f 849/745/849 850/746/850 857/757/857 
f 837/733/837 859/761/859 836/732/836 
f 860/762/860 836/732/836 859/761/859 
f 778/763/778 861/764/861 776/759/776 
f 857/757/857 776/759/776 861/764/861 
f 861/764/861 862/765/862 857/757/857 
f 849/745/849 857/757/857 862/765/862 
f 789/749/789 853/751/853 795/753/795 
f 855/754/855 795/753/795 853/751/853 
f 863/766/863 864/767/864 830/726/830 
f 831/727/831 830/726/830 864/767/864 
f 865/768/865 838/734/838 849/745/849 
f 592/725/592 829/723/829 604/769/604 
f 866/770/866 604/769/604 829/723/829 
f 866/770/866 835/731/835 867/771/867 
f 868/772/868 867/771/867 835/731/835 
f 869/773/869 832/728/832 870/774/870 
f 833/729/833 870/774/870 832/728/832 
f 862/765/862 848/744/848 871/775/871 
f 847/743/847 871/775/871 848/744/848 
f 851/776/851 850/746/850 852/777/852 
f 840/736/840 852/777/852 850/746/850 
f 861/764/861 778/763/778 856/756/856 
f 793/755/793 856/756/856 778/763/778 
f 858/758/858 872/778/872 774/760/774 
f 799/779/799 774/760/774 872/778/872 
f 856/756/856 848/744/848 861/764/861 
f 862/765/862 861/764/861 848/744/848 
f 856/756/856 855/754/855 848/744/848 
f 842/738/842 848/744/848 855/754/855 
f 853/751/853 843/739/843 855/754/855 
f 842/738/842 855/754/855 843/739/843 
f 853/751/853 854/752/854 843/739/843 
f 846/742/846 843/739/843 854/752/854 
f 846/742/846 854/752/854 851/747/851 
f 872/780/872 851/747/851 854/752/854 
f 799/781/799 872/780/872 791/750/791 
f 854/752/854 791/750/791 872/780/872 
f 858/758/858 850/746/850 872/778/872 
f 851/776/851 872/778/872 850/746/850 
f 609/782/609 604/769/604 867/771/867 
f 873/783/873 874/784/874 689/785/689 
f 652/786/652 689/785/689 874/784/874 
f 841/737/841 869/787/869 870/788/870 
f 604/769/604 866/770/866 867/771/867 
f 826/789/826 873/783/873 688/790/688 
f 689/785/689 688/790/688 873/783/873 
f 660/791/660 827/721/827 661/719/661 
f 875/792/875 876/793/876 836/732/836 
f 834/730/834 836/732/836 876/793/876 
f 864/767/864 863/766/863 876/793/876 
f 834/730/834 876/793/876 863/766/863 
f 874/784/874 873/783/873 877/794/877 
f 878/795/878 877/794/877 873/783/873 
f 879/796/879 878/795/878 826/789/826 
f 873/783/873 826/789/826 878/795/878 
f 827/721/827 880/797/880 826/720/826 
f 879/798/879 826/720/826 880/797/880 
f 881/799/881 882/800/882 827/721/827 
f 880/797/880 827/721/827 882/800/882 
f 868/772/868 882/800/882 867/771/867 
f 881/799/881 867/771/867 882/800/882 
f 865/768/865 883/801/883 838/734/838 
f 839/735/839 838/734/838 883/801/883 
f 829/723/829 837/733/837 866/770/866 
f 835/731/835 866/770/866 837/733/837 
f 829/723/829 828/722/828 837/733/837 
f 859/761/859 837/733/837 828/722/828 
f 841/737/841 884/802/884 869/787/869 
f 869/787/869 884/802/884 878/795/878 
f 884/802/884 885/803/885 878/795/878 
f 877/794/877 878/795/878 885/803/885 
f 881/799/881 607/804/607 867/771/867 
f 609/782/609 867/771/867 607/804/607 
f 827/721/827 638/805/638 881/799/881 
f 607/804/607 881/799/881 638/805/638 
f 638/805/638 827/721/827 660/791/660 
f 874/784/874 828/722/828 652/786/652 
f 591/724/591 652/786/652 828/722/828 
f 877/794/877 859/761/859 874/784/874 
f 828/722/828 874/784/874 859/761/859 
f 885/803/885 860/762/860 877/794/877 
f 859/761/859 877/794/877 860/762/860 
f 841/737/841 839/735/839 884/802/884 
f 885/803/885 884/802/884 839/735/839 
f 885/803/885 839/735/839 860/762/860 
f 883/801/883 860/762/860 839/735/839 
f 883/801/883 875/792/875 860/762/860 
f 836/732/836 860/762/860 875/792/875 
f 871/775/871 847/743/847 875/792/875 
f 876/793/876 875/792/875 847/743/847 
f 844/740/844 864/767/864 847/743/847 
f 876/793/876 847/743/847 864/767/864 
f 845/741/845 831/727/831 844/740/844 
f 864/767/864 844/740/844 831/727/831 
f 863/766/863 868/772/868 834/730/834 
f 835/731/835 834/730/834 868/772/868 
f 882/800/882 868/772/868 830/726/830 
f 863/766/863 830/726/830 868/772/868 
f 831/727/831 845/741/845 833/729/833 
f 833/729/833 845/741/845 852/748/852 
f 832/728/832 880/797/880 830/726/830 
f 882/800/882 830/726/830 880/797/880 
f 832/728/832 869/773/869 880/797/880 
f 879/798/879 880/797/880 869/773/869 
f 879/796/879 869/787/869 878/795/878 
f 840/736/840 841/737/841 852/777/852 
f 870/788/870 852/777/852 841/737/841 
f 870/774/870 833/729/833 852/748/852 
f 871/775/871 875/792/875 865/768/865 
f 883/801/883 865/768/865 875/792/875 
f 862/765/862 865/768/865 849/745/849 
f 871/775/871 865/768/865 862/765/862 
f 587/425/587 589/427/589 886/806/886 
f 887/807/887 886/806/886 589/427/589 
f 888/808/888 889/809/889 890/810/890 
f 891/811/891 892/812/892 893/813/893 
f 894/814/894 895/815/895 896/816/896 
f 897/817/897 898/818/898 899/819/899 
f 900/820/900 899/819/899 898/818/898 
f 890/810/890 901/821/901 902/822/902 
f 903/823/903 902/822/902 901/821/901 
f 904/824/904 905/825/905 906/826/906 
f 907/827/907 908/828/908 909/829/909 
f 910/830/910 909/829/909 908/828/908 
f 911/831/911 912/832/912 913/833/913 
f 914/834/914 915/835/915 916/836/916 
f 917/837/917 918/838/918 893/813/893 
f 911/831/911 913/833/913 622/460/622 
f 623/461/623 622/460/622 913/833/913 
f 913/833/913 918/838/918 623/461/623 
f 624/462/624 623/461/623 918/838/918 
f 919/839/919 899/819/899 900/820/900 
f 912/832/912 891/811/891 913/833/913 
f 912/832/912 892/812/892 891/811/891 
f 918/838/918 913/833/913 893/813/893 
f 891/811/891 893/813/893 913/833/913 
f 899/819/899 626/840/626 897/817/897 
f 627/841/627 897/817/897 626/840/626 
f 920/842/920 630/843/630 921/844/921 
f 631/845/631 921/844/921 630/843/630 
f 903/823/903 922/846/922 902/822/902 
f 905/825/905 902/822/902 922/846/922 
f 915/835/915 923/847/923 916/836/916 
f 924/848/924 916/836/916 923/847/923 
f 898/818/898 925/849/925 900/820/900 
f 926/850/926 900/820/900 925/849/925 
f 906/826/906 927/851/927 904/824/904 
f 928/852/928 904/824/904 927/851/927 
f 929/853/929 915/835/915 930/854/930 
f 914/834/914 930/854/930 915/835/915 
f 930/854/930 914/834/914 931/855/931 
f 892/812/892 931/855/931 914/834/914 
f 931/855/931 892/812/892 912/832/912 
f 932/856/932 933/857/933 934/858/934 
f 935/859/935 934/858/934 933/857/933 
f 936/860/936 893/813/893 892/812/892 
f 918/838/918 937/861/937 624/462/624 
f 648/486/648 624/462/624 937/861/937 
f 914/834/914 936/860/936 892/812/892 
f 938/862/938 924/848/924 932/856/932 
f 933/857/933 932/856/932 924/848/924 
f 935/859/935 650/863/650 934/858/934 
f 651/864/651 934/858/934 650/863/650 
f 889/809/889 939/865/939 887/807/887 
f 889/809/889 887/807/887 940/866/940 
f 941/867/941 942/868/942 943/869/943 
f 944/870/944 910/830/910 945/871/945 
f 908/828/908 945/871/945 910/830/910 
f 909/829/909 911/831/911 659/497/659 
f 622/460/622 659/497/659 911/831/911 
f 910/830/910 912/832/912 909/829/909 
f 911/831/911 909/829/909 912/832/912 
f 910/830/910 944/870/944 912/832/912 
f 931/855/931 912/832/912 944/870/944 
f 921/844/921 946/872/946 947/873/947 
f 948/874/948 949/875/949 950/876/950 
f 949/875/949 951/877/951 950/876/950 
f 952/878/952 950/876/950 951/877/951 
f 919/839/919 900/820/900 926/850/926 
f 936/860/936 917/837/917 893/813/893 
f 916/836/916 953/879/953 936/860/936 
f 954/880/954 936/860/936 953/879/953 
f 916/836/916 924/848/924 953/879/953 
f 924/848/924 938/862/938 953/879/953 
f 933/857/933 924/848/924 923/847/923 
f 923/847/923 955/881/955 933/857/933 
f 956/882/956 935/859/935 955/881/955 
f 933/857/933 955/881/955 935/859/935 
f 935/859/935 956/882/956 650/863/650 
f 671/883/671 650/863/650 956/882/956 
f 898/818/898 957/884/957 925/849/925 
f 958/885/958 925/849/925 957/884/957 
f 898/818/898 897/817/897 957/884/957 
f 959/886/959 957/884/957 897/817/897 
f 897/817/897 627/841/627 959/886/959 
f 675/887/675 959/886/959 627/841/627 
f 958/885/958 923/847/923 929/853/929 
f 915/835/915 929/853/929 923/847/923 
f 957/884/957 955/881/955 958/885/958 
f 923/847/923 958/885/958 955/881/955 
f 957/884/957 959/886/959 955/881/955 
f 956/882/956 955/881/955 959/886/959 
f 959/886/959 675/887/675 956/882/956 
f 671/883/671 956/882/956 675/887/675 
f 943/869/943 942/868/942 952/888/952 
f 950/889/950 952/888/952 942/868/942 
f 914/834/914 916/836/916 936/860/936 
f 960/890/960 954/880/954 961/891/961 
f 953/879/953 961/891/961 954/880/954 
f 894/814/894 938/862/938 932/856/932 
f 962/892/962 963/893/963 937/861/937 
f 937/861/937 963/893/963 648/486/648 
f 680/520/680 648/486/648 963/893/963 
f 964/894/964 965/895/965 966/896/966 
f 684/524/684 587/425/587 967/897/967 
f 886/806/886 967/897/967 587/425/587 
f 968/898/968 687/527/687 967/897/967 
f 684/524/684 967/897/967 687/527/687 
f 969/899/969 968/898/968 970/900/970 
f 967/897/967 970/900/970 968/898/968 
f 969/901/969 946/872/946 968/902/968 
f 894/814/894 971/903/971 938/862/938 
f 938/862/938 971/903/971 953/879/953 
f 961/891/961 953/879/953 971/903/971 
f 906/826/906 922/846/922 895/815/895 
f 964/894/964 940/866/940 963/893/963 
f 966/896/966 901/821/901 889/809/889 
f 589/427/589 691/533/691 940/866/940 
f 967/897/967 886/806/886 970/900/970 
f 886/806/886 887/807/887 970/900/970 
f 887/807/887 939/865/939 970/900/970 
f 889/809/889 901/821/901 890/810/890 
f 922/846/922 906/826/906 905/825/905 
f 927/851/927 947/873/947 928/852/928 
f 966/896/966 965/895/965 901/821/901 
f 901/821/901 965/895/965 903/823/903 
f 972/904/972 903/823/903 965/895/965 
f 964/894/964 960/890/960 965/895/965 
f 965/895/965 960/890/960 972/904/972 
f 961/891/961 972/904/972 960/890/960 
f 922/846/922 903/823/903 896/816/896 
f 972/904/972 896/816/896 903/823/903 
f 896/816/896 895/815/895 922/846/922 
f 895/815/895 973/905/973 906/826/906 
f 896/816/896 972/904/972 971/903/971 
f 961/891/961 971/903/971 972/904/972 
f 971/903/971 894/814/894 896/816/896 
f 894/814/894 974/906/974 895/815/895 
f 975/907/975 973/905/973 895/815/895 
f 975/907/975 920/842/920 973/905/973 
f 976/908/976 973/905/973 920/842/920 
f 589/427/589 940/866/940 887/807/887 
f 940/866/940 964/894/964 966/896/966 
f 691/533/691 680/520/680 940/866/940 
f 963/893/963 940/866/940 680/520/680 
f 963/893/963 962/892/962 964/894/964 
f 964/894/964 962/892/962 960/890/960 
f 954/880/954 960/890/960 962/892/962 
f 937/861/937 917/837/917 962/892/962 
f 917/837/917 954/880/954 962/892/962 
f 889/809/889 888/808/888 939/865/939 
f 951/877/951 510/909/510 952/878/952 
f 509/910/509 952/878/952 510/909/510 
f 511/911/511 926/850/926 514/912/514 
f 925/849/925 514/912/514 926/850/926 
f 514/912/514 925/849/925 513/913/513 
f 958/885/958 513/913/513 925/849/925 
f 958/885/958 929/853/929 513/913/513 
f 512/914/512 513/913/513 929/853/929 
f 511/911/511 510/909/510 926/850/926 
f 951/877/951 926/850/926 510/909/510 
f 538/915/538 945/871/945 539/916/539 
f 943/869/943 539/916/539 945/871/945 
f 538/915/538 540/917/540 945/871/945 
f 944/870/944 945/871/945 540/917/540 
f 508/918/508 931/855/931 540/917/540 
f 944/870/944 540/917/540 931/855/931 
f 931/855/931 508/918/508 930/854/930 
f 507/919/507 930/854/930 508/918/508 
f 512/914/512 929/853/929 507/919/507 
f 930/854/930 507/919/507 929/853/929 
f 539/916/539 943/869/943 509/920/509 
f 509/920/509 943/869/943 952/888/952 
f 697/551/697 907/827/907 659/497/659 
f 909/829/909 659/497/659 907/827/907 
f 977/921/977 942/868/942 941/867/941 
f 631/845/631 699/922/699 946/872/946 
f 699/922/699 687/923/687 946/872/946 
f 968/902/968 946/872/946 687/923/687 
f 932/856/932 934/858/934 894/814/894 
f 978/924/978 894/814/894 934/858/934 
f 979/925/979 651/864/651 702/926/702 
f 630/843/630 920/842/920 703/927/703 
f 980/928/980 703/927/703 920/842/920 
f 703/927/703 980/928/980 705/929/705 
f 981/930/981 705/929/705 980/928/980 
f 707/931/707 981/930/981 982/932/982 
f 974/906/974 894/814/894 982/932/982 
f 978/924/978 982/932/982 894/814/894 
f 980/928/980 920/842/920 975/907/975 
f 927/851/927 906/826/906 976/908/976 
f 973/905/973 976/908/976 906/826/906 
f 981/930/981 975/907/975 895/815/895 
f 981/930/981 980/928/980 975/907/975 
f 631/845/631 946/872/946 921/844/921 
f 947/873/947 927/851/927 921/844/921 
f 976/908/976 921/844/921 927/851/927 
f 976/908/976 920/842/920 921/844/921 
f 979/925/979 702/926/702 983/933/983 
f 978/924/978 979/925/979 982/932/982 
f 982/932/982 979/925/979 983/933/983 
f 984/934/984 982/932/982 983/933/983 
f 934/858/934 651/864/651 979/925/979 
f 978/924/978 934/858/934 979/925/979 
f 705/929/705 981/930/981 707/931/707 
f 982/932/982 981/930/981 974/906/974 
f 974/906/974 981/930/981 895/815/895 
f 984/934/984 707/931/707 982/932/982 
f 966/896/966 889/809/889 940/866/940 
f 985/935/985 907/827/907 712/567/712 
f 697/551/697 712/567/712 907/827/907 
f 986/936/986 715/570/715 987/937/987 
f 716/571/716 987/937/987 715/570/715 
f 987/937/987 716/571/716 988/938/988 
f 718/573/718 988/938/988 716/571/716 
f 988/938/988 718/573/718 989/939/989 
f 720/575/720 989/939/989 718/573/718 
f 626/840/626 899/819/899 721/940/721 
f 990/941/990 721/940/721 899/819/899 
f 721/940/721 990/941/990 723/942/723 
f 991/943/991 723/942/723 990/941/990 
f 723/942/723 991/943/991 725/944/725 
f 992/945/992 725/944/725 991/943/991 
f 725/944/725 992/945/992 727/946/727 
f 993/947/993 727/946/727 992/945/992 
f 727/946/727 993/947/993 729/948/729 
f 994/949/994 729/948/729 993/947/993 
f 729/948/729 994/949/994 731/950/731 
f 995/951/995 731/950/731 994/949/994 
f 948/874/948 950/876/950 996/952/996 
f 997/953/997 996/952/996 950/876/950 
f 950/889/950 942/868/942 997/954/997 
f 998/955/998 997/954/997 942/868/942 
f 996/952/996 997/953/997 999/956/999 
f 1000/957/1000 999/956/999 997/953/997 
f 997/954/997 998/955/998 1000/958/1000 
f 1001/959/1001 1000/958/1000 998/955/998 
f 999/956/999 1000/957/1000 1002/960/1002 
f 1003/961/1003 1002/960/1002 1000/957/1000 
f 1000/958/1000 1001/959/1001 1003/962/1003 
f 1004/963/1004 1003/962/1003 1001/959/1001 
f 1002/960/1002 1003/961/1003 1005/964/1005 
f 1006/965/1006 1005/964/1005 1003/961/1003 
f 1003/962/1003 1004/963/1004 1006/966/1006 
f 1007/967/1007 1006/966/1006 1004/963/1004 
f 986/936/986 987/937/987 1008/968/1008 
f 1009/969/1009 1008/968/1008 987/937/987 
f 987/937/987 988/938/988 1009/969/1009 
f 1010/970/1010 1009/969/1009 988/938/988 
f 988/938/988 989/939/989 1010/970/1010 
f 1011/971/1011 1010/970/1010 989/939/989 
f 1008/968/1008 1009/969/1009 942/868/942 
f 998/955/998 942/868/942 1009/969/1009 
f 1009/969/1009 1010/970/1010 998/955/998 
f 1001/959/1001 998/955/998 1010/970/1010 
f 1010/970/1010 1011/971/1011 1001/959/1001 
f 1008/968/1008 942/868/942 977/921/977 
f 986/936/986 1008/968/1008 985/935/985 
f 977/921/977 985/935/985 1008/968/1008 
f 907/827/907 977/921/977 1012/972/1012 
f 986/936/986 985/935/985 715/570/715 
f 712/567/712 715/570/715 985/935/985 
f 907/827/907 985/935/985 977/921/977 
f 908/828/908 907/827/907 1012/972/1012 
f 908/828/908 1012/972/1012 941/867/941 
f 908/828/908 941/867/941 945/871/945 
f 943/869/943 945/871/945 941/867/941 
f 1012/972/1012 977/921/977 941/867/941 
f 1004/963/1004 1001/959/1001 1013/973/1013 
f 1011/971/1011 1013/973/1013 1001/959/1001 
f 1007/967/1007 1004/963/1004 1014/974/1014 
f 1013/973/1013 1014/974/1014 1004/963/1004 
f 1013/973/1013 1011/971/1011 989/939/989 
f 1014/974/1014 1013/973/1013 1015/975/1015 
f 989/939/989 1015/975/1015 1013/973/1013 
f 1015/975/1015 989/939/989 720/575/720 
f 948/874/948 996/952/996 992/945/992 
f 992/945/992 999/956/999 993/947/993 
f 999/956/999 1002/960/1002 993/947/993 
f 994/949/994 993/947/993 1002/960/1002 
f 1002/960/1002 1005/964/1005 994/949/994 
f 995/951/995 994/949/994 1005/964/1005 
f 996/952/996 999/956/999 992/945/992 
f 949/875/949 1016/976/1016 919/839/919 
f 949/875/949 919/839/919 951/877/951 
f 951/877/951 919/839/919 926/850/926 
f 990/941/990 899/819/899 1016/976/1016 
f 991/943/991 990/941/990 1016/976/1016 
f 948/874/948 992/945/992 991/943/991 
f 1016/976/1016 948/874/948 991/943/991 
f 948/874/948 1016/976/1016 949/875/949 
f 1016/976/1016 899/819/899 919/839/919 
f 1015/975/1015 720/575/720 754/613/754 
f 936/860/936 954/880/954 917/837/917 
f 731/614/731 995/977/995 755/615/755 
f 1005/978/1005 1006/979/1006 755/615/755 
f 1006/979/1006 1007/980/1007 755/615/755 
f 1007/980/1007 1014/981/1014 755/615/755 
f 1014/981/1014 1015/982/1015 755/615/755 
f 995/977/995 1005/978/1005 755/615/755 
f 1015/982/1015 754/622/754 755/615/755 
f 937/861/937 918/838/918 917/837/917 
f 1017/983/1017 1018/984/1018 1019/985/1019 
f 1020/986/1020 1019/985/1019 1018/984/1018 
f 1021/987/1021 1022/988/1022 1023/989/1023 
f 1019/985/1019 1023/989/1023 1022/988/1022 
f 1024/990/1024 1025/991/1025 1019/985/1019 
f 1026/992/1026 1019/985/1019 1025/991/1025 
f 1027/993/1027 1025/991/1025 1028/994/1028 
f 1024/990/1024 1028/994/1028 1025/991/1025 
f 1026/992/1026 1023/989/1023 1019/985/1019 
f 1029/995/1029 1022/988/1022 1021/987/1021 
f 1030/996/1030 1017/983/1017 1019/985/1019 
f 1031/997/1031 1030/996/1030 1019/985/1019 
f 1032/998/1032 1031/997/1031 1019/985/1019 
f 1022/988/1022 1033/999/1033 1019/985/1019 
f 1032/998/1032 1019/985/1019 1033/999/1033 
f 1034/1000/1034 1033/999/1033 1022/988/1022 
f 1035/1001/1035 1036/1002/1036 1037/1003/1037 
f 1038/1004/1038 1037/1003/1037 1036/1002/1036 
f 1036/1002/1036 1039/1005/1039 1038/1004/1038 
f 1040/1006/1040 1038/1004/1038 1039/1005/1039 
f 1037/1003/1037 1038/1004/1038 1041/1007/1041 
f 1042/1008/1042 1041/1007/1041 1038/1004/1038 
f 1043/1009/1043 1040/1006/1040 1044/1010/1044 
f 1041/1007/1041 1042/1008/1042 1018/1011/1018 
f 1020/1012/1020 1018/1011/1018 1042/1008/1042 
f 1024/1013/1024 1043/1009/1043 1028/1014/1028 
f 1044/1010/1044 1028/1014/1028 1043/1009/1043 
f 1045/1015/1045 1038/1004/1038 1043/1009/1043 
f 1045/1015/1045 1043/1009/1043 1019/1016/1019 
f 1024/1013/1024 1019/1016/1019 1043/1009/1043 
f 1042/1008/1042 1045/1015/1045 1020/1012/1020 
f 1019/1016/1019 1020/1012/1020 1045/1015/1045 
f 1042/1008/1042 1038/1004/1038 1045/1015/1045 
f 1046/1017/1046 1040/1006/1040 1039/1005/1039 
f 1044/1010/1044 1040/1006/1040 1047/1018/1047 
f 1046/1017/1046 1047/1018/1047 1040/1006/1040 
f 1028/1014/1028 1044/1010/1044 1027/1019/1027 
f 1047/1018/1047 1027/1019/1027 1044/1010/1044 
f 1035/1001/1035 1037/1003/1037 1048/1020/1048 
f 1037/1003/1037 1041/1007/1041 1048/1020/1048 
f 1049/1021/1049 1048/1020/1048 1041/1007/1041 
f 1041/1007/1041 1018/1011/1018 1049/1021/1049 
f 1017/1022/1017 1049/1021/1049 1018/1011/1018 
f 1038/1004/1038 1040/1006/1040 1043/1009/1043 
f 1050/1023/1050 1051/1024/1051 1052/1025/1052 
f 1053/1026/1053 1052/1025/1052 1051/1024/1051 
f 1052/1025/1052 1053/1026/1053 1022/1027/1022 
f 1034/1028/1034 1022/1027/1022 1053/1026/1053 
f 1054/1029/1054 1055/1030/1055 1056/1031/1056 
f 1057/1032/1057 1056/1031/1056 1055/1030/1055 
f 1056/1031/1056 1057/1032/1057 1021/1033/1021 
f 1029/1034/1029 1021/1033/1021 1057/1032/1057 
f 1027/1019/1027 1047/1018/1047 1025/1035/1025 
f 1046/1017/1046 1039/1005/1039 1058/1036/1058 
f 1059/1037/1059 1058/1036/1058 1039/1005/1039 
f 1047/1018/1047 1046/1017/1046 1058/1036/1058 
f 1058/1036/1058 1059/1037/1059 1026/1038/1026 
f 1023/1039/1023 1026/1038/1026 1059/1037/1059 
f 1025/1035/1025 1058/1036/1058 1026/1038/1026 
f 1059/1037/1059 1039/1005/1039 1056/1031/1056 
f 1054/1029/1054 1056/1031/1056 1039/1005/1039 
f 1023/1039/1023 1059/1037/1059 1021/1033/1021 
f 1056/1031/1056 1021/1033/1021 1059/1037/1059 
f 1057/1032/1057 1055/1030/1055 1052/1040/1052 
f 1050/1041/1050 1052/1040/1052 1055/1030/1055 
f 1029/1034/1029 1057/1032/1057 1022/1042/1022 
f 1052/1040/1052 1022/1042/1022 1057/1032/1057 
f 1060/1043/1060 1035/1001/1035 1061/1044/1061 
f 1062/1045/1062 1061/1044/1061 1035/1001/1035 
f 1061/1044/1061 1062/1045/1062 1033/1046/1033 
f 1032/1047/1032 1033/1046/1033 1062/1045/1062 
f 1060/1043/1060 1061/1044/1061 1051/1024/1051 
f 1053/1026/1053 1051/1024/1051 1061/1044/1061 
f 1061/1044/1061 1033/1046/1033 1053/1026/1053 
f 1034/1028/1034 1053/1026/1053 1033/1046/1033 
f 1035/1001/1035 1048/1020/1048 1062/1045/1062 
f 1063/1048/1063 1062/1045/1062 1048/1020/1048 
f 1048/1020/1048 1049/1021/1049 1063/1048/1063 
f 1030/1049/1030 1063/1048/1063 1049/1021/1049 
f 1049/1021/1049 1017/1022/1017 1030/1049/1030 
f 1062/1045/1062 1063/1048/1063 1032/1047/1032 
f 1031/1050/1031 1032/1047/1032 1063/1048/1063 
f 1031/1050/1031 1063/1048/1063 1030/1049/1030 
f 1025/1035/1025 1047/1018/1047 1058/1036/1058 
f 984/1051/984 1064/1052/1064 707/692/707 
f 983/1053/983 702/1054/702 804/1055/804 
f 804/1055/804 1065/1056/1065 983/1053/983 
f 1064/1052/1064 1066/1057/1066 806/698/806 
f 806/698/806 707/692/707 1064/1052/1064 
f 1065/1056/1065 804/1055/804 808/1058/808 
f 808/1058/808 1067/1059/1067 1065/1056/1065 
f 984/1051/984 983/1053/983 1065/1056/1065 
f 1065/1056/1065 1064/1052/1064 984/1051/984 
f 1064/1052/1064 1065/1056/1065 1067/1059/1067 
f 1067/1059/1067 1066/1057/1066 1064/1052/1064 
f 1066/1057/1066 1068/1060/1068 810/702/810 
f 810/702/810 806/698/806 1066/1057/1066 
f 1067/1059/1067 1069/1061/1069 1068/1060/1068 
f 1068/1060/1068 1066/1057/1066 1067/1059/1067 
f 808/1058/808 813/1062/813 1069/1061/1069 
f 1069/1061/1069 1067/1059/1067 808/1058/808 
f 1068/1060/1068 1070/1063/1070 814/706/814 
f 814/706/814 810/702/810 1068/1060/1068 
f 1069/1061/1069 1071/1064/1071 1070/1063/1070 
f 1070/1063/1070 1068/1060/1068 1069/1061/1069 
f 813/1062/813 817/1065/817 1071/1064/1071 
f 1071/1064/1071 1069/1061/1069 813/1062/813 
f 1070/1063/1070 1072/1066/1072 818/710/818 
f 818/710/818 814/706/814 1070/1063/1070 
f 1071/1064/1071 1073/1067/1073 1072/1066/1072 
f 1072/1066/1072 1070/1063/1070 1071/1064/1071 
f 1071/1064/1071 817/1065/817 821/1068/821 
f 821/1068/821 1073/1067/1073 1071/1064/1071 
f 822/714/822 818/710/818 1072/1066/1072 
f 1072/1066/1072 1074/1069/1074 822/714/822 
f 1074/1069/1074 1072/1066/1072 1073/1067/1073 
f 1073/1067/1073 1075/1070/1075 1074/1069/1074 
f 1073/1067/1073 821/1068/821 825/1071/825 
f 825/1071/825 1075/1070/1075 1073/1067/1073 
f 969/1072/969 1076/1073/1076 946/1074/946 
f 1077/1075/1077 946/1074/946 1076/1073/1076 
f 1078/1076/1078 888/1077/888 1079/1078/1079 
f 890/1079/890 1079/1078/1079 888/1077/888 
f 1080/1080/1080 1081/1081/1081 1082/1082/1082 
f 1083/1083/1083 1082/1082/1082 1081/1081/1081 
f 1084/1084/1084 1085/1085/1085 1086/1086/1086 
f 1087/1087/1087 1086/1086/1086 1085/1085/1085 
f 1088/1088/1088 1089/1089/1089 1090/1090/1090 
f 1091/1091/1091 1090/1090/1090 1089/1089/1089 
f 1092/1092/1092 1093/1093/1093 1094/1094/1094 
f 1095/1095/1095 1094/1094/1094 1093/1093/1093 
f 1095/1095/1095 1096/1096/1096 1094/1094/1094 
f 1097/1097/1097 1093/1093/1093 1098/1098/1098 
f 1092/1092/1092 1098/1098/1098 1093/1093/1093 
f 1088/1088/1088 1099/1099/1099 1089/1089/1089 
f 1100/1100/1100 1089/1089/1089 1099/1099/1099 
f 1096/1096/1096 1095/1095/1095 1101/1101/1101 
f 1102/1102/1102 1101/1101/1101 1095/1095/1095 
f 1050/1103/1050 1103/1104/1103 1051/1105/1051 
f 1104/1106/1104 1051/1105/1051 1103/1104/1103 
f 1055/1107/1055 1054/1108/1054 1105/1109/1105 
f 1106/1110/1106 1105/1109/1105 1054/1108/1054 
f 1107/1111/1107 1036/1112/1036 1108/1113/1108 
f 1035/1114/1035 1108/1113/1108 1036/1112/1036 
f 1108/1113/1108 1100/1100/1100 1107/1111/1107 
f 1099/1099/1099 1107/1111/1107 1100/1100/1100 
f 1087/1087/1087 1085/1085/1085 1109/1115/1109 
f 1110/1116/1110 1109/1115/1109 1085/1085/1085 
f 1039/1117/1039 1036/1112/1036 1111/1118/1111 
f 1107/1111/1107 1111/1118/1111 1036/1112/1036 
f 1111/1118/1111 1107/1111/1107 1112/1119/1112 
f 1099/1099/1099 1112/1119/1112 1107/1111/1107 
f 1050/1103/1050 1055/1107/1055 1103/1104/1103 
f 1105/1109/1105 1103/1104/1103 1055/1107/1055 
f 1113/1120/1113 1080/1080/1080 1114/1121/1114 
f 1082/1082/1082 1114/1121/1114 1080/1080/1080 
f 1115/1122/1115 1099/1099/1099 1088/1088/1088 
f 890/1079/890 902/1123/902 1079/1078/1079 
f 1116/1124/1116 1079/1078/1079 902/1123/902 
f 1116/1124/1116 1117/1125/1117 1086/1086/1086 
f 1118/1126/1118 1086/1086/1086 1117/1125/1117 
f 1119/1127/1119 1120/1128/1120 1081/1081/1081 
f 1083/1083/1083 1081/1081/1081 1120/1128/1120 
f 1112/1119/1112 1121/1129/1121 1098/1098/1098 
f 1097/1097/1097 1098/1098/1098 1121/1129/1121 
f 1101/1130/1101 1102/1131/1102 1100/1100/1100 
f 1089/1089/1089 1100/1100/1100 1102/1131/1102 
f 1111/1118/1111 1106/1110/1106 1039/1117/1039 
f 1054/1108/1054 1039/1117/1039 1106/1110/1106 
f 1108/1113/1108 1035/1114/1035 1122/1132/1122 
f 1060/1133/1060 1122/1132/1122 1035/1114/1035 
f 1106/1110/1106 1111/1118/1111 1098/1098/1098 
f 1112/1119/1112 1098/1098/1098 1111/1118/1111 
f 1106/1110/1106 1098/1098/1098 1105/1109/1105 
f 1092/1092/1092 1105/1109/1105 1098/1098/1098 
f 1103/1104/1103 1105/1109/1105 1094/1094/1094 
f 1092/1092/1092 1094/1094/1094 1105/1109/1105 
f 1103/1104/1103 1094/1094/1094 1104/1106/1104 
f 1096/1096/1096 1104/1106/1104 1094/1094/1094 
f 1096/1096/1096 1101/1101/1101 1104/1106/1104 
f 1122/1134/1122 1104/1106/1104 1101/1101/1101 
f 1060/1135/1060 1051/1105/1051 1122/1134/1122 
f 1104/1106/1104 1122/1134/1122 1051/1105/1051 
f 1108/1113/1108 1122/1132/1122 1100/1100/1100 
f 1101/1130/1101 1100/1100/1100 1122/1132/1122 
f 905/1136/905 1117/1125/1117 902/1123/902 
f 1123/1137/1123 970/1138/970 1124/1139/1124 
f 939/1140/939 1124/1139/1124 970/1138/970 
f 1091/1091/1091 1120/1141/1120 1119/1142/1119 
f 902/1123/902 1117/1125/1117 1116/1124/1116 
f 1076/1143/1076 969/1144/969 1123/1137/1123 
f 970/1138/970 1123/1137/1123 969/1144/969 
f 947/1145/947 946/1074/946 1077/1075/1077 
f 1125/1146/1125 1085/1085/1085 1126/1147/1126 
f 1084/1084/1084 1126/1147/1126 1085/1085/1085 
f 1114/1121/1114 1126/1147/1126 1113/1120/1113 
f 1084/1084/1084 1113/1120/1113 1126/1147/1126 
f 1124/1139/1124 1127/1148/1127 1123/1137/1123 
f 1128/1149/1128 1123/1137/1123 1127/1148/1127 
f 1129/1150/1129 1076/1143/1076 1128/1149/1128 
f 1123/1137/1123 1128/1149/1128 1076/1143/1076 
f 1077/1075/1077 1076/1073/1076 1130/1151/1130 
f 1129/1152/1129 1130/1151/1130 1076/1073/1076 
f 1131/1153/1131 1077/1075/1077 1132/1154/1132 
f 1130/1151/1130 1132/1154/1132 1077/1075/1077 
f 1118/1126/1118 1117/1125/1117 1132/1154/1132 
f 1131/1153/1131 1132/1154/1132 1117/1125/1117 
f 1115/1122/1115 1088/1088/1088 1133/1155/1133 
f 1090/1090/1090 1133/1155/1133 1088/1088/1088 
f 1079/1078/1079 1116/1124/1116 1087/1087/1087 
f 1086/1086/1086 1087/1087/1087 1116/1124/1116 
f 1079/1078/1079 1087/1087/1087 1078/1076/1078 
f 1109/1115/1109 1078/1076/1078 1087/1087/1087 
f 1091/1091/1091 1119/1142/1119 1134/1156/1134 
f 1119/1142/1119 1128/1149/1128 1134/1156/1134 
f 1134/1156/1134 1128/1149/1128 1135/1157/1135 
f 1127/1148/1127 1135/1157/1135 1128/1149/1128 
f 1131/1153/1131 1117/1125/1117 904/1158/904 
f 905/1136/905 904/1158/904 1117/1125/1117 
f 1077/1075/1077 1131/1153/1131 928/1159/928 
f 904/1158/904 928/1159/928 1131/1153/1131 
f 928/1159/928 947/1145/947 1077/1075/1077 
f 1124/1139/1124 939/1140/939 1078/1076/1078 
f 888/1077/888 1078/1076/1078 939/1140/939 
f 1127/1148/1127 1124/1139/1124 1109/1115/1109 
f 1078/1076/1078 1109/1115/1109 1124/1139/1124 
f 1135/1157/1135 1127/1148/1127 1110/1116/1110 
f 1109/1115/1109 1110/1116/1110 1127/1148/1127 
f 1091/1091/1091 1134/1156/1134 1090/1090/1090 
f 1135/1157/1135 1090/1090/1090 1134/1156/1134 
f 1135/1157/1135 1110/1116/1110 1090/1090/1090 
f 1133/1155/1133 1090/1090/1090 1110/1116/1110 
f 1133/1155/1133 1110/1116/1110 1125/1146/1125 
f 1085/1085/1085 1125/1146/1125 1110/1116/1110 
f 1121/1129/1121 1125/1146/1125 1097/1097/1097 
f 1126/1147/1126 1097/1097/1097 1125/1146/1125 
f 1093/1093/1093 1097/1097/1097 1114/1121/1114 
f 1126/1147/1126 1114/1121/1114 1097/1097/1097 
f 1095/1095/1095 1093/1093/1093 1082/1082/1082 
f 1114/1121/1114 1082/1082/1082 1093/1093/1093 
f 1113/1120/1113 1084/1084/1084 1118/1126/1118 
f 1086/1086/1086 1118/1126/1118 1084/1084/1084 
f 1132/1154/1132 1080/1080/1080 1118/1126/1118 
f 1113/1120/1113 1118/1126/1118 1080/1080/1080 
f 1082/1082/1082 1083/1083/1083 1095/1095/1095 
f 1083/1083/1083 1102/1102/1102 1095/1095/1095 
f 1081/1081/1081 1080/1080/1080 1130/1151/1130 
f 1132/1154/1132 1130/1151/1130 1080/1080/1080 
f 1081/1081/1081 1130/1151/1130 1119/1127/1119 
f 1129/1152/1129 1119/1127/1119 1130/1151/1130 
f 1129/1150/1129 1128/1149/1128 1119/1142/1119 
f 1089/1089/1089 1102/1131/1102 1091/1091/1091 
f 1120/1141/1120 1091/1091/1091 1102/1131/1102 
f 1120/1128/1120 1102/1102/1102 1083/1083/1083 
f 1121/1129/1121 1115/1122/1115 1125/1146/1125 
f 1133/1155/1133 1125/1146/1125 1115/1122/1115 
f 1112/1119/1112 1099/1099/1099 1115/1122/1115 
f 1121/1129/1121 1112/1119/1112 1115/1122/1115 
# 20 polygons - 1746 triangles

#
# object Cow_Head
#

v  0.0202 1.8904 -0.0878
v  0.0448 1.9002 -0.0695
v  0.0442 1.8844 -0.0756
v  0.0108 1.9020 -0.0913
v  -0.0059 1.8872 -0.1026
v  0.0027 1.8795 -0.0950
v  0.0359 1.8787 -0.0677
v  0.0548 1.8687 -0.0649
v  0.0424 1.8668 -0.0600
v  0.0397 1.8542 -0.0640
v  0.0517 1.8545 -0.0608
v  0.0372 1.8375 -0.0878
v  0.0315 1.8462 -0.0771
v  0.0076 1.8424 -0.0996
v  0.0120 1.8479 -0.0843
v  0.0008 1.8584 -0.0889
v  -0.0040 1.8561 -0.1034
v  -0.0145 1.8675 -0.1082
v  -0.0047 1.8713 -0.0984
v  0.0623 1.8543 -0.0555
v  0.0604 1.8789 -0.0574
v  0.0648 1.8733 -0.0443
v  0.0564 1.9004 -0.0269
v  0.0579 1.8846 -0.0446
v  0.0731 1.8872 -0.0262
v  0.0584 1.9042 0.0000
v  0.0750 1.8936 0.0000
v  0.0020 1.9085 -0.0833
v  0.0250 1.9123 -0.0688
v  -0.0065 1.9255 -0.0608
v  0.0211 1.9182 -0.0528
v  -0.0086 1.9451 0.0000
v  0.0177 1.9306 -0.0329
v  -0.0092 1.9450 -0.0333
v  0.0163 1.9339 0.0000
v  0.0536 1.8236 -0.0841
v  0.0112 1.8271 -0.1058
v  0.0441 1.8277 -0.0872
v  0.0255 1.8143 -0.0968
v  0.0620 1.8203 -0.0843
v  0.0295 1.8044 -0.1037
v  0.0641 1.7929 -0.0956
v  0.0315 1.7729 -0.1130
v  0.0690 1.7514 -0.0914
v  0.0350 1.7265 -0.1026
v  0.0010 1.8722 -0.0900
v  0.0389 1.9147 -0.0306
v  0.0401 1.9191 0.0000
v  0.0447 1.9015 -0.0509
v  0.0174 1.8845 -0.0781
v  -0.0075 1.8431 -0.1090
v  0.0876 1.8765 -0.0237
v  0.0908 1.8831 0.0000
v  0.1438 1.8567 0.0000
v  0.1081 1.8614 -0.0226
v  0.1126 1.8683 0.0000
v  0.1422 1.8516 -0.0283
v  0.1754 1.8482 0.0000
v  0.1773 1.8479 -0.0270
v  0.1984 1.8315 0.0000
v  0.1949 1.8327 -0.0209
v  0.2025 1.7992 0.0000
v  0.1992 1.7960 -0.0209
v  0.1965 1.7569 -0.0158
v  0.1978 1.7561 0.0000
v  0.1880 1.7439 -0.0137
v  0.1889 1.7431 0.0000
v  0.1790 1.7338 0.0000
v  0.1775 1.7349 -0.0119
v  0.0870 1.8048 -0.0731
v  0.1004 1.7720 -0.0750
v  0.0992 1.7353 -0.0678
v  0.0785 1.7152 -0.0761
v  0.1194 1.8024 -0.0587
v  0.1059 1.8288 -0.0518
v  0.1302 1.8257 -0.0470
v  0.1044 1.8069 -0.0605
v  0.1168 1.7806 -0.0665
v  0.1131 1.7535 -0.0623
v  0.0985 1.7069 -0.0379
v  0.1112 1.7230 -0.0455
v  0.1162 1.7111 -0.0304
v  0.1709 1.8255 -0.0474
v  0.1615 1.8276 -0.0560
v  0.1689 1.7470 -0.0551
v  0.1837 1.7443 -0.0353
v  0.1723 1.7357 -0.0296
v  0.1632 1.7370 -0.0460
v  0.1366 1.7919 -0.0717
v  0.1656 1.7973 -0.0666
v  0.1359 1.7714 -0.0696
v  0.1613 1.8085 -0.0648
v  0.1576 1.8173 -0.0620
v  0.1289 1.7455 -0.0647
v  0.1443 1.7323 -0.0582
v  0.1352 1.7316 -0.0495
v  0.1276 1.7142 -0.0429
v  0.1334 1.7094 -0.0221
v  0.1416 1.7166 -0.0430
v  0.1534 1.7086 -0.0227
v  0.1169 1.7053 0.0000
v  0.1017 1.7003 0.0000
v  0.1334 1.7074 0.0000
v  0.1540 1.7224 -0.0411
v  0.1406 1.7303 -0.0457
v  0.0712 1.8433 -0.0676
v  0.0862 1.8500 -0.0448
v  0.0873 1.8348 -0.0615
v  0.1046 1.8424 -0.0386
v  0.0728 1.8689 -0.0356
v  0.0720 1.8550 -0.0463
v  0.0867 1.8617 -0.0329
v  0.1058 1.8502 -0.0293
v  -0.0177 1.8843 -0.1065
v  -0.0107 1.8969 -0.0962
v  -0.0218 1.8610 -0.1137
v  -0.0028 1.8125 -0.1092
v  -0.0134 1.8285 -0.1114
v  -0.0040 1.7929 -0.1181
v  -0.0007 1.7565 -0.1194
v  -0.0053 1.7167 -0.1028
v  -0.0582 1.9489 -0.0385
v  -0.0573 1.9514 0.0000
v  -0.0828 1.9363 -0.0413
v  -0.0865 1.9414 -0.0000
v  -0.0211 1.7960 -0.1246
v  -0.1378 1.7483 -0.0414
v  -0.1076 1.8031 -0.0800
v  -0.1109 1.7442 -0.0737
v  -0.1362 1.7987 -0.0472
v  -0.0227 1.8215 -0.1194
v  0.1838 1.8221 -0.0405
v  0.1697 1.8112 -0.0446
v  0.1908 1.7893 -0.0355
v  0.1899 1.8041 -0.0375
v  0.1819 1.7863 -0.0459
v  0.1529 1.7667 -0.0699
v  0.1744 1.7929 -0.0577
v  -0.0473 1.7439 -0.1138
v  -0.0398 1.8846 -0.1073
v  -0.0361 1.8995 -0.0967
v  -0.0396 1.8717 -0.1112
v  -0.0582 1.8950 -0.0985
v  -0.0746 1.9038 -0.0907
v  -0.0806 1.8929 -0.0859
v  -0.0897 1.8971 -0.0768
v  -0.0405 1.8446 -0.1185
v  -0.1049 1.8426 -0.0878
v  -0.0749 1.8732 -0.1032
v  -0.0832 1.8481 -0.1068
v  -0.0960 1.8730 -0.0838
v  -0.1368 1.8419 -0.0514
v  -0.0682 1.8933 -0.0963
v  -0.0507 1.9118 -0.1000
v  -0.0467 1.9028 -0.0905
v  -0.0396 1.9408 -0.0585
v  -0.0292 1.9238 -0.0734
v  -0.0424 1.8265 -0.1226
v  -0.0453 1.8383 -0.1208
v  -0.0616 1.8306 -0.1168
v  -0.0532 1.8689 -0.1132
v  -0.0531 1.8479 -0.1326
v  -0.0405 1.8582 -0.1361
v  -0.0543 1.8269 -0.1340
v  -0.0513 1.8745 -0.1272
v  -0.0639 1.8622 -0.1271
v  -0.0665 1.8389 -0.1268
v  -0.0443 1.8793 -0.1549
v  -0.0577 1.8299 -0.1501
v  -0.0713 1.8597 -0.1704
v  -0.0545 1.8153 -0.1689
v  -0.0753 1.8901 -0.1552
v  -0.0866 1.8719 -0.1557
v  -0.0852 1.8472 -0.1593
v  -0.0938 1.8811 -0.2012
v  -0.0856 1.8970 -0.1978
v  -0.0936 1.8600 -0.2053
v  -0.0783 1.9087 -0.2042
v  -0.0857 1.8605 -0.2011
v  -0.0951 1.8999 -0.2459
v  -0.0707 1.8386 -0.2173
v  -0.0924 1.8807 -0.2425
v  -0.0839 1.8422 -0.2144
v  -0.0517 1.8180 -0.1226
v  -0.0620 1.9415 -0.0555
v  -0.0814 1.9340 -0.0564
v  -0.1065 1.9148 -0.0443
v  -0.1133 1.9166 -0.0000
v  -0.0940 1.9122 -0.0628
v  -0.0786 1.9333 -0.0692
v  -0.0884 1.9167 -0.0776
v  -0.0418 1.9233 -0.0705
v  -0.0490 1.9285 -0.0788
v  -0.0702 1.9125 -0.1061
v  -0.0494 1.9168 -0.1043
v  -0.0611 1.9406 -0.0669
v  -0.0572 1.9431 -0.0836
v  -0.0729 1.9391 -0.0907
v  -0.0786 1.9248 -0.1002
v  -0.0474 1.9293 -0.0867
v  -0.0596 1.9326 -0.1192
v  -0.0446 1.9316 -0.1099
v  -0.0431 1.9420 -0.0984
v  -0.0551 1.9491 -0.0927
v  -0.0667 1.9492 -0.1010
v  -0.0697 1.9422 -0.1115
v  -0.0450 1.9539 -0.1165
v  -0.0385 1.9516 -0.1107
v  -0.0401 1.9526 -0.1035
v  -0.0480 1.9581 -0.1012
v  -0.0526 1.9599 -0.1070
v  -0.0508 1.9581 -0.1123
v  -0.0385 1.9619 -0.1076
v  0.0342 1.7036 -0.0862
v  0.0191 1.6932 -0.0914
v  0.0804 1.6985 -0.0285
v  0.0809 1.6930 0.0000
v  0.0603 1.6922 -0.0535
v  0.0435 1.6775 -0.0556
v  0.0344 1.6696 -0.0534
v  0.0415 1.6774 -0.0001
v  0.0369 1.6694 0.0000
v  -0.0605 1.9016 -0.1636
v  -0.0533 1.8191 -0.1335
v  -0.0704 1.8244 -0.1686
v  -0.0816 1.8097 -0.1038
v  -0.0776 1.7499 -0.1038
v  -0.0471 1.9357 -0.0611
v  -0.1319 1.8819 -0.0517
v  -0.0500 1.6841 -0.0995
v  -0.0812 1.6866 -0.0920
v  -0.1043 1.6884 -0.0743
v  -0.1310 1.6880 -0.0429
v  -0.0465 1.6282 -0.0944
v  -0.0761 1.6348 -0.0874
v  -0.1003 1.6351 -0.0720
v  -0.1219 1.6348 -0.0450
v  -0.0131 1.6756 -0.0985
v  0.0143 1.6692 -0.0897
v  -0.0156 1.6281 -0.0901
v  0.0099 1.6254 -0.0840
v  0.1730 1.7319 -0.0108
v  0.1750 1.7311 0.0000
v  0.1704 1.7203 0.0000
v  0.1681 1.7168 -0.0123
v  0.1614 1.7338 -0.0430
v  0.1671 1.7326 -0.0289
v  0.1666 1.7173 -0.0279
v  0.1502 1.7454 -0.0661
v  0.1753 1.7597 -0.0606
v  0.1912 1.7581 -0.0353
v  -0.1457 1.8437 -0.0000
v  -0.1365 1.8830 -0.0000
v  0.1542 1.7077 -0.0108
v  0.1240 1.7307 -0.0507
v  0.1556 1.7105 0.0000
v  0.1381 1.7084 0.0000
v  -0.1484 1.7963 -0.0000
v  -0.1500 1.7454 -0.0000
v  -0.1403 1.6849 -0.0000
v  -0.1321 1.6290 0.0000
v  0.0333 1.8741 -0.0733
v  0.0219 1.8785 -0.0786
v  0.0122 1.8735 -0.0856
v  0.0381 1.8669 -0.0693
v  0.0363 1.8564 -0.0722
v  0.0298 1.8528 -0.0789
v  0.0184 1.8544 -0.0842
v  0.0091 1.8614 -0.0876
v  0.0278 1.8653 -0.0815
v  0.0344 1.6472 -0.0490
v  0.0325 1.6188 -0.0477
v  0.0312 1.6472 0.0001
v  0.0416 1.6188 0.0000
v  0.0202 1.8904 0.0878
v  0.0442 1.8844 0.0756
v  0.0448 1.9002 0.0695
v  0.0108 1.9020 0.0913
v  -0.0059 1.8872 0.1026
v  0.0027 1.8795 0.0950
v  0.0359 1.8787 0.0677
v  0.0424 1.8668 0.0600
v  0.0548 1.8687 0.0649
v  0.0397 1.8542 0.0640
v  0.0517 1.8545 0.0608
v  0.0372 1.8375 0.0878
v  0.0315 1.8462 0.0771
v  0.0076 1.8424 0.0996
v  0.0120 1.8479 0.0843
v  0.0008 1.8584 0.0889
v  -0.0040 1.8561 0.1034
v  -0.0145 1.8675 0.1082
v  -0.0047 1.8713 0.0984
v  0.0623 1.8543 0.0555
v  0.0648 1.8733 0.0443
v  0.0604 1.8789 0.0574
v  0.0564 1.9004 0.0269
v  0.0579 1.8846 0.0446
v  0.0731 1.8872 0.0262
v  0.0020 1.9085 0.0833
v  0.0250 1.9123 0.0688
v  0.0211 1.9182 0.0528
v  -0.0065 1.9255 0.0608
v  -0.0092 1.9450 0.0333
v  0.0177 1.9306 0.0329
v  0.0536 1.8236 0.0841
v  0.0441 1.8277 0.0872
v  0.0112 1.8271 0.1058
v  0.0255 1.8143 0.0968
v  0.0620 1.8203 0.0843
v  0.0295 1.8044 0.1037
v  0.0641 1.7929 0.0956
v  0.0315 1.7729 0.1130
v  0.0690 1.7514 0.0914
v  0.0350 1.7265 0.1026
v  0.0010 1.8722 0.0900
v  0.0389 1.9147 0.0306
v  0.0447 1.9015 0.0509
v  0.0174 1.8845 0.0781
v  -0.0075 1.8431 0.1090
v  0.0876 1.8765 0.0237
v  0.1081 1.8614 0.0226
v  0.1422 1.8516 0.0283
v  0.1773 1.8479 0.0270
v  0.1949 1.8327 0.0209
v  0.1992 1.7960 0.0209
v  0.1965 1.7569 0.0158
v  0.1880 1.7439 0.0137
v  0.1775 1.7349 0.0119
v  0.0870 1.8048 0.0731
v  0.1004 1.7720 0.0750
v  0.0785 1.7152 0.0761
v  0.0992 1.7353 0.0678
v  0.1194 1.8024 0.0587
v  0.1302 1.8257 0.0470
v  0.1059 1.8288 0.0518
v  0.1044 1.8069 0.0605
v  0.1168 1.7806 0.0665
v  0.1131 1.7535 0.0623
v  0.0985 1.7069 0.0379
v  0.1162 1.7111 0.0304
v  0.1112 1.7230 0.0455
v  0.1615 1.8276 0.0560
v  0.1709 1.8255 0.0474
v  0.1689 1.7470 0.0551
v  0.1632 1.7370 0.0460
v  0.1723 1.7357 0.0296
v  0.1837 1.7443 0.0353
v  0.1366 1.7919 0.0717
v  0.1359 1.7714 0.0696
v  0.1656 1.7973 0.0666
v  0.1613 1.8085 0.0648
v  0.1576 1.8173 0.0620
v  0.1289 1.7455 0.0647
v  0.1352 1.7316 0.0495
v  0.1443 1.7323 0.0582
v  0.1334 1.7094 0.0221
v  0.1276 1.7142 0.0429
v  0.1416 1.7166 0.0430
v  0.1534 1.7086 0.0227
v  0.1540 1.7224 0.0411
v  0.1406 1.7303 0.0457
v  0.0712 1.8433 0.0676
v  0.0873 1.8348 0.0615
v  0.0862 1.8500 0.0448
v  0.1046 1.8424 0.0386
v  0.0728 1.8689 0.0356
v  0.0720 1.8550 0.0463
v  0.0867 1.8617 0.0329
v  0.1058 1.8502 0.0293
v  -0.0177 1.8843 0.1065
v  -0.0107 1.8969 0.0962
v  -0.0218 1.8610 0.1137
v  -0.0028 1.8125 0.1092
v  -0.0134 1.8285 0.1114
v  -0.0040 1.7929 0.1181
v  -0.0007 1.7565 0.1194
v  -0.0053 1.7167 0.1028
v  -0.0582 1.9489 0.0385
v  -0.0828 1.9363 0.0413
v  -0.0211 1.7960 0.1246
v  -0.1378 1.7483 0.0414
v  -0.1109 1.7442 0.0737
v  -0.1076 1.8031 0.0800
v  -0.1362 1.7987 0.0472
v  -0.0227 1.8215 0.1194
v  0.1838 1.8221 0.0405
v  0.1697 1.8112 0.0446
v  0.1908 1.7893 0.0355
v  0.1899 1.8041 0.0375
v  0.1819 1.7863 0.0459
v  0.1529 1.7667 0.0699
v  0.1744 1.7929 0.0577
v  -0.0473 1.7439 0.1138
v  -0.0398 1.8846 0.1073
v  -0.0361 1.8995 0.0967
v  -0.0396 1.8717 0.1112
v  -0.0582 1.8950 0.0985
v  -0.0746 1.9038 0.0907
v  -0.0897 1.8971 0.0768
v  -0.0806 1.8929 0.0859
v  -0.0405 1.8446 0.1185
v  -0.1049 1.8426 0.0878
v  -0.0832 1.8481 0.1068
v  -0.0749 1.8732 0.1032
v  -0.0960 1.8730 0.0838
v  -0.1368 1.8419 0.0514
v  -0.0682 1.8933 0.0963
v  -0.0467 1.9028 0.0905
v  -0.0507 1.9118 0.1000
v  -0.0396 1.9408 0.0585
v  -0.0292 1.9238 0.0734
v  -0.0453 1.8383 0.1208
v  -0.0424 1.8265 0.1226
v  -0.0616 1.8306 0.1168
v  -0.0532 1.8689 0.1132
v  -0.0531 1.8479 0.1326
v  -0.0405 1.8582 0.1361
v  -0.0543 1.8269 0.1340
v  -0.0639 1.8622 0.1271
v  -0.0513 1.8745 0.1272
v  -0.0665 1.8389 0.1268
v  -0.0443 1.8793 0.1549
v  -0.0713 1.8597 0.1704
v  -0.0577 1.8299 0.1501
v  -0.0545 1.8153 0.1689
v  -0.0866 1.8719 0.1557
v  -0.0753 1.8901 0.1552
v  -0.0852 1.8472 0.1593
v  -0.0938 1.8811 0.2012
v  -0.0856 1.8970 0.1978
v  -0.0936 1.8600 0.2053
v  -0.0783 1.9087 0.2042
v  -0.0951 1.8999 0.2459
v  -0.0857 1.8605 0.2011
v  -0.0924 1.8807 0.2425
v  -0.0707 1.8386 0.2173
v  -0.0839 1.8422 0.2144
v  -0.0517 1.8180 0.1226
v  -0.0620 1.9415 0.0555
v  -0.0814 1.9340 0.0564
v  -0.1065 1.9148 0.0443
v  -0.0940 1.9122 0.0628
v  -0.0884 1.9167 0.0776
v  -0.0786 1.9333 0.0692
v  -0.0418 1.9233 0.0705
v  -0.0490 1.9285 0.0788
v  -0.0702 1.9125 0.1061
v  -0.0494 1.9168 0.1043
v  -0.0611 1.9406 0.0669
v  -0.0572 1.9431 0.0836
v  -0.0729 1.9391 0.0907
v  -0.0786 1.9248 0.1002
v  -0.0474 1.9293 0.0867
v  -0.0596 1.9326 0.1192
v  -0.0446 1.9316 0.1099
v  -0.0431 1.9420 0.0984
v  -0.0551 1.9491 0.0927
v  -0.0667 1.9492 0.1010
v  -0.0697 1.9422 0.1115
v  -0.0450 1.9539 0.1165
v  -0.0385 1.9516 0.1107
v  -0.0401 1.9526 0.1035
v  -0.0480 1.9581 0.1012
v  -0.0526 1.9599 0.1070
v  -0.0508 1.9581 0.1123
v  -0.0385 1.9619 0.1076
v  0.0342 1.7036 0.0862
v  0.0191 1.6932 0.0914
v  0.0804 1.6985 0.0285
v  0.0603 1.6922 0.0535
v  0.0435 1.6775 0.0556
v  0.0344 1.6696 0.0534
v  0.0415 1.6774 0.0001
v  -0.0605 1.9016 0.1636
v  -0.0533 1.8191 0.1335
v  -0.0704 1.8244 0.1686
v  -0.0816 1.8097 0.1038
v  -0.0776 1.7499 0.1038
v  -0.0471 1.9357 0.0611
v  -0.1319 1.8819 0.0517
v  -0.0500 1.6841 0.0995
v  -0.0812 1.6866 0.0920
v  -0.1043 1.6884 0.0743
v  -0.1310 1.6880 0.0429
v  -0.0465 1.6282 0.0944
v  -0.0761 1.6348 0.0874
v  -0.1003 1.6351 0.0720
v  -0.1219 1.6348 0.0450
v  -0.0131 1.6756 0.0985
v  0.0143 1.6692 0.0897
v  -0.0156 1.6281 0.0901
v  0.0099 1.6254 0.0840
v  0.1730 1.7319 0.0108
v  0.1681 1.7168 0.0123
v  0.1666 1.7173 0.0279
v  0.1671 1.7326 0.0289
v  0.1614 1.7338 0.0430
v  0.1502 1.7454 0.0661
v  0.1753 1.7597 0.0606
v  0.1912 1.7581 0.0353
v  0.1542 1.7077 0.0108
v  0.1240 1.7307 0.0507
v  0.0333 1.8741 0.0733
v  0.0219 1.8785 0.0786
v  0.0122 1.8735 0.0856
v  0.0381 1.8669 0.0693
v  0.0363 1.8564 0.0722
v  0.0298 1.8528 0.0789
v  0.0184 1.8544 0.0842
v  0.0091 1.8614 0.0876
v  0.0278 1.8653 0.0815
v  0.0344 1.6472 0.0490
v  0.0325 1.6188 0.0477
v  0.0312 1.6472 -0.0001
# 515 vertices

vn 0.5296 -0.2992 -0.7937
vn 0.6726 0.5857 -0.4523
vn 0.4679 -0.2397 -0.8507
vn 0.3288 0.5826 -0.7433
vn 0.3838 0.2096 -0.8993
vn 0.6588 -0.3768 -0.6512
vn 0.3455 -0.3844 -0.8561
vn 0.5614 -0.2574 -0.7865
vn 0.2315 -0.0688 -0.9704
vn 0.5127 0.3314 -0.7920
vn 0.4043 0.3065 -0.8618
vn 0.4402 0.5459 -0.7129
vn 0.4390 0.5536 -0.7077
vn 0.5935 0.5470 -0.5903
vn 0.4313 0.4410 -0.7871
vn 0.7035 0.1720 -0.6896
vn 0.5733 0.3439 -0.7437
vn 0.6266 0.0204 -0.7790
vn 0.7717 -0.1313 -0.6223
vn 0.5031 0.4965 -0.7074
vn 0.8771 0.2691 -0.3978
vn 0.8238 0.3532 -0.4433
vn 0.6301 0.6968 -0.3426
vn 0.8053 0.5463 -0.2303
vn 0.5825 0.6508 -0.4870
vn 0.6090 0.7932 0.0000
vn 0.5587 0.8294 0.0000
vn 0.1636 0.7825 -0.6008
vn 0.4084 0.7974 -0.4442
vn 0.3005 0.8064 -0.5093
vn 0.4632 0.8286 -0.3145
vn 0.2764 0.9610 -0.0000
vn 0.4963 0.8286 -0.2589
vn 0.3050 0.9234 -0.2329
vn 0.4677 0.8839 -0.0000
vn 0.2981 0.4346 -0.8499
vn 0.3981 0.1034 -0.9115
vn 0.4621 0.4066 -0.7881
vn 0.3267 0.2562 -0.9097
vn 0.3680 0.4341 -0.8223
vn 0.2223 0.4360 -0.8721
vn 0.5168 0.1807 -0.8368
vn 0.2596 0.0506 -0.9644
vn 0.4999 -0.1186 -0.8580
vn 0.3454 -0.3517 -0.8701
vn 0.7122 -0.1808 -0.6783
vn 0.6283 0.7389 -0.2434
vn 0.5977 0.8017 -0.0000
vn 0.7138 0.6856 -0.1427
vn 0.4716 -0.4088 -0.7813
vn 0.2958 0.1583 -0.9420
vn 0.5209 0.6460 -0.5580
vn 0.5688 0.8225 0.0000
vn 0.2726 0.9621 -0.0000
vn 0.3500 0.7078 -0.6136
vn 0.4554 0.8903 -0.0000
vn 0.1010 0.8631 -0.4948
vn 0.3797 0.9251 0.0000
vn 0.4185 0.8359 -0.3551
vn 0.8870 0.4617 -0.0000
vn 0.8370 0.4408 -0.3241
vn 0.9999 0.0158 -0.0000
vn 0.9412 0.0104 -0.3376
vn 0.9271 -0.3302 -0.1775
vn 0.9363 -0.3512 -0.0000
vn 0.7396 -0.6622 -0.1201
vn 0.7598 -0.6502 0.0000
vn 0.6240 -0.7814 -0.0000
vn 0.5693 -0.8031 -0.1757
vn 0.5442 0.2556 -0.7991
vn 0.4600 0.0395 -0.8871
vn 0.6180 -0.3464 -0.7058
vn 0.4888 -0.5473 -0.6794
vn -0.0283 0.4201 -0.9070
vn 0.3815 0.5050 -0.7742
vn -0.0503 0.5609 -0.8264
vn 0.3764 0.3231 -0.8683
vn 0.0654 0.0936 -0.9935
vn 0.2283 -0.3038 -0.9250
vn 0.3906 -0.8342 -0.3893
vn 0.2224 -0.6307 -0.7434
vn 0.1154 -0.9304 -0.3478
vn 0.6162 0.1276 -0.7772
vn 0.3212 0.4564 -0.8298
vn 0.5037 -0.6327 -0.5882
vn 0.6766 -0.6414 -0.3617
vn 0.4854 -0.8377 -0.2503
vn 0.5479 -0.7135 -0.4368
vn -0.1187 0.1924 -0.9741
vn 0.5154 0.2280 -0.8261
vn -0.0866 -0.0914 -0.9920
vn 0.5061 0.3897 -0.7694
vn 0.2662 0.4710 -0.8410
vn -0.2107 -0.4272 -0.8792
vn 0.0879 -0.8377 -0.5391
vn 0.0269 -0.6918 -0.7216
vn -0.0203 -0.7713 -0.6362
vn 0.0104 -0.9804 -0.1969
vn 0.2223 -0.6470 -0.7294
vn 0.2460 -0.9320 -0.2661
vn 0.1927 -0.9813 -0.0000
vn 0.3241 -0.9460 0.0000
vn 0.0844 -0.9964 -0.0000
vn 0.3584 -0.4973 -0.7901
vn 0.3073 -0.6341 -0.7095
vn 0.3391 0.6433 -0.6864
vn 0.4366 0.6682 -0.6023
vn 0.5293 0.4786 -0.7006
vn 0.3098 0.6728 -0.6718
vn 0.5959 0.4308 -0.6777
vn 0.4656 0.6157 -0.6357
vn 0.4289 0.5450 -0.7204
vn 0.2324 0.6202 -0.7493
vn 0.1148 0.4252 -0.8978
vn 0.0540 0.6506 -0.7575
vn 0.2944 0.1762 -0.9393
vn 0.3872 0.1906 -0.9021
vn 0.4345 0.1164 -0.8931
vn 0.3668 0.2103 -0.9062
vn 0.1817 -0.2121 -0.9602
vn 0.1507 -0.2493 -0.9566
vn -0.1628 0.9700 -0.1807
vn -0.1210 0.9926 -0.0000
vn -0.5385 0.8293 -0.1490
vn -0.5101 0.8601 0.0000
vn 0.1247 0.0553 -0.9907
vn -0.8874 -0.0475 -0.4586
vn -0.7107 -0.0639 -0.7006
vn -0.7192 -0.0623 -0.6920
vn -0.8873 -0.0297 -0.4602
vn 0.3744 0.1895 -0.9077
vn 0.5942 0.2035 -0.7782
vn 0.6653 0.1231 -0.7363
vn 0.7803 0.0674 -0.6218
vn 0.6989 -0.0139 -0.7151
vn 0.7708 0.2485 -0.5866
vn 0.1441 -0.0776 -0.9865
vn 0.8095 0.2866 -0.5125
vn -0.1772 -0.2002 -0.9636
vn -0.0166 0.4559 -0.8899
vn -0.0214 0.6557 -0.7547
vn 0.0589 0.2792 -0.9584
vn -0.2142 0.6615 -0.7187
vn -0.6393 -0.1981 -0.7430
vn -0.6369 0.2328 -0.7349
vn -0.6722 0.2569 -0.6943
vn 0.4733 0.0736 -0.8778
vn -0.7071 0.0957 -0.7006
vn -0.4884 0.3559 -0.7967
vn -0.5438 0.1296 -0.8292
vn -0.6341 0.3091 -0.7088
vn -0.8919 0.0418 -0.4502
vn -0.4028 0.2974 -0.8656
vn 0.6697 -0.4460 -0.5938
vn 0.3021 0.4881 -0.8188
vn 0.0724 0.8043 -0.5898
vn 0.0509 0.7211 -0.6910
vn 0.0436 0.1057 -0.9934
vn 0.5527 -0.0196 -0.8332
vn -0.8108 -0.1811 -0.5566
vn -0.1818 0.6410 -0.7457
vn 0.7465 -0.2954 -0.5962
vn 0.9244 -0.2085 -0.3194
vn 0.9674 0.0107 -0.2529
vn 0.2970 0.7732 0.5602
vn -0.7425 0.3065 0.5956
vn -0.8867 -0.2378 0.3964
vn 0.7325 0.0483 -0.6790
vn 0.9467 0.2522 -0.2002
vn 0.9111 0.0489 -0.4092
vn 0.6013 -0.7562 -0.2581
vn -0.5795 0.6525 0.4883
vn -0.8907 0.2048 0.4059
vn -0.9071 -0.3437 0.2431
vn -0.9696 0.1851 0.1600
vn -0.7949 0.5392 0.2783
vn -0.9645 -0.2640 -0.0059
vn 0.3160 0.9314 -0.1807
vn 0.9526 0.2239 -0.2059
vn -0.1717 0.4667 -0.8676
vn 0.6510 -0.4170 -0.6342
vn -0.0014 -0.1457 -0.9893
vn -0.6488 -0.6705 -0.3599
vn -0.1532 -0.2907 -0.9445
vn -0.1198 0.9415 -0.3148
vn -0.5824 0.7796 -0.2302
vn -0.6941 0.6539 -0.3010
vn -0.7477 0.6641 -0.0000
vn -0.7485 0.4713 -0.4665
vn -0.6445 0.7593 -0.0896
vn -0.9042 0.2344 -0.3570
vn 0.2915 0.6650 -0.6876
vn 0.8530 0.5101 -0.1105
vn -0.3563 -0.6021 -0.7145
vn 0.7113 -0.5289 -0.4629
vn 0.2060 0.9782 0.0275
vn 0.2550 0.8604 0.4413
vn -0.7080 0.7025 0.0723
vn -0.8883 0.0621 -0.4551
vn 0.9637 0.0158 0.2664
vn -0.1011 -0.1780 -0.9788
vn 0.8236 -0.3516 -0.4451
vn 0.8921 0.0308 0.4507
vn 0.0644 0.7475 0.6611
vn -0.6651 0.7331 0.1419
vn -0.7451 0.3556 -0.5643
vn 0.2370 0.2770 -0.9312
vn 0.9336 -0.0944 -0.3458
vn 0.8136 0.0909 0.5743
vn 0.0814 0.7071 0.7024
vn -0.4043 0.9146 0.0016
vn -0.3032 0.6991 -0.6476
vn 0.6559 0.7545 0.0220
vn 0.4864 -0.5677 -0.6642
vn 0.4746 -0.3368 -0.8132
vn 0.3777 -0.9026 -0.2065
vn 0.3490 -0.9371 -0.0000
vn 0.5378 -0.7790 -0.3224
vn 0.6132 -0.7122 -0.3417
vn 0.8622 -0.4004 -0.3103
vn 0.6947 -0.7183 -0.0378
vn 0.9256 -0.3786 0.0000
vn 0.5060 0.8621 -0.0262
vn 0.4114 -0.9071 0.0895
vn -0.6685 -0.7428 0.0379
vn -0.5903 -0.0602 -0.8050
vn -0.5066 -0.1116 -0.8550
vn 0.0887 0.7192 -0.6891
vn -0.8258 0.3477 -0.4439
vn -0.1417 -0.1563 -0.9775
vn -0.4517 -0.1223 -0.8837
vn -0.6827 -0.0842 -0.7258
vn -0.8870 -0.1166 -0.4468
vn -0.0350 -0.0946 -0.9949
vn -0.3962 -0.1045 -0.9122
vn -0.6588 -0.0892 -0.7470
vn -0.8880 -0.1300 -0.4411
vn 0.1375 -0.1753 -0.9749
vn 0.5853 -0.1718 -0.7924
vn 0.1734 -0.1810 -0.9681
vn 0.5846 -0.1627 -0.7948
vn 0.7597 -0.6098 -0.2259
vn 0.7619 -0.6477 0.0000
vn 0.8049 -0.5934 -0.0000
vn 0.7775 -0.6281 -0.0307
vn 0.5193 -0.6515 -0.5531
vn 0.7971 -0.5091 -0.3248
vn 0.7645 -0.4959 -0.4119
vn 0.2333 -0.3875 -0.8919
vn 0.6095 -0.2696 -0.7456
vn 0.8921 -0.2176 -0.3961
vn -0.9949 0.1008 -0.0000
vn -0.9152 0.4030 -0.0000
vn 0.2902 -0.9563 0.0361
vn -0.0249 -0.5235 -0.8517
vn 0.3772 -0.9261 -0.0000
vn 0.2056 -0.9786 -0.0000
vn -0.9994 0.0359 0.0000
vn -0.9987 -0.0504 -0.0000
vn -0.9878 -0.1559 -0.0000
vn -0.9896 -0.1438 -0.0000
vn 0.6623 0.3308 -0.6722
vn 0.4526 0.4075 -0.7932
vn 0.2963 0.3546 -0.8868
vn 0.8512 0.0951 -0.5162
vn 0.8169 -0.2125 -0.5361
vn 0.6069 -0.0947 -0.7891
vn 0.3124 -0.1654 -0.9354
vn 0.2038 -0.0053 -0.9790
vn 0.5375 0.1199 -0.8347
vn 0.9780 -0.0543 -0.2013
vn 0.9305 -0.0781 -0.3578
vn 0.9967 0.0498 0.0635
vn 0.9396 0.3423 -0.0000
vn 0.5296 -0.2992 0.7937
vn 0.4679 -0.2397 0.8507
vn 0.6726 0.5857 0.4523
vn 0.3288 0.5826 0.7433
vn 0.3838 0.2096 0.8993
vn 0.6588 -0.3768 0.6512
vn 0.3455 -0.3844 0.8561
vn 0.2315 -0.0688 0.9704
vn 0.5614 -0.2574 0.7865
vn 0.5127 0.3314 0.7920
vn 0.4043 0.3065 0.8618
vn 0.4402 0.5459 0.7129
vn 0.4390 0.5536 0.7077
vn 0.5935 0.5470 0.5903
vn 0.4313 0.4410 0.7871
vn 0.7035 0.1720 0.6896
vn 0.5733 0.3439 0.7437
vn 0.6266 0.0204 0.7790
vn 0.7717 -0.1313 0.6223
vn 0.5031 0.4965 0.7074
vn 0.8238 0.3532 0.4433
vn 0.8771 0.2691 0.3978
vn 0.6301 0.6968 0.3426
vn 0.8053 0.5463 0.2303
vn 0.5825 0.6508 0.4870
vn 0.1636 0.7825 0.6008
vn 0.4084 0.7974 0.4442
vn 0.4632 0.8286 0.3145
vn 0.3005 0.8064 0.5093
vn 0.3050 0.9234 0.2329
vn 0.4963 0.8286 0.2589
vn 0.2981 0.4346 0.8499
vn 0.4621 0.4066 0.7881
vn 0.3981 0.1034 0.9115
vn 0.3267 0.2562 0.9097
vn 0.3680 0.4341 0.8223
vn 0.2223 0.4360 0.8721
vn 0.5168 0.1807 0.8368
vn 0.2596 0.0506 0.9644
vn 0.4999 -0.1186 0.8580
vn 0.3454 -0.3517 0.8701
vn 0.7122 -0.1808 0.6783
vn 0.6283 0.7389 0.2434
vn 0.7138 0.6856 0.1427
vn 0.4716 -0.4088 0.7813
vn 0.2958 0.1583 0.9420
vn 0.5209 0.6460 0.5580
vn 0.3500 0.7078 0.6136
vn 0.1010 0.8631 0.4948
vn 0.4185 0.8359 0.3551
vn 0.8370 0.4408 0.3241
vn 0.9412 0.0104 0.3376
vn 0.9271 -0.3302 0.1775
vn 0.7396 -0.6622 0.1201
vn 0.5693 -0.8031 0.1757
vn 0.5442 0.2556 0.7991
vn 0.4600 0.0395 0.8871
vn 0.4888 -0.5473 0.6794
vn 0.6180 -0.3464 0.7058
vn -0.0283 0.4201 0.9070
vn -0.0503 0.5609 0.8264
vn 0.3815 0.5050 0.7742
vn 0.3764 0.3231 0.8683
vn 0.0654 0.0936 0.9935
vn 0.2283 -0.3038 0.9250
vn 0.3906 -0.8342 0.3893
vn 0.1154 -0.9304 0.3478
vn 0.2224 -0.6307 0.7434
vn 0.3212 0.4564 0.8298
vn 0.6162 0.1276 0.7772
vn 0.5037 -0.6327 0.5882
vn 0.5479 -0.7135 0.4368
vn 0.4854 -0.8377 0.2503
vn 0.6766 -0.6414 0.3617
vn -0.1187 0.1924 0.9741
vn -0.0866 -0.0914 0.9920
vn 0.5154 0.2280 0.8261
vn 0.5061 0.3897 0.7694
vn 0.2662 0.4710 0.8410
vn -0.2107 -0.4272 0.8792
vn 0.0269 -0.6918 0.7216
vn 0.0879 -0.8377 0.5391
vn 0.0104 -0.9804 0.1969
vn -0.0203 -0.7713 0.6362
vn 0.2223 -0.6470 0.7294
vn 0.2460 -0.9320 0.2661
vn 0.3584 -0.4973 0.7901
vn 0.3073 -0.6341 0.7095
vn 0.3391 0.6433 0.6864
vn 0.5293 0.4786 0.7006
vn 0.4366 0.6682 0.6023
vn 0.3098 0.6728 0.6718
vn 0.5959 0.4308 0.6777
vn 0.4656 0.6157 0.6357
vn 0.4289 0.5450 0.7204
vn 0.2324 0.6202 0.7493
vn 0.1148 0.4252 0.8978
vn 0.0540 0.6506 0.7575
vn 0.2944 0.1762 0.9393
vn 0.3872 0.1906 0.9021
vn 0.4345 0.1164 0.8931
vn 0.3668 0.2103 0.9062
vn 0.1817 -0.2121 0.9602
vn 0.1507 -0.2493 0.9566
vn -0.1628 0.9700 0.1807
vn -0.5385 0.8293 0.1490
vn 0.1247 0.0553 0.9907
vn -0.8874 -0.0475 0.4586
vn -0.7192 -0.0623 0.6920
vn -0.7107 -0.0639 0.7006
vn -0.8873 -0.0297 0.4602
vn 0.3744 0.1895 0.9077
vn 0.5942 0.2035 0.7782
vn 0.6653 0.1231 0.7363
vn 0.7803 0.0674 0.6218
vn 0.6989 -0.0139 0.7151
vn 0.7708 0.2485 0.5866
vn 0.1441 -0.0776 0.9865
vn 0.8095 0.2866 0.5125
vn -0.1772 -0.2002 0.9636
vn -0.0166 0.4559 0.8899
vn -0.0214 0.6557 0.7547
vn 0.0589 0.2792 0.9584
vn -0.2142 0.6615 0.7187
vn -0.6393 -0.1981 0.7430
vn -0.6722 0.2569 0.6943
vn -0.6369 0.2328 0.7349
vn 0.4733 0.0736 0.8778
vn -0.7071 0.0957 0.7006
vn -0.5438 0.1296 0.8292
vn -0.4884 0.3559 0.7967
vn -0.6341 0.3091 0.7088
vn -0.8919 0.0418 0.4502
vn -0.4028 0.2974 0.8656
vn 0.3021 0.4881 0.8188
vn 0.6697 -0.4460 0.5938
vn 0.0724 0.8043 0.5898
vn 0.0509 0.7211 0.6910
vn 0.5527 -0.0196 0.8332
vn 0.0436 0.1057 0.9934
vn -0.8108 -0.1811 0.5566
vn -0.1818 0.6410 0.7457
vn 0.7465 -0.2954 0.5962
vn 0.9244 -0.2085 0.3194
vn 0.9674 0.0107 0.2529
vn -0.7425 0.3065 -0.5956
vn 0.2970 0.7732 -0.5602
vn -0.8867 -0.2378 -0.3964
vn 0.7325 0.0483 0.6790
vn 0.9111 0.0489 0.4092
vn 0.9467 0.2522 0.2002
vn 0.6013 -0.7562 0.2581
vn -0.8907 0.2048 -0.4059
vn -0.5795 0.6525 -0.4883
vn -0.9071 -0.3437 -0.2431
vn -0.9696 0.1851 -0.1600
vn -0.7949 0.5392 -0.2783
vn -0.9645 -0.2640 0.0059
vn 0.3160 0.9314 0.1807
vn -0.1717 0.4667 0.8676
vn 0.9526 0.2239 0.2059
vn -0.0014 -0.1457 0.9893
vn 0.6510 -0.4170 0.6342
vn -0.6488 -0.6705 0.3599
vn -0.1532 -0.2907 0.9445
vn -0.1198 0.9415 0.3148
vn -0.5824 0.7796 0.2302
vn -0.6941 0.6539 0.3010
vn -0.7485 0.4713 0.4665
vn -0.9042 0.2344 0.3570
vn -0.6445 0.7593 0.0896
vn 0.2915 0.6650 0.6876
vn 0.8530 0.5101 0.1105
vn -0.3563 -0.6021 0.7145
vn 0.7113 -0.5289 0.4629
vn 0.2060 0.9782 -0.0275
vn 0.2550 0.8604 -0.4413
vn -0.7080 0.7025 -0.0723
vn -0.8883 0.0621 0.4551
vn 0.9637 0.0158 -0.2664
vn -0.1011 -0.1780 0.9788
vn 0.8236 -0.3516 0.4451
vn 0.8921 0.0308 -0.4507
vn 0.0644 0.7475 -0.6611
vn -0.6651 0.7331 -0.1419
vn -0.7451 0.3556 0.5643
vn 0.2370 0.2770 0.9312
vn 0.9336 -0.0944 0.3458
vn 0.8136 0.0909 -0.5743
vn 0.0814 0.7071 -0.7024
vn -0.4043 0.9146 -0.0016
vn -0.3032 0.6991 0.6476
vn 0.6559 0.7545 -0.0220
vn 0.4864 -0.5677 0.6642
vn 0.4746 -0.3368 0.8132
vn 0.3777 -0.9026 0.2065
vn 0.5378 -0.7790 0.3224
vn 0.6132 -0.7122 0.3417
vn 0.8622 -0.4004 0.3103
vn 0.6947 -0.7183 0.0378
vn 0.5060 0.8621 0.0262
vn 0.4114 -0.9071 -0.0895
vn -0.6685 -0.7428 -0.0379
vn -0.5903 -0.0602 0.8050
vn -0.5066 -0.1116 0.8550
vn 0.0887 0.7192 0.6891
vn -0.8258 0.3477 0.4439
vn -0.1417 -0.1563 0.9775
vn -0.4517 -0.1223 0.8837
vn -0.6827 -0.0842 0.7258
vn -0.8870 -0.1166 0.4468
vn -0.0350 -0.0946 0.9949
vn -0.3962 -0.1045 0.9122
vn -0.6588 -0.0892 0.7470
vn -0.8880 -0.1300 0.4411
vn 0.1375 -0.1753 0.9749
vn 0.5853 -0.1718 0.7924
vn 0.1734 -0.1810 0.9681
vn 0.5846 -0.1627 0.7948
vn 0.7597 -0.6098 0.2259
vn 0.7775 -0.6281 0.0307
vn 0.7645 -0.4959 0.4119
vn 0.7971 -0.5091 0.3248
vn 0.5193 -0.6515 0.5531
vn 0.2333 -0.3875 0.8919
vn 0.6095 -0.2696 0.7456
vn 0.8921 -0.2176 0.3961
vn 0.2902 -0.9563 -0.0361
vn -0.0249 -0.5235 0.8517
vn 0.6623 0.3308 0.6722
vn 0.4526 0.4075 0.7932
vn 0.2963 0.3546 0.8868
vn 0.8512 0.0951 0.5162
vn 0.8169 -0.2125 0.5361
vn 0.6069 -0.0947 0.7891
vn 0.3124 -0.1654 0.9354
vn 0.2038 -0.0053 0.9790
vn 0.5375 0.1199 0.8347
vn 0.9780 -0.0543 0.2013
vn 0.9305 -0.0781 0.3578
vn 0.9967 0.0498 -0.0635
# 515 vertex normals

vt 0.7102 0.8703 0.0000
vt 0.6821 0.8814 0.0000
vt 0.6830 0.8668 0.0000
vt 0.7198 0.8797 0.0000
vt 0.7403 0.8677 0.0000
vt 0.7296 0.8613 0.0000
vt 0.6887 0.8578 0.0000
vt 0.6706 0.8510 0.0000
vt 0.6831 0.8473 0.0000
vt 0.6850 0.8371 0.0000
vt 0.6722 0.8374 0.0000
vt 0.6998 0.8138 0.0000
vt 0.6986 0.8270 0.0000
vt 0.7315 0.8234 0.0000
vt 0.7178 0.8323 0.0000
vt 0.7273 0.8426 0.0000
vt 0.7419 0.8392 0.0000
vt 0.7523 0.8501 0.0000
vt 0.7379 0.8541 0.0000
vt 0.6603 0.8381 0.0000
vt 0.6637 0.8637 0.0000
vt 0.6515 0.8628 0.0000
vt 0.6482 0.8995 0.0000
vt 0.6565 0.8770 0.0000
vt 0.6340 0.8813 0.0000
vt 0.6294 0.9204 0.0000
vt 0.6141 0.9003 0.0000
vt 0.7249 0.8891 0.0000
vt 0.6992 0.8949 0.0000
vt 0.7248 0.9168 0.0000
vt 0.6954 0.9109 0.0000
vt 0.7159 0.9815 0.0000
vt 0.6930 0.9354 0.0000
vt 0.7218 0.9498 0.0000
vt 0.6821 0.9667 0.0000
vt 0.6861 0.7986 0.0000
vt 0.7330 0.8071 0.0000
vt 0.6947 0.8048 0.0000
vt 0.7189 0.7932 0.0000
vt 0.6799 0.7928 0.0000
vt 0.7201 0.7812 0.0000
vt 0.6880 0.7637 0.0000
vt 0.7281 0.7494 0.0000
vt 0.6884 0.7216 0.0000
vt 0.7309 0.7019 0.0000
vt 0.7278 0.8539 0.0000
vt 0.6675 0.9170 0.0000
vt 0.6517 0.9452 0.0000
vt 0.6721 0.8925 0.0000
vt 0.7074 0.8607 0.0000
vt 0.7479 0.8260 0.0000
vt 0.6205 0.8664 0.0000
vt 0.6013 0.8830 0.0000
vt 0.5519 0.8425 0.0000
vt 0.6030 0.8452 0.0000
vt 0.5818 0.8653 0.0000
vt 0.5726 0.8181 0.0000
vt 0.5012 0.8184 0.0000
vt 0.5389 0.8014 0.0000
vt 0.5012 0.7892 0.0000
vt 0.5203 0.7859 0.0000
vt 0.5012 0.7519 0.0000
vt 0.5191 0.7466 0.0000
vt 0.5146 0.7069 0.0000
vt 0.5012 0.7060 0.0000
vt 0.5153 0.6913 0.0000
vt 0.5012 0.6898 0.0000
vt 0.5012 0.6758 0.0000
vt 0.5184 0.6772 0.0000
vt 0.6552 0.7737 0.0000
vt 0.6487 0.7371 0.0000
vt 0.6538 0.6963 0.0000
vt 0.6803 0.6816 0.0000
vt 0.6207 0.7669 0.0000
vt 0.6252 0.7995 0.0000
vt 0.6018 0.7915 0.0000
vt 0.6335 0.7750 0.0000
vt 0.6286 0.7408 0.0000
vt 0.6316 0.7110 0.0000
vt 0.6454 0.6512 0.0000
vt 0.6303 0.6714 0.0000
vt 0.6197 0.6509 0.0000
vt 0.5459 0.7866 0.0000
vt 0.5636 0.7844 0.0000
vt 0.5669 0.7009 0.0000
vt 0.5393 0.6961 0.0000
vt 0.5411 0.6825 0.0000
vt 0.5642 0.6887 0.0000
vt 0.6073 0.7481 0.0000
vt 0.5753 0.7504 0.0000
vt 0.6105 0.7286 0.0000
vt 0.5774 0.7620 0.0000
vt 0.5743 0.7731 0.0000
vt 0.6119 0.7043 0.0000
vt 0.5916 0.6904 0.0000
vt 0.5997 0.6833 0.0000
vt 0.6066 0.6646 0.0000
vt 0.5938 0.6447 0.0000
vt 0.5866 0.6678 0.0000
vt 0.5617 0.6481 0.0000
vt 0.6139 0.6213 0.0000
vt 0.6297 0.6160 0.0000
vt 0.5938 0.6249 0.0000
vt 0.5690 0.6728 0.0000
vt 0.5890 0.6801 0.0000
vt 0.6603 0.8180 0.0000
vt 0.6351 0.8311 0.0000
vt 0.6452 0.8074 0.0000
vt 0.6172 0.8202 0.0000
vt 0.6398 0.8585 0.0000
vt 0.6471 0.8410 0.0000
vt 0.6273 0.8477 0.0000
vt 0.6104 0.8323 0.0000
vt 0.7519 0.8640 0.0000
vt 0.7406 0.8759 0.0000
vt 0.7618 0.8430 0.0000
vt 0.7496 0.7951 0.0000
vt 0.7460 0.8086 0.0000
vt 0.7581 0.7758 0.0000
vt 0.7632 0.7398 0.0000
vt 0.7747 0.6978 0.0000
vt 0.7720 0.9523 0.0000
vt 0.7763 0.9898 0.0000
vt 0.8016 0.9462 0.0000
vt 0.8188 0.9860 0.0000
vt 0.7751 0.7813 0.0000
vt 0.9266 0.7774 0.0000
vt 0.8650 0.8152 0.0000
vt 0.8881 0.7590 0.0000
vt 0.9070 0.8274 0.0000
vt 0.7709 0.8054 0.0000
vt 0.5308 0.7789 0.0000
vt 0.5514 0.7653 0.0000
vt 0.5336 0.7524 0.0000
vt 0.5288 0.7640 0.0000
vt 0.5465 0.7449 0.0000
vt 0.5939 0.7228 0.0000
vt 0.5624 0.7457 0.0000
vt 0.8122 0.7361 0.0000
vt 0.7721 0.8669 0.0000
vt 0.7647 0.8821 0.0000
vt 0.7753 0.8557 0.0000
vt 0.7867 0.8827 0.0000
vt 0.8036 0.8941 0.0000
vt 0.8129 0.8897 0.0000
vt 0.8202 0.8995 0.0000
vt 0.7832 0.8305 0.0000
vt 0.8463 0.8500 0.0000
vt 0.8064 0.8659 0.0000
vt 0.8203 0.8456 0.0000
vt 0.8314 0.8762 0.0000
vt 0.8894 0.8685 0.0000
vt 0.7986 0.8835 0.0000
vt 0.7851 0.8984 0.0000
vt 0.7751 0.8899 0.0000
vt 0.7552 0.9314 0.0000
vt 0.7503 0.9111 0.0000
vt 0.7892 0.8147 0.0000
vt 0.7897 0.8262 0.0000
vt 0.8048 0.8224 0.0000
vt 0.7870 0.8547 0.0000
vt 0.8280 0.3567 0.0000
vt 0.7969 0.3551 0.0000
vt 0.8076 0.3412 0.0000
vt 0.8175 0.3791 0.0000
vt 0.8348 0.3255 0.0000
vt 0.7865 0.5586 0.0000
vt 0.8020 0.5751 0.0000
vt 0.8135 0.5504 0.0000
vt 0.8024 0.4996 0.0000
vt 0.8187 0.5128 0.0000
vt 0.8399 0.4118 0.0000
vt 0.8593 0.3331 0.0000
vt 0.8888 0.3836 0.0000
vt 0.8903 0.3132 0.0000
vt 0.8586 0.5932 0.0000
vt 0.8671 0.5667 0.0000
vt 0.8724 0.5340 0.0000
vt 0.9324 0.5910 0.0000
vt 0.9210 0.6154 0.0000
vt 0.9388 0.5617 0.0000
vt 0.9247 0.4674 0.0000
vt 0.9367 0.3968 0.0000
vt 0.9940 0.4673 0.0000
vt 0.9623 0.3598 0.0000
vt 0.9947 0.4357 0.0000
vt 0.9593 0.5209 0.0000
vt 0.9501 0.5354 0.0000
vt 0.9906 0.5973 0.0000
vt 0.9934 0.6301 0.0000
vt 0.7972 0.8091 0.0000
vt 0.7747 0.9353 0.0000
vt 0.7967 0.9335 0.0000
vt 0.8337 0.9335 0.0000
vt 0.8653 0.9677 0.0000
vt 0.8186 0.9191 0.0000
vt 0.7920 0.9225 0.0000
vt 0.8059 0.9115 0.0000
vt 0.7605 0.9109 0.0000
vt 0.7719 0.9098 0.0000
vt 0.9786 0.9258 0.0000
vt 0.9779 0.9008 0.0000
vt 0.9979 0.9316 0.0000
vt 0.9637 0.8989 0.0000
vt 0.9547 0.9961 0.0000
vt 0.9284 0.9971 0.0000
vt 0.9404 0.9771 0.0000
vt 0.9772 0.9847 0.0000
vt 0.9590 0.9619 0.0000
vt 0.9994 0.9634 0.0000
vt 0.9746 0.9450 0.0000
vt 0.8944 0.9987 0.0000
vt 0.9209 0.9894 0.0000
vt 0.9496 0.9224 0.0000
vt 0.9365 0.9047 0.0000
vt 0.9138 0.9674 0.0000
vt 0.9319 0.9623 0.0000
vt 0.9428 0.9497 0.0000
vt 0.9490 0.9381 0.0000
vt 0.8952 0.9729 0.0000
vt 0.8933 0.9919 0.0000
vt 0.9198 0.9286 0.0000
vt 0.9131 0.9243 0.0000
vt 0.9097 0.9521 0.0000
vt 0.9189 0.9477 0.0000
vt 0.9216 0.9413 0.0000
vt 0.9204 0.9362 0.0000
vt 0.9017 0.9494 0.0000
vt 0.9071 0.9391 0.0000
vt 0.7299 0.6737 0.0000
vt 0.7514 0.6670 0.0000
vt 0.6609 0.6346 0.0000
vt 0.6497 0.6071 0.0000
vt 0.6941 0.6461 0.0000
vt 0.7165 0.6344 0.0000
vt 0.7283 0.6233 0.0000
vt 0.6872 0.5876 0.0000
vt 0.6919 0.5832 0.0000
vt 0.8630 0.4417 0.0000
vt 0.8560 0.6210 0.0000
vt 0.9231 0.6380 0.0000
vt 0.8007 0.4077 0.0000
vt 0.7799 0.3960 0.0000
vt 0.8098 0.4736 0.0000
vt 0.8287 0.4735 0.0000
vt 0.8846 0.4952 0.0000
vt 0.8314 0.8099 0.0000
vt 0.8899 0.4669 0.0000
vt 0.8193 0.3100 0.0000
vt 0.8360 0.3136 0.0000
vt 0.8430 0.7510 0.0000
vt 0.7761 0.9231 0.0000
vt 0.7616 0.9255 0.0000
vt 0.8672 0.9039 0.0000
vt 0.8340 0.6795 0.0000
vt 0.8675 0.6923 0.0000
vt 0.8969 0.7034 0.0000
vt 0.9371 0.7158 0.0000
vt 0.8476 0.6256 0.0000
vt 0.8790 0.6416 0.0000
vt 0.9099 0.6511 0.0000
vt 0.9450 0.6614 0.0000
vt 0.7962 0.6603 0.0000
vt 0.7678 0.6444 0.0000
vt 0.8143 0.6162 0.0000
vt 0.7906 0.6052 0.0000
vt 0.5201 0.6724 0.0000
vt 0.5012 0.6717 0.0000
vt 0.5012 0.6593 0.0000
vt 0.5291 0.6556 0.0000
vt 0.5627 0.6856 0.0000
vt 0.5438 0.6778 0.0000
vt 0.5482 0.6615 0.0000
vt 0.5899 0.7039 0.0000
vt 0.5662 0.7116 0.0000
vt 0.5351 0.7093 0.0000
vt 0.9345 0.8908 0.0000
vt 0.9058 0.9336 0.0000
vt 0.5400 0.6404 0.0000
vt 0.6156 0.6828 0.0000
vt 0.8042 0.3223 0.0000
vt 0.5012 0.6405 0.0000
vt 0.5012 0.6245 0.0000
vt 0.9540 0.8388 0.0000
vt 0.9687 0.7855 0.0000
vt 0.9807 0.7231 0.0000
vt 0.9921 0.6668 0.0000
vt 0.5534 0.9764 0.0000
vt 0.5936 0.9841 0.0000
vt 0.5478 0.9909 0.0000
vt 0.5814 0.9748 0.0000
vt 0.6218 0.9430 0.0000
vt 0.5997 0.9547 0.0000
vt 0.5351 0.9689 0.0000
vt 0.5171 0.9791 0.0000
vt 0.5318 0.9463 0.0000
vt 0.5138 0.9505 0.0000
vt 0.5460 0.9308 0.0000
vt 0.5360 0.9207 0.0000
vt 0.5720 0.9229 0.0000
vt 0.5776 0.9053 0.0000
vt 0.6101 0.9159 0.0000
vt 0.5968 0.9283 0.0000
vt 0.5628 0.9513 0.0000
vt 0.7421 0.5999 0.0000
vt 0.7606 0.5754 0.0000
vt 0.7054 0.5668 0.0000
vt 0.7247 0.5428 0.0000
vt 0.2935 0.8703 0.0000
vt 0.3208 0.8668 0.0000
vt 0.3216 0.8814 0.0000
vt 0.2840 0.8797 0.0000
vt 0.2634 0.8677 0.0000
vt 0.2741 0.8613 0.0000
vt 0.3150 0.8578 0.0000
vt 0.3206 0.8473 0.0000
vt 0.3332 0.8510 0.0000
vt 0.3188 0.8371 0.0000
vt 0.3315 0.8374 0.0000
vt 0.3040 0.8138 0.0000
vt 0.3051 0.8270 0.0000
vt 0.2722 0.8234 0.0000
vt 0.2860 0.8323 0.0000
vt 0.2764 0.8426 0.0000
vt 0.2618 0.8392 0.0000
vt 0.2514 0.8501 0.0000
vt 0.2659 0.8541 0.0000
vt 0.3435 0.8381 0.0000
vt 0.3522 0.8628 0.0000
vt 0.3400 0.8637 0.0000
vt 0.3556 0.8995 0.0000
vt 0.3472 0.8770 0.0000
vt 0.3698 0.8813 0.0000
vt 0.3744 0.9204 0.0000
vt 0.3897 0.9003 0.0000
vt 0.2789 0.8891 0.0000
vt 0.3045 0.8949 0.0000
vt 0.3083 0.9109 0.0000
vt 0.2789 0.9168 0.0000
vt 0.2879 0.9815 0.0000
vt 0.2820 0.9498 0.0000
vt 0.3107 0.9354 0.0000
vt 0.3217 0.9667 0.0000
vt 0.3176 0.7986 0.0000
vt 0.3091 0.8048 0.0000
vt 0.2707 0.8071 0.0000
vt 0.2849 0.7932 0.0000
vt 0.3238 0.7928 0.0000
vt 0.2836 0.7812 0.0000
vt 0.3157 0.7637 0.0000
vt 0.2756 0.7494 0.0000
vt 0.3154 0.7216 0.0000
vt 0.2728 0.7019 0.0000
vt 0.2760 0.8539 0.0000
vt 0.3362 0.9170 0.0000
vt 0.3520 0.9452 0.0000
vt 0.3317 0.8925 0.0000
vt 0.2963 0.8607 0.0000
vt 0.2559 0.8260 0.0000
vt 0.3832 0.8664 0.0000
vt 0.4025 0.8830 0.0000
vt 0.4571 0.8432 0.0000
vt 0.4249 0.8664 0.0000
vt 0.4008 0.8452 0.0000
vt 0.4339 0.8207 0.0000
vt 0.4656 0.8060 0.0000
vt 0.4801 0.7828 0.0000
vt 0.4794 0.7491 0.0000
vt 0.4848 0.7078 0.0000
vt 0.4855 0.6918 0.0000
vt 0.4851 0.6774 0.0000
vt 0.3486 0.7737 0.0000
vt 0.3550 0.7371 0.0000
vt 0.3234 0.6816 0.0000
vt 0.3497 0.6964 0.0000
vt 0.3831 0.7669 0.0000
vt 0.4019 0.7915 0.0000
vt 0.3786 0.7995 0.0000
vt 0.3702 0.7750 0.0000
vt 0.3751 0.7408 0.0000
vt 0.3718 0.7115 0.0000
vt 0.3584 0.6513 0.0000
vt 0.3840 0.6508 0.0000
vt 0.3732 0.6716 0.0000
vt 0.4299 0.7809 0.0000
vt 0.4431 0.7833 0.0000
vt 0.4356 0.7005 0.0000
vt 0.4383 0.6885 0.0000
vt 0.4615 0.6818 0.0000
vt 0.4623 0.6964 0.0000
vt 0.3965 0.7481 0.0000
vt 0.3932 0.7286 0.0000
vt 0.4228 0.7509 0.0000
vt 0.4201 0.7606 0.0000
vt 0.4193 0.7691 0.0000
vt 0.3913 0.7044 0.0000
vt 0.4029 0.6829 0.0000
vt 0.4106 0.6902 0.0000
vt 0.4102 0.6439 0.0000
vt 0.3966 0.6644 0.0000
vt 0.4160 0.6672 0.0000
vt 0.4440 0.6504 0.0000
vt 0.3740 0.6160 0.0000
vt 0.3898 0.6213 0.0000
vt 0.4100 0.6249 0.0000
vt 0.4332 0.6732 0.0000
vt 0.4134 0.6792 0.0000
vt 0.3434 0.8180 0.0000
vt 0.3585 0.8074 0.0000
vt 0.3686 0.8311 0.0000
vt 0.3865 0.8202 0.0000
vt 0.3640 0.8585 0.0000
vt 0.3567 0.8410 0.0000
vt 0.3764 0.8477 0.0000
vt 0.3933 0.8323 0.0000
vt 0.2518 0.8640 0.0000
vt 0.2632 0.8759 0.0000
vt 0.2419 0.8430 0.0000
vt 0.2541 0.7951 0.0000
vt 0.2578 0.8086 0.0000
vt 0.2457 0.7758 0.0000
vt 0.2406 0.7398 0.0000
vt 0.2291 0.6978 0.0000
vt 0.2318 0.9523 0.0000
vt 0.2274 0.9898 0.0000
vt 0.2021 0.9462 0.0000
vt 0.1849 0.9860 0.0000
vt 0.2286 0.7813 0.0000
vt 0.0771 0.7774 0.0000
vt 0.1157 0.7590 0.0000
vt 0.1388 0.8152 0.0000
vt 0.0967 0.8274 0.0000
vt 0.2328 0.8054 0.0000
vt 0.4590 0.7785 0.0000
vt 0.4418 0.7653 0.0000
vt 0.4594 0.7460 0.0000
vt 0.4649 0.7603 0.0000
vt 0.4487 0.7427 0.0000
vt 0.4099 0.7228 0.0000
vt 0.4344 0.7433 0.0000
vt 0.1916 0.7361 0.0000
vt 0.2316 0.8669 0.0000
vt 0.2391 0.8821 0.0000
vt 0.2285 0.8557 0.0000
vt 0.2170 0.8827 0.0000
vt 0.2001 0.8941 0.0000
vt 0.1836 0.8995 0.0000
vt 0.1908 0.8897 0.0000
vt 0.2205 0.8305 0.0000
vt 0.1574 0.8500 0.0000
vt 0.1834 0.8456 0.0000
vt 0.1973 0.8659 0.0000
vt 0.1723 0.8762 0.0000
vt 0.1143 0.8685 0.0000
vt 0.2051 0.8835 0.0000
vt 0.2287 0.8899 0.0000
vt 0.2187 0.8984 0.0000
vt 0.2485 0.9314 0.0000
vt 0.2534 0.9111 0.0000
vt 0.2140 0.8262 0.0000
vt 0.2146 0.8147 0.0000
vt 0.1990 0.8224 0.0000
vt 0.2167 0.8547 0.0000
vt 0.1624 0.3477 0.0000
vt 0.1813 0.3305 0.0000
vt 0.1931 0.3434 0.0000
vt 0.1748 0.3691 0.0000
vt 0.1528 0.3173 0.0000
vt 0.2084 0.5406 0.0000
vt 0.1805 0.5372 0.0000
vt 0.1961 0.5596 0.0000
vt 0.1826 0.4853 0.0000
vt 0.1688 0.5011 0.0000
vt 0.1553 0.4036 0.0000
vt 0.1041 0.3798 0.0000
vt 0.1290 0.3269 0.0000
vt 0.0965 0.3098 0.0000
vt 0.1305 0.5626 0.0000
vt 0.1435 0.5873 0.0000
vt 0.1196 0.5313 0.0000
vt 0.0704 0.5979 0.0000
vt 0.0859 0.6199 0.0000
vt 0.0590 0.5701 0.0000
vt 0.0756 0.4664 0.0000
vt 0.0066 0.4724 0.0000
vt 0.0575 0.3971 0.0000
vt 0.0031 0.4410 0.0000
vt 0.0288 0.3625 0.0000
vt 0.0318 0.5335 0.0000
vt 0.0142 0.6142 0.0000
vt 0.0433 0.5462 0.0000
vt 0.0171 0.6470 0.0000
vt 0.2066 0.8091 0.0000
vt 0.2290 0.9353 0.0000
vt 0.2071 0.9335 0.0000
vt 0.1385 0.9677 0.0000
vt 0.1701 0.9335 0.0000
vt 0.1851 0.9191 0.0000
vt 0.1978 0.9115 0.0000
vt 0.2118 0.9225 0.0000
vt 0.2432 0.9109 0.0000
vt 0.2318 0.9098 0.0000
vt 0.0272 0.9133 0.0000
vt 0.0080 0.9156 0.0000
vt 0.0320 0.8898 0.0000
vt 0.0458 0.8903 0.0000
vt 0.0381 0.9838 0.0000
vt 0.0548 0.9682 0.0000
vt 0.0628 0.9892 0.0000
vt 0.0187 0.9693 0.0000
vt 0.0398 0.9507 0.0000
vt 0.0013 0.9455 0.0000
vt 0.0278 0.9322 0.0000
vt 0.0712 0.9832 0.0000
vt 0.0947 0.9963 0.0000
vt 0.0552 0.9149 0.0000
vt 0.0706 0.9004 0.0000
vt 0.0816 0.9634 0.0000
vt 0.0653 0.9557 0.0000
vt 0.0571 0.9419 0.0000
vt 0.0532 0.9299 0.0000
vt 0.0983 0.9718 0.0000
vt 0.0970 0.9901 0.0000
vt 0.0824 0.9257 0.0000
vt 0.0895 0.9228 0.0000
vt 0.0880 0.9497 0.0000
vt 0.0801 0.9440 0.0000
vt 0.0786 0.9375 0.0000
vt 0.0806 0.9329 0.0000
vt 0.0960 0.9485 0.0000
vt 0.0927 0.9379 0.0000
vt 0.2739 0.6737 0.0000
vt 0.2524 0.6670 0.0000
vt 0.3429 0.6346 0.0000
vt 0.3541 0.6071 0.0000
vt 0.3096 0.6461 0.0000
vt 0.2873 0.6344 0.0000
vt 0.2755 0.6233 0.0000
vt 0.3165 0.5876 0.0000
vt 0.3118 0.5832 0.0000
vt 0.1348 0.4354 0.0000
vt 0.1509 0.6141 0.0000
vt 0.0877 0.6425 0.0000
vt 0.1940 0.3961 0.0000
vt 0.2137 0.3826 0.0000
vt 0.1708 0.4610 0.0000
vt 0.1521 0.4642 0.0000
vt 0.1008 0.4952 0.0000
vt 0.1723 0.8099 0.0000
vt 0.0907 0.4682 0.0000
vt 0.1669 0.3004 0.0000
vt 0.1506 0.3055 0.0000
vt 0.1608 0.7510 0.0000
vt 0.2276 0.9231 0.0000
vt 0.2422 0.9255 0.0000
vt 0.1365 0.9039 0.0000
vt 0.1697 0.6795 0.0000
vt 0.1363 0.6923 0.0000
vt 0.1069 0.7034 0.0000
vt 0.0667 0.7158 0.0000
vt 0.1561 0.6256 0.0000
vt 0.1248 0.6416 0.0000
vt 0.0939 0.6511 0.0000
vt 0.0588 0.6614 0.0000
vt 0.2075 0.6603 0.0000
vt 0.2360 0.6444 0.0000
vt 0.1895 0.6162 0.0000
vt 0.2132 0.6052 0.0000
vt 0.4850 0.6732 0.0000
vt 0.4790 0.6576 0.0000
vt 0.4563 0.6641 0.0000
vt 0.4594 0.6786 0.0000
vt 0.4390 0.6860 0.0000
vt 0.4128 0.7030 0.0000
vt 0.4357 0.7127 0.0000
vt 0.4655 0.7108 0.0000
vt 0.0692 0.8908 0.0000
vt 0.0980 0.9336 0.0000
vt 0.4684 0.6430 0.0000
vt 0.3872 0.6830 0.0000
vt 0.1830 0.3114 0.0000
vt 0.0498 0.8388 0.0000
vt 0.0351 0.7855 0.0000
vt 0.0231 0.7231 0.0000
vt 0.0117 0.6668 0.0000
vt 0.4527 0.9764 0.0000
vt 0.4583 0.9909 0.0000
vt 0.4125 0.9841 0.0000
vt 0.4247 0.9748 0.0000
vt 0.3843 0.9430 0.0000
vt 0.4064 0.9547 0.0000
vt 0.4710 0.9689 0.0000
vt 0.4890 0.9791 0.0000
vt 0.4743 0.9463 0.0000
vt 0.4923 0.9505 0.0000
vt 0.4601 0.9308 0.0000
vt 0.4701 0.9207 0.0000
vt 0.4341 0.9229 0.0000
vt 0.4285 0.9053 0.0000
vt 0.3960 0.9159 0.0000
vt 0.4093 0.9283 0.0000
vt 0.4433 0.9513 0.0000
vt 0.2617 0.5999 0.0000
vt 0.2431 0.5754 0.0000
vt 0.2790 0.5428 0.0000
vt 0.2983 0.5668 0.0000
# 606 texture coords

o Cow_Head
g Cow_Head
usemtl 05___Default
s 1
f 1136/1160/1136 1137/1161/1137 1138/1162/1138 
f 1137/1161/1137 1136/1160/1136 1139/1163/1139 
f 1140/1164/1140 1136/1160/1136 1141/1165/1141 
f 1136/1160/1136 1140/1164/1140 1139/1163/1139 
f 1142/1166/1142 1143/1167/1143 1144/1168/1144 
f 1145/1169/1145 1143/1167/1143 1146/1170/1146 
f 1143/1167/1143 1145/1169/1145 1144/1168/1144 
f 1147/1171/1147 1145/1169/1145 1146/1170/1146 
f 1145/1169/1145 1147/1171/1147 1148/1172/1148 
f 1149/1173/1149 1148/1172/1148 1147/1171/1147 
f 1148/1172/1148 1149/1173/1149 1150/1174/1150 
f 1151/1175/1151 1149/1173/1149 1152/1176/1152 
f 1149/1173/1149 1151/1175/1151 1150/1174/1150 
f 1141/1165/1141 1153/1177/1153 1140/1164/1140 
f 1153/1177/1153 1141/1165/1141 1154/1178/1154 
f 1155/1179/1155 1156/1180/1156 1157/1181/1157 
f 1158/1182/1158 1157/1181/1157 1159/1183/1159 
f 1157/1181/1157 1158/1182/1158 1160/1184/1160 
f 1161/1185/1161 1160/1184/1160 1158/1182/1158 
f 1160/1184/1160 1161/1185/1161 1162/1186/1162 
f 1163/1187/1163 1137/1161/1137 1139/1163/1139 
f 1137/1161/1137 1163/1187/1163 1164/1188/1164 
f 1164/1188/1164 1165/1189/1165 1166/1190/1166 
f 1167/1191/1167 1168/1192/1168 1169/1193/1169 
f 1168/1192/1168 1167/1191/1167 1170/1194/1170 
f 1171/1195/1171 1172/1196/1172 1173/1197/1173 
f 1172/1196/1172 1171/1195/1171 1174/1198/1174 
f 1175/1199/1175 1174/1198/1174 1171/1195/1171 
f 1174/1198/1174 1175/1199/1175 1176/1200/1176 
f 1177/1201/1177 1176/1200/1176 1175/1199/1175 
f 1176/1200/1176 1177/1201/1177 1178/1202/1178 
f 1179/1203/1179 1178/1202/1178 1177/1201/1177 
f 1178/1202/1178 1179/1203/1179 1180/1204/1180 
f 1152/1176/1152 1181/1205/1181 1151/1175/1151 
f 1181/1205/1181 1152/1176/1152 1154/1178/1154 
f 1182/1206/1182 1161/1185/1161 1158/1182/1158 
f 1161/1185/1161 1182/1206/1182 1183/1207/1183 
f 1168/1192/1168 1183/1207/1183 1182/1206/1182 
f 1183/1207/1183 1168/1192/1168 1170/1194/1170 
f 1159/1183/1159 1182/1206/1182 1158/1182/1158 
f 1182/1206/1182 1159/1183/1159 1184/1208/1184 
f 1168/1192/1168 1182/1206/1182 1166/1190/1166 
f 1156/1180/1156 1184/1208/1184 1159/1183/1159 
f 1184/1208/1184 1156/1180/1156 1137/1161/1137 
f 1137/1161/1137 1164/1188/1164 1184/1208/1184 
f 1185/1209/1185 1138/1162/1138 1142/1166/1142 
f 1138/1162/1138 1185/1209/1185 1136/1160/1136 
f 1141/1165/1141 1185/1209/1185 1181/1205/1181 
f 1185/1209/1185 1141/1165/1141 1136/1160/1136 
f 1143/1167/1143 1137/1161/1137 1156/1180/1156 
f 1137/1161/1137 1143/1167/1143 1138/1162/1138 
f 1146/1170/1146 1156/1180/1156 1155/1179/1155 
f 1156/1180/1156 1146/1170/1146 1143/1167/1143 
f 1146/1170/1146 1155/1179/1155 1147/1171/1147 
f 1172/1196/1172 1147/1171/1147 1173/1197/1173 
f 1147/1171/1147 1172/1196/1172 1149/1173/1149 
f 1152/1176/1152 1172/1196/1172 1186/1210/1186 
f 1172/1196/1172 1152/1176/1152 1149/1173/1149 
f 1141/1165/1141 1181/1205/1181 1154/1178/1154 
f 1154/1178/1154 1186/1210/1186 1153/1177/1153 
f 1186/1210/1186 1154/1178/1154 1152/1176/1152 
f 1187/1211/1187 1162/1186/1162 1188/1212/1188 
f 1162/1186/1162 1187/1211/1187 1160/1184/1160 
f 1189/1213/1189 1190/1214/1190 1191/1215/1191 
f 1190/1214/1190 1189/1213/1189 1192/1216/1192 
f 1193/1217/1193 1192/1216/1192 1189/1213/1189 
f 1192/1216/1192 1193/1217/1193 1194/1218/1194 
f 1195/1219/1195 1194/1218/1194 1193/1217/1193 
f 1194/1218/1194 1195/1219/1195 1196/1220/1196 
f 1197/1221/1197 1196/1220/1196 1195/1219/1195 
f 1196/1220/1196 1197/1221/1197 1198/1222/1198 
f 1199/1223/1199 1198/1222/1198 1197/1221/1197 1200/1224/1200 
f 1201/1225/1201 1202/1226/1202 1203/1227/1203 1204/1228/1204 
f 1177/1201/1177 1175/1199/1175 1205/1229/1205 
f 1205/1229/1205 1179/1203/1179 1177/1201/1177 
f 1179/1203/1179 1205/1229/1205 1206/1230/1206 
f 1206/1230/1206 1207/1231/1207 1208/1232/1208 1179/1203/1179 
f 1209/1233/1209 1210/1234/1210 1211/1235/1211 
f 1210/1234/1210 1209/1233/1209 1212/1236/1212 
f 1209/1233/1209 1206/1230/1206 1212/1236/1212 
f 1206/1230/1206 1209/1233/1209 1213/1237/1213 
f 1213/1237/1213 1207/1231/1207 1206/1230/1206 
f 1207/1231/1207 1213/1237/1213 1214/1238/1214 
f 1215/1239/1215 1216/1240/1216 1217/1241/1217 
f 1194/1218/1194 1218/1242/1218 1219/1243/1219 
f 1220/1244/1220 1221/1245/1221 1222/1246/1222 1223/1247/1223 
f 1224/1248/1224 1225/1249/1225 1226/1250/1226 
f 1225/1249/1225 1224/1248/1224 1227/1251/1227 
f 1227/1251/1227 1224/1248/1224 1228/1252/1228 
f 1229/1253/1229 1230/1254/1230 1231/1255/1231 
f 1192/1216/1192 1219/1243/1219 1211/1235/1211 
f 1211/1235/1211 1228/1252/1228 1209/1233/1209 
f 1224/1248/1224 1213/1237/1213 1209/1233/1209 
f 1214/1238/1214 1226/1250/1226 1229/1253/1229 
f 1226/1250/1226 1214/1238/1214 1213/1237/1213 
f 1217/1241/1217 1232/1256/1232 1233/1257/1233 
f 1234/1258/1234 1233/1257/1233 1232/1256/1232 
f 1233/1257/1233 1234/1258/1234 1235/1259/1235 
f 1215/1239/1215 1236/1260/1236 1237/1261/1237 
f 1233/1257/1233 1236/1260/1236 1217/1241/1217 
f 1235/1259/1235 1238/1262/1238 1233/1257/1233 
f 1239/1263/1239 1234/1258/1234 1240/1264/1240 
f 1173/1197/1173 1155/1179/1155 1241/1265/1241 
f 1241/1265/1241 1242/1266/1242 1243/1267/1243 
f 1206/1230/1206 1205/1229/1205 1212/1236/1212 
f 1243/1267/1243 1212/1236/1212 1205/1229/1205 
f 1212/1236/1212 1243/1267/1243 1210/1234/1210 
f 1173/1197/1173 1241/1265/1241 1171/1195/1171 
f 1241/1265/1241 1175/1199/1175 1171/1195/1171 
f 1244/1268/1244 1243/1267/1243 1242/1266/1242 
f 1243/1267/1243 1244/1268/1244 1210/1234/1210 
f 1210/1234/1210 1244/1268/1244 1211/1235/1211 
f 1245/1269/1245 1242/1266/1242 1246/1270/1246 
f 1242/1266/1242 1245/1269/1245 1247/1271/1247 
f 1247/1271/1247 1244/1268/1244 1242/1266/1242 
f 1244/1268/1244 1247/1271/1247 1248/1272/1248 
f 1244/1268/1244 1248/1272/1248 1192/1216/1192 
f 1190/1214/1190 1188/1212/1188 1191/1215/1191 
f 1188/1212/1188 1190/1214/1190 1187/1211/1187 
f 1157/1181/1157 1246/1270/1246 1155/1179/1155 
f 1157/1181/1157 1245/1269/1245 1246/1270/1246 
f 1175/1199/1175 1243/1267/1243 1205/1229/1205 
f 1241/1265/1241 1246/1270/1246 1242/1266/1242 
f 1249/1273/1249 1139/1163/1139 1140/1164/1140 
f 1139/1163/1139 1249/1273/1249 1250/1274/1250 
f 1251/1275/1251 1140/1164/1140 1153/1177/1153 
f 1140/1164/1140 1251/1275/1251 1249/1273/1249 
f 1139/1163/1139 1250/1274/1250 1163/1187/1163 
f 1252/1276/1252 1172/1196/1172 1174/1198/1174 
f 1172/1196/1172 1252/1276/1252 1253/1277/1253 
f 1254/1278/1254 1174/1198/1174 1176/1200/1176 
f 1174/1198/1174 1254/1278/1254 1252/1276/1252 
f 1255/1279/1255 1176/1200/1176 1178/1202/1178 
f 1176/1200/1176 1255/1279/1255 1254/1278/1254 
f 1256/1280/1256 1178/1202/1178 1180/1204/1180 
f 1178/1202/1178 1256/1280/1256 1255/1279/1255 
f 1186/1210/1186 1172/1196/1172 1253/1277/1253 
f 1257/1281/1257 1167/1191/1167 1169/1193/1169 
f 1167/1191/1167 1257/1281/1257 1258/1282/1258 
f 1259/1283/1259 1258/1282/1258 1257/1281/1257 
f 1258/1282/1258 1259/1283/1259 1260/1284/1260 
f 1241/1265/1241 1243/1267/1243 1175/1199/1175 
f 1254/1278/1254 1255/1279/1255 1261/1285/1261 
f 1262/1286/1262 1263/1287/1263 1264/1288/1264 
f 1263/1287/1263 1262/1286/1262 1265/1289/1265 
f 1253/1277/1253 1153/1177/1153 1186/1210/1186 
f 1153/1177/1153 1253/1277/1253 1251/1275/1251 
f 1251/1275/1251 1253/1277/1253 1266/1290/1266 
f 1266/1290/1266 1252/1276/1252 1261/1285/1261 
f 1155/1179/1155 1246/1270/1246 1241/1265/1241 
f 1267/1291/1267 1268/1292/1268 1218/1242/1218 
f 1228/1252/1228 1268/1292/1268 1227/1251/1227 
f 1227/1251/1227 1268/1292/1268 1225/1249/1225 
f 1269/1293/1269 1196/1220/1196 1198/1222/1198 
f 1196/1220/1196 1269/1293/1269 1270/1294/1270 
f 1269/1293/1269 1268/1292/1268 1270/1294/1270 
f 1270/1294/1270 1267/1291/1267 1196/1220/1196 
f 1268/1292/1268 1267/1291/1267 1270/1294/1270 
f 1269/1293/1269 1271/1295/1271 1268/1292/1268 
f 1228/1252/1228 1219/1243/1219 1268/1292/1268 
f 1219/1243/1219 1218/1242/1218 1268/1292/1268 
f 1194/1218/1194 1196/1220/1196 1267/1291/1267 
f 1225/1249/1225 1272/1296/1272 1226/1250/1226 
f 1268/1292/1268 1273/1297/1273 1225/1249/1225 
f 1271/1295/1271 1273/1297/1273 1268/1292/1268 
f 1194/1218/1194 1267/1291/1267 1218/1242/1218 
f 1228/1252/1228 1224/1248/1224 1209/1233/1209 
f 1211/1235/1211 1219/1243/1219 1228/1252/1228 
f 1255/1279/1255 1256/1280/1256 1274/1298/1274 
f 1275/1299/1275 1250/1274/1250 1249/1273/1249 
f 1250/1274/1250 1275/1299/1275 1276/1300/1276 
f 1249/1273/1249 1277/1301/1277 1275/1299/1275 
f 1275/1299/1275 1278/1302/1278 1276/1300/1276 
f 1279/1303/1279 1280/1304/1280 1281/1305/1281 
f 1251/1275/1251 1277/1301/1277 1249/1273/1249 
f 1277/1301/1277 1251/1275/1251 1282/1306/1282 
f 1283/1307/1283 1284/1308/1284 1285/1309/1285 
f 1284/1308/1284 1283/1307/1283 1286/1310/1286 
f 1287/1311/1287 1283/1307/1283 1265/1289/1265 
f 1283/1307/1283 1263/1287/1263 1265/1289/1265 
f 1287/1311/1287 1286/1310/1286 1283/1307/1283 
f 1288/1312/1288 1289/1313/1289 1290/1314/1290 
f 1289/1313/1289 1288/1312/1288 1279/1303/1279 
f 1257/1281/1257 1169/1193/1169 1291/1315/1291 
f 1292/1316/1292 1250/1274/1250 1276/1300/1276 
f 1250/1274/1250 1292/1316/1292 1163/1187/1163 
f 1163/1187/1163 1292/1316/1292 1165/1189/1165 
f 1253/1277/1253 1252/1276/1252 1266/1290/1266 
f 1282/1306/1282 1293/1317/1293 1294/1318/1294 
f 1295/1319/1295 1285/1309/1285 1296/1320/1296 
f 1297/1321/1297 1282/1322/1282 1294/1323/1294 
f 1282/1322/1282 1297/1321/1297 1298/1324/1298 
f 1294/1323/1294 1299/1325/1299 1297/1321/1297 
f 1296/1326/1296 1300/1327/1300 1301/1328/1301 
f 1301/1328/1301 1295/1329/1295 1296/1326/1296 
f 1295/1329/1295 1301/1328/1301 1302/1330/1302 
f 1298/1324/1298 1297/1321/1297 1303/1331/1303 
f 1297/1321/1297 1304/1332/1304 1305/1333/1305 
f 1299/1325/1299 1306/1334/1306 1304/1332/1304 
f 1301/1328/1301 1307/1335/1307 1308/1336/1308 
f 1302/1330/1302 1308/1336/1308 1309/1337/1309 
f 1310/1338/1310 1307/1335/1307 1311/1339/1311 
f 1307/1335/1307 1310/1338/1310 1308/1336/1308 
f 1310/1338/1310 1309/1337/1309 1308/1336/1308 
f 1309/1337/1309 1310/1338/1310 1312/1340/1312 
f 1313/1341/1313 1314/1342/1314 1315/1343/1315 
f 1314/1342/1314 1316/1344/1316 1317/1345/1317 
f 1316/1346/1316 1318/1347/1318 1317/1348/1317 
f 1312/1340/1312 1315/1349/1315 1317/1348/1317 
f 1302/1330/1302 1301/1328/1301 1308/1336/1308 
f 1274/1298/1274 1319/1350/1319 1293/1317/1293 
f 1257/1281/1257 1291/1315/1291 1320/1351/1320 
f 1321/1352/1321 1257/1281/1257 1320/1351/1320 
f 1257/1281/1257 1321/1352/1321 1259/1283/1259 
f 1260/1284/1260 1322/1353/1322 1323/1354/1323 
f 1322/1353/1322 1260/1284/1260 1259/1283/1259 
f 1324/1355/1324 1325/1356/1325 1326/1357/1326 
f 1325/1356/1325 1324/1355/1324 1321/1352/1321 
f 1327/1358/1327 1289/1313/1289 1328/1359/1328 
f 1289/1313/1289 1327/1358/1327 1290/1314/1290 
f 1329/1360/1329 1289/1361/1289 1279/1362/1279 
f 1289/1361/1289 1329/1360/1329 1330/1363/1330 
f 1331/1364/1331 1328/1365/1328 1332/1366/1332 
f 1332/1366/1332 1325/1367/1325 1331/1364/1331 
f 1325/1367/1325 1332/1366/1332 1333/1368/1333 
f 1333/1368/1333 1326/1369/1326 1325/1367/1325 
f 1326/1369/1326 1333/1368/1333 1334/1370/1334 
f 1279/1362/1279 1326/1369/1326 1329/1360/1329 
f 1328/1365/1328 1289/1371/1289 1335/1372/1335 
f 1336/1373/1336 1330/1363/1330 1329/1360/1329 
f 1330/1363/1330 1336/1373/1336 1337/1374/1337 
f 1338/1375/1338 1332/1366/1332 1335/1372/1335 
f 1332/1366/1332 1338/1375/1338 1339/1376/1339 
f 1339/1376/1339 1333/1368/1333 1332/1366/1332 
f 1333/1368/1333 1339/1376/1339 1340/1377/1340 
f 1340/1377/1340 1334/1370/1334 1333/1368/1333 
f 1334/1370/1334 1340/1377/1340 1341/1378/1341 
f 1341/1378/1341 1329/1360/1329 1334/1370/1334 
f 1329/1360/1329 1341/1378/1341 1336/1373/1336 
f 1337/1379/1337 1335/1372/1335 1330/1380/1330 
f 1335/1372/1335 1337/1379/1337 1338/1375/1338 
f 1342/1381/1342 1337/1374/1337 1336/1373/1336 
f 1337/1374/1337 1342/1381/1342 1343/1382/1343 
f 1344/1383/1344 1339/1376/1339 1338/1375/1338 
f 1339/1376/1339 1344/1383/1344 1345/1384/1345 
f 1345/1384/1345 1340/1377/1340 1339/1376/1339 
f 1340/1377/1340 1345/1384/1345 1346/1385/1346 
f 1346/1385/1346 1341/1378/1341 1340/1377/1340 
f 1341/1378/1341 1346/1385/1346 1347/1386/1347 
f 1347/1386/1347 1336/1373/1336 1341/1378/1341 
f 1336/1373/1336 1347/1386/1347 1342/1381/1342 
f 1343/1387/1343 1338/1375/1338 1337/1379/1337 
f 1338/1375/1338 1343/1387/1343 1344/1383/1344 
f 1343/1382/1343 1342/1381/1342 1348/1388/1348 
f 1345/1384/1345 1344/1383/1344 1348/1388/1348 
f 1346/1385/1346 1345/1384/1345 1348/1388/1348 
f 1347/1386/1347 1346/1385/1346 1348/1388/1348 
f 1342/1381/1342 1347/1386/1347 1348/1388/1348 
f 1344/1383/1344 1343/1387/1343 1348/1388/1348 
f 1208/1232/1208 1207/1231/1207 1215/1239/1215 
f 1236/1260/1236 1215/1239/1215 1217/1241/1217 
f 1180/1204/1180 1179/1203/1179 1208/1232/1208 1349/1389/1349 
f 1256/1280/1256 1180/1204/1180 1350/1390/1350 
f 1350/1390/1350 1180/1204/1180 1349/1389/1349 
f 1351/1391/1351 1237/1261/1237 1352/1392/1352 
f 1237/1261/1237 1351/1391/1351 1215/1239/1215 
f 1351/1391/1351 1208/1232/1208 1215/1239/1215 
f 1208/1232/1208 1351/1391/1351 1353/1393/1353 
f 1354/1394/1354 1350/1390/1350 1349/1389/1349 
f 1350/1390/1350 1354/1394/1354 1355/1395/1355 
f 1353/1393/1353 1349/1389/1349 1208/1232/1208 
f 1349/1389/1349 1353/1393/1353 1354/1394/1354 
f 1351/1391/1351 1352/1392/1352 1356/1396/1356 
f 1354/1394/1354 1356/1396/1356 1357/1397/1357 1355/1395/1355 
f 1356/1396/1356 1354/1394/1354 1353/1393/1353 
f 1261/1285/1261 1274/1298/1274 1293/1317/1293 
f 1289/1371/1289 1330/1380/1330 1335/1372/1335 
f 1314/1342/1314 1317/1345/1317 1315/1343/1315 
f 1310/1338/1310 1311/1339/1311 1315/1349/1315 
f 1155/1179/1155 1173/1197/1173 1147/1171/1147 
f 1255/1279/1255 1274/1298/1274 1261/1285/1261 
f 1142/1166/1142 1138/1162/1138 1143/1167/1143 
f 1297/1321/1297 1358/1398/1358 1303/1331/1303 
f 1297/1321/1297 1299/1325/1299 1304/1332/1304 
f 1300/1327/1300 1358/1399/1358 1307/1335/1307 
f 1307/1335/1307 1358/1399/1358 1311/1339/1311 
f 1311/1339/1311 1313/1400/1313 1315/1349/1315 
f 1282/1322/1282 1298/1324/1298 1300/1401/1300 
f 1296/1402/1296 1282/1322/1282 1300/1401/1300 
f 1300/1401/1300 1298/1324/1298 1303/1331/1303 
f 1319/1403/1319 1295/1329/1295 1359/1404/1359 
f 1359/1404/1359 1302/1330/1302 1360/1405/1360 
f 1312/1340/1312 1360/1405/1360 1309/1337/1309 
f 1360/1405/1360 1312/1340/1312 1318/1347/1318 
f 1283/1307/1283 1361/1406/1361 1263/1287/1263 
f 1361/1406/1361 1283/1307/1283 1285/1309/1285 
f 1284/1308/1284 1296/1320/1296 1285/1309/1285 
f 1264/1288/1264 1263/1287/1263 1361/1406/1361 
f 1318/1347/1318 1312/1340/1312 1317/1348/1317 
f 1277/1301/1277 1282/1306/1282 1296/1320/1296 
f 1313/1341/1313 1305/1333/1305 1314/1342/1314 
f 1305/1333/1305 1313/1341/1313 1358/1398/1358 
f 1314/1342/1314 1306/1334/1306 1316/1344/1316 
f 1306/1334/1306 1314/1342/1314 1305/1333/1305 
f 1360/1405/1360 1318/1347/1318 1306/1407/1306 
f 1318/1347/1318 1316/1346/1316 1306/1407/1306 
f 1358/1399/1358 1313/1400/1313 1311/1339/1311 
f 1300/1401/1300 1303/1331/1303 1358/1398/1358 
f 1301/1328/1301 1300/1327/1300 1307/1335/1307 
f 1319/1408/1319 1359/1409/1359 1299/1325/1299 
f 1302/1330/1302 1309/1337/1309 1360/1405/1360 
f 1359/1404/1359 1360/1405/1360 1306/1407/1306 
f 1297/1321/1297 1305/1333/1305 1358/1398/1358 
f 1312/1340/1312 1310/1338/1310 1315/1349/1315 
f 1362/1410/1362 1264/1288/1264 1361/1406/1361 
f 1295/1329/1295 1302/1330/1302 1359/1404/1359 
f 1362/1410/1362 1361/1406/1361 1319/1350/1319 
f 1274/1298/1274 1362/1410/1362 1319/1350/1319 
f 1304/1332/1304 1306/1334/1306 1305/1333/1305 
f 1321/1352/1321 1331/1411/1331 1325/1356/1325 
f 1331/1411/1331 1321/1352/1321 1320/1351/1320 
f 1327/1358/1327 1291/1315/1291 1292/1316/1292 
f 1291/1315/1291 1327/1358/1327 1363/1412/1363 
f 1327/1358/1327 1328/1359/1328 1363/1412/1363 
f 1320/1351/1320 1328/1359/1328 1331/1411/1331 
f 1328/1359/1328 1320/1351/1320 1363/1412/1363 
f 1169/1193/1169 1165/1189/1165 1291/1315/1291 
f 1280/1304/1280 1279/1303/1279 1288/1312/1288 
f 1290/1314/1290 1292/1316/1292 1276/1300/1276 
f 1292/1316/1292 1290/1314/1290 1327/1358/1327 
f 1286/1310/1286 1280/1304/1280 1288/1312/1288 
f 1281/1305/1281 1326/1357/1326 1279/1303/1279 
f 1326/1357/1326 1281/1305/1281 1324/1355/1324 
f 1280/1304/1280 1286/1310/1286 1281/1305/1281 
f 1321/1352/1321 1322/1353/1322 1259/1283/1259 
f 1322/1353/1322 1321/1352/1321 1324/1355/1324 
f 1328/1365/1328 1335/1372/1335 1332/1366/1332 
f 1275/1299/1275 1296/1320/1296 1278/1302/1278 
f 1286/1310/1286 1287/1311/1287 1364/1413/1364 
f 1324/1355/1324 1364/1413/1364 1322/1353/1322 
f 1324/1355/1324 1281/1305/1281 1364/1413/1364 
f 1278/1302/1278 1290/1314/1290 1276/1300/1276 
f 1168/1192/1168 1165/1189/1165 1169/1193/1169 
f 1165/1189/1165 1168/1192/1168 1166/1190/1166 
f 1184/1208/1184 1164/1188/1164 1166/1190/1166 
f 1182/1206/1182 1184/1208/1184 1166/1190/1166 
f 1278/1302/1278 1288/1312/1288 1290/1314/1290 
f 1326/1369/1326 1334/1370/1334 1329/1360/1329 
f 1365/1414/1365 1362/1410/1362 1274/1298/1274 
f 1362/1410/1362 1365/1414/1365 1366/1415/1366 
f 1367/1416/1367 1262/1286/1262 1264/1288/1264 
f 1262/1286/1262 1367/1416/1367 1368/1417/1368 
f 1366/1415/1366 1264/1288/1264 1362/1410/1362 
f 1264/1288/1264 1366/1415/1366 1367/1416/1367 
f 1369/1418/1369 1366/1415/1366 1365/1414/1365 
f 1366/1415/1366 1369/1418/1369 1370/1419/1370 
f 1371/1420/1371 1368/1417/1368 1367/1416/1367 
f 1368/1417/1368 1371/1420/1371 1372/1421/1372 
f 1370/1419/1370 1367/1416/1367 1366/1415/1366 
f 1367/1416/1367 1370/1419/1370 1371/1420/1371 
f 1373/1422/1373 1274/1298/1274 1256/1280/1256 
f 1274/1298/1274 1373/1422/1373 1365/1414/1365 
f 1374/1423/1374 1373/1422/1373 1256/1280/1256 1350/1390/1350 
f 1375/1424/1375 1369/1418/1369 1365/1414/1365 1373/1422/1373 
f 1376/1425/1376 1375/1424/1375 1373/1422/1373 1374/1423/1374 
f 1284/1308/1284 1288/1312/1288 1278/1302/1278 
f 1284/1308/1284 1286/1310/1286 1288/1312/1288 
f 1252/1276/1252 1254/1278/1254 1261/1285/1261 
f 1165/1189/1165 1292/1316/1292 1291/1315/1291 
f 1291/1315/1291 1363/1412/1363 1320/1351/1320 
f 1286/1310/1286 1364/1413/1364 1281/1305/1281 
f 1377/1426/1377 1378/1427/1378 1379/1428/1379 1380/1429/1380 
f 1239/1263/1239 1381/1430/1381 1382/1431/1382 1383/1432/1383 
f 1229/1253/1229 1384/1433/1384 1230/1254/1230 
f 1187/1211/1187 1245/1269/1245 1160/1184/1160 
f 1245/1269/1245 1187/1211/1187 1247/1271/1247 
f 1157/1181/1157 1160/1184/1160 1245/1269/1245 
f 1190/1214/1190 1247/1271/1247 1187/1211/1187 
f 1247/1271/1247 1190/1214/1190 1248/1272/1248 
f 1248/1272/1248 1190/1214/1190 1192/1216/1192 
f 1244/1268/1244 1192/1216/1192 1211/1235/1211 
f 1385/1434/1385 1271/1295/1271 1269/1293/1269 1386/1435/1386 
f 1273/1297/1273 1271/1295/1271 1385/1434/1385 
f 1224/1248/1224 1226/1250/1226 1213/1237/1213 
f 1164/1188/1164 1163/1187/1163 1165/1189/1165 
f 1299/1325/1299 1359/1409/1359 1306/1334/1306 
f 1282/1306/1282 1266/1290/1266 1293/1317/1293 
f 1266/1290/1266 1282/1306/1282 1251/1275/1251 
f 1266/1290/1266 1261/1285/1261 1293/1317/1293 
f 1296/1320/1296 1284/1308/1284 1278/1302/1278 
f 1275/1299/1275 1277/1301/1277 1296/1320/1296 
f 1361/1406/1361 1295/1319/1295 1319/1350/1319 
f 1387/1436/1387 1364/1413/1364 1287/1311/1287 
f 1364/1413/1364 1387/1436/1387 1388/1437/1388 
f 1295/1319/1295 1361/1406/1361 1285/1309/1285 
f 1235/1259/1235 1239/1263/1239 1383/1432/1383 
f 1239/1263/1239 1235/1259/1235 1234/1258/1234 
f 1380/1429/1380 1235/1259/1235 1383/1432/1383 
f 1235/1259/1235 1380/1429/1380 1389/1438/1389 
f 1231/1255/1231 1232/1256/1232 1390/1439/1390 
f 1232/1256/1232 1231/1255/1231 1234/1258/1234 
f 1156/1180/1156 1159/1183/1159 1157/1181/1157 
f 1192/1216/1192 1194/1218/1194 1219/1243/1219 
f 1294/1323/1294 1293/1440/1293 1319/1408/1319 
f 1294/1323/1294 1319/1408/1319 1299/1325/1299 
f 1225/1249/1225 1273/1297/1273 1385/1434/1385 
f 1384/1433/1384 1220/1244/1220 1223/1247/1223 1230/1254/1230 
f 1381/1430/1381 1239/1263/1239 1240/1264/1240 
f 1390/1439/1390 1229/1253/1229 1231/1255/1231 
f 1390/1439/1390 1216/1240/1216 1214/1238/1214 
f 1230/1254/1230 1240/1264/1240 1231/1255/1231 
f 1225/1249/1225 1385/1434/1385 1272/1296/1272 
f 1384/1433/1384 1229/1253/1229 1226/1250/1226 1272/1296/1272 
f 1233/1257/1233 1238/1262/1238 1236/1260/1236 
f 1389/1438/1389 1238/1262/1238 1235/1259/1235 
f 1390/1439/1390 1232/1256/1232 1216/1240/1216 
f 1215/1239/1215 1207/1231/1207 1216/1240/1216 
f 1207/1231/1207 1214/1238/1214 1216/1240/1216 
f 1232/1256/1232 1217/1241/1217 1216/1240/1216 
f 1234/1258/1234 1231/1255/1231 1240/1264/1240 
f 1390/1439/1390 1214/1238/1214 1229/1253/1229 
f 1391/1441/1391 1380/1429/1380 1379/1428/1379 
f 1380/1429/1380 1391/1441/1391 1389/1438/1389 
f 1392/1442/1392 1389/1438/1389 1391/1441/1391 
f 1389/1438/1389 1392/1442/1392 1238/1262/1238 
f 1364/1413/1364 1323/1354/1323 1322/1353/1322 
f 1323/1354/1323 1364/1413/1364 1388/1437/1388 
f 1265/1289/1265 1387/1436/1387 1287/1311/1287 
f 1387/1436/1387 1265/1289/1265 1393/1443/1393 
f 1262/1286/1262 1393/1443/1393 1265/1289/1265 
f 1393/1443/1393 1262/1286/1262 1394/1444/1394 
f 1368/1417/1368 1394/1444/1394 1262/1286/1262 
f 1394/1444/1394 1368/1417/1368 1395/1445/1395 
f 1372/1421/1372 1395/1445/1395 1368/1417/1368 
f 1395/1445/1395 1372/1421/1372 1396/1446/1396 
f 1353/1393/1353 1351/1391/1351 1356/1396/1356 
f 1397/1447/1397 1185/1448/1185 1142/1449/1142 
f 1185/1448/1185 1397/1447/1397 1398/1450/1398 
f 1398/1450/1398 1181/1451/1181 1185/1448/1185 
f 1181/1451/1181 1398/1450/1398 1399/1452/1399 
f 1400/1453/1400 1142/1449/1142 1144/1454/1144 
f 1142/1449/1142 1400/1453/1400 1397/1447/1397 
f 1401/1455/1401 1144/1454/1144 1145/1456/1145 
f 1144/1454/1144 1401/1455/1401 1400/1453/1400 
f 1402/1457/1402 1145/1456/1145 1148/1458/1148 
f 1145/1456/1145 1402/1457/1402 1401/1455/1401 
f 1403/1459/1403 1148/1458/1148 1150/1460/1150 
f 1148/1458/1148 1403/1459/1403 1402/1457/1402 
f 1399/1452/1399 1151/1461/1151 1181/1451/1181 
f 1151/1461/1151 1399/1452/1399 1404/1462/1404 
f 1404/1462/1404 1150/1460/1150 1151/1461/1151 
f 1150/1460/1150 1404/1462/1404 1403/1459/1403 
f 1398/1450/1398 1397/1447/1397 1405/1463/1405 
f 1399/1452/1399 1398/1450/1398 1405/1463/1405 
f 1397/1447/1397 1400/1453/1400 1405/1463/1405 
f 1400/1453/1400 1401/1455/1401 1405/1463/1405 
f 1401/1455/1401 1402/1457/1402 1405/1463/1405 
f 1402/1457/1402 1403/1459/1403 1405/1463/1405 
f 1404/1462/1404 1399/1452/1399 1405/1463/1405 
f 1403/1459/1403 1404/1462/1404 1405/1463/1405 
f 1374/1423/1374 1350/1390/1350 1355/1395/1355 1406/1464/1406 
f 1376/1425/1376 1374/1423/1374 1406/1464/1406 1407/1465/1407 
f 1407/1465/1407 1406/1464/1406 1408/1466/1408 1409/1467/1409 
f 1357/1397/1357 1408/1466/1408 1406/1464/1406 1355/1395/1355 
f 1203/1227/1203 1378/1427/1378 1377/1426/1377 1204/1228/1204 
f 1222/1246/1222 1382/1431/1382 1381/1430/1381 1223/1247/1223 
f 1223/1247/1223 1381/1430/1381 1240/1264/1240 1230/1254/1230 
f 1380/1429/1380 1383/1432/1383 1382/1431/1382 1377/1426/1377 
f 1377/1426/1377 1382/1431/1382 1222/1246/1222 1204/1228/1204 
f 1204/1228/1204 1222/1246/1222 1221/1245/1221 1201/1225/1201 
f 1386/1435/1386 1269/1293/1269 1198/1222/1198 1199/1223/1199 
f 1200/1224/1200 1202/1226/1202 1201/1225/1201 1199/1223/1199 
f 1199/1223/1199 1201/1225/1201 1221/1245/1221 1386/1435/1386 
f 1386/1435/1386 1221/1245/1221 1220/1244/1220 1385/1434/1385 
f 1385/1434/1385 1220/1244/1220 1384/1433/1384 1272/1296/1272 
f 1410/1468/1410 1411/1469/1411 1412/1470/1412 
f 1412/1470/1412 1413/1471/1413 1410/1468/1410 
f 1414/1472/1414 1415/1473/1415 1410/1468/1410 
f 1410/1468/1410 1413/1471/1413 1414/1472/1414 
f 1416/1474/1416 1417/1475/1417 1418/1476/1418 
f 1419/1477/1419 1420/1478/1420 1418/1476/1418 
f 1418/1476/1418 1417/1475/1417 1419/1477/1419 
f 1421/1479/1421 1420/1478/1420 1419/1477/1419 
f 1419/1477/1419 1422/1480/1422 1421/1479/1421 
f 1423/1481/1423 1421/1479/1421 1422/1480/1422 
f 1422/1480/1422 1424/1482/1424 1423/1481/1423 
f 1425/1483/1425 1426/1484/1426 1423/1481/1423 
f 1423/1481/1423 1424/1482/1424 1425/1483/1425 
f 1415/1473/1415 1414/1472/1414 1427/1485/1427 
f 1427/1485/1427 1428/1486/1428 1415/1473/1415 
f 1429/1487/1429 1430/1488/1430 1431/1489/1431 
f 1432/1490/1432 1433/1491/1433 1430/1488/1430 
f 1430/1488/1430 1434/1492/1434 1432/1490/1432 
f 1161/1493/1161 1432/1490/1432 1434/1492/1434 
f 1434/1492/1434 1162/1494/1162 1161/1493/1161 
f 1435/1495/1435 1413/1471/1413 1412/1470/1412 
f 1412/1470/1412 1436/1496/1436 1435/1495/1435 
f 1436/1496/1436 1437/1497/1437 1438/1498/1438 
f 1167/1499/1167 1439/1500/1439 1440/1501/1440 
f 1440/1501/1440 1170/1502/1170 1167/1499/1167 
f 1441/1503/1441 1442/1504/1442 1443/1505/1443 
f 1443/1505/1443 1444/1506/1444 1441/1503/1441 
f 1445/1507/1445 1441/1503/1441 1444/1506/1444 
f 1444/1506/1444 1446/1508/1446 1445/1507/1445 
f 1447/1509/1447 1445/1507/1445 1446/1508/1446 
f 1446/1508/1446 1448/1510/1448 1447/1509/1447 
f 1449/1511/1449 1447/1509/1447 1448/1510/1448 
f 1448/1510/1448 1450/1512/1450 1449/1511/1449 
f 1426/1484/1426 1425/1483/1425 1451/1513/1451 
f 1451/1513/1451 1428/1486/1428 1426/1484/1426 
f 1452/1514/1452 1432/1490/1432 1161/1493/1161 
f 1161/1493/1161 1183/1515/1183 1452/1514/1452 
f 1440/1501/1440 1452/1514/1452 1183/1515/1183 
f 1183/1515/1183 1170/1502/1170 1440/1501/1440 
f 1433/1491/1433 1432/1490/1432 1452/1514/1452 
f 1452/1514/1452 1453/1516/1453 1433/1491/1433 
f 1440/1501/1440 1437/1497/1437 1452/1514/1452 
f 1431/1489/1431 1433/1491/1433 1453/1516/1453 
f 1453/1516/1453 1412/1470/1412 1431/1489/1431 
f 1412/1470/1412 1453/1516/1453 1436/1496/1436 
f 1454/1517/1454 1416/1474/1416 1411/1469/1411 
f 1411/1469/1411 1410/1468/1410 1454/1517/1454 
f 1415/1473/1415 1451/1513/1451 1454/1517/1454 
f 1454/1517/1454 1410/1468/1410 1415/1473/1415 
f 1418/1476/1418 1431/1489/1431 1412/1470/1412 
f 1412/1470/1412 1411/1469/1411 1418/1476/1418 
f 1420/1478/1420 1429/1487/1429 1431/1489/1431 
f 1431/1489/1431 1418/1476/1418 1420/1478/1420 
f 1420/1478/1420 1421/1479/1421 1429/1487/1429 
f 1443/1505/1443 1442/1504/1442 1421/1479/1421 
f 1421/1479/1421 1423/1481/1423 1443/1505/1443 
f 1426/1484/1426 1455/1518/1455 1443/1505/1443 
f 1443/1505/1443 1423/1481/1423 1426/1484/1426 
f 1415/1473/1415 1428/1486/1428 1451/1513/1451 
f 1428/1486/1428 1427/1485/1427 1455/1518/1455 
f 1455/1518/1455 1426/1484/1426 1428/1486/1428 
f 1456/1519/1456 1188/1520/1188 1162/1494/1162 
f 1162/1494/1162 1434/1492/1434 1456/1519/1456 
f 1189/1521/1189 1191/1522/1191 1457/1523/1457 
f 1457/1523/1457 1458/1524/1458 1189/1521/1189 
f 1193/1217/1193 1189/1521/1189 1458/1524/1458 
f 1458/1524/1458 1459/1525/1459 1193/1217/1193 
f 1195/1219/1195 1193/1217/1193 1459/1525/1459 
f 1459/1525/1459 1460/1526/1460 1195/1219/1195 
f 1197/1221/1197 1195/1219/1195 1460/1526/1460 
f 1460/1526/1460 1461/1527/1461 1197/1221/1197 
f 1462/1528/1462 1200/1224/1200 1197/1221/1197 1461/1527/1461 
f 1463/1529/1463 1464/1530/1464 1203/1227/1203 1202/1226/1202 
f 1447/1509/1447 1465/1531/1465 1445/1507/1445 
f 1465/1531/1465 1447/1509/1447 1449/1511/1449 
f 1449/1511/1449 1466/1532/1466 1465/1531/1465 
f 1466/1532/1466 1449/1511/1449 1467/1533/1467 1468/1534/1468 
f 1469/1535/1469 1470/1536/1470 1471/1537/1471 
f 1471/1537/1471 1472/1538/1472 1469/1535/1469 
f 1469/1535/1469 1472/1538/1472 1466/1532/1466 
f 1466/1532/1466 1473/1539/1473 1469/1535/1469 
f 1473/1539/1473 1466/1532/1466 1468/1534/1468 
f 1468/1534/1468 1474/1540/1474 1473/1539/1473 
f 1475/1541/1475 1476/1542/1476 1477/1543/1477 
f 1459/1525/1459 1478/1544/1478 1479/1545/1479 
f 1480/1546/1480 1481/1547/1481 1482/1548/1482 1483/1549/1483 
f 1484/1550/1484 1485/1551/1485 1486/1552/1486 
f 1486/1552/1486 1487/1553/1487 1484/1550/1484 
f 1487/1553/1487 1488/1554/1488 1484/1550/1484 
f 1489/1555/1489 1490/1556/1490 1491/1557/1491 
f 1458/1524/1458 1470/1536/1470 1478/1544/1478 
f 1470/1536/1470 1469/1535/1469 1488/1554/1488 
f 1484/1550/1484 1469/1535/1469 1473/1539/1473 
f 1474/1540/1474 1489/1555/1489 1485/1551/1485 
f 1485/1551/1485 1473/1539/1473 1474/1540/1474 
f 1476/1542/1476 1492/1558/1492 1493/1559/1493 
f 1494/1560/1494 1493/1559/1493 1492/1558/1492 
f 1492/1558/1492 1495/1561/1495 1494/1560/1494 
f 1475/1541/1475 1237/1562/1237 1236/1563/1236 
f 1492/1558/1492 1476/1542/1476 1236/1563/1236 
f 1495/1561/1495 1492/1558/1492 1238/1564/1238 
f 1496/1565/1496 1497/1566/1497 1494/1560/1494 
f 1442/1504/1442 1498/1567/1498 1429/1487/1429 
f 1498/1567/1498 1499/1568/1499 1500/1569/1500 
f 1466/1532/1466 1472/1538/1472 1465/1531/1465 
f 1499/1568/1499 1465/1531/1465 1472/1538/1472 
f 1472/1538/1472 1471/1537/1471 1499/1568/1499 
f 1442/1504/1442 1441/1503/1441 1498/1567/1498 
f 1498/1567/1498 1441/1503/1441 1445/1507/1445 
f 1501/1570/1501 1500/1569/1500 1499/1568/1499 
f 1499/1568/1499 1471/1537/1471 1501/1570/1501 
f 1471/1537/1471 1470/1536/1470 1501/1570/1501 
f 1502/1571/1502 1503/1572/1503 1500/1569/1500 
f 1500/1569/1500 1504/1573/1504 1502/1571/1502 
f 1504/1573/1504 1500/1569/1500 1501/1570/1501 
f 1501/1570/1501 1505/1574/1505 1504/1573/1504 
f 1501/1570/1501 1458/1524/1458 1505/1574/1505 
f 1457/1523/1457 1191/1522/1191 1188/1520/1188 
f 1188/1520/1188 1456/1519/1456 1457/1523/1457 
f 1430/1488/1430 1429/1487/1429 1503/1572/1503 
f 1430/1488/1430 1503/1572/1503 1502/1571/1502 
f 1445/1507/1445 1465/1531/1465 1499/1568/1499 
f 1498/1567/1498 1500/1569/1500 1503/1572/1503 
f 1506/1575/1506 1414/1472/1414 1413/1471/1413 
f 1413/1471/1413 1507/1576/1507 1506/1575/1506 
f 1508/1577/1508 1427/1485/1427 1414/1472/1414 
f 1414/1472/1414 1506/1575/1506 1508/1577/1508 
f 1413/1471/1413 1435/1495/1435 1507/1576/1507 
f 1509/1578/1509 1444/1506/1444 1443/1505/1443 
f 1443/1505/1443 1510/1579/1510 1509/1578/1509 
f 1511/1580/1511 1446/1508/1446 1444/1506/1444 
f 1444/1506/1444 1509/1578/1509 1511/1580/1511 
f 1512/1581/1512 1448/1510/1448 1446/1508/1446 
f 1446/1508/1446 1511/1580/1511 1512/1581/1512 
f 1513/1582/1513 1450/1512/1450 1448/1510/1448 
f 1448/1510/1448 1512/1581/1512 1513/1582/1513 
f 1455/1518/1455 1510/1579/1510 1443/1505/1443 
f 1514/1583/1514 1439/1500/1439 1167/1499/1167 
f 1167/1499/1167 1258/1584/1258 1514/1583/1514 
f 1515/1585/1515 1514/1583/1514 1258/1584/1258 
f 1258/1584/1258 1260/1586/1260 1515/1585/1515 
f 1498/1567/1498 1445/1507/1445 1499/1568/1499 
f 1511/1580/1511 1516/1587/1516 1512/1581/1512 
f 1517/1588/1517 1518/1589/1518 1519/1590/1519 
f 1519/1590/1519 1520/1591/1520 1517/1588/1517 
f 1510/1579/1510 1455/1518/1455 1427/1485/1427 
f 1427/1485/1427 1508/1577/1508 1510/1579/1510 
f 1508/1577/1508 1521/1592/1521 1510/1579/1510 
f 1521/1592/1521 1516/1587/1516 1509/1578/1509 
f 1429/1487/1429 1498/1567/1498 1503/1572/1503 
f 1522/1593/1522 1479/1545/1479 1523/1594/1523 
f 1488/1554/1488 1487/1553/1487 1523/1594/1523 
f 1487/1553/1487 1486/1552/1486 1523/1594/1523 
f 1524/1595/1524 1461/1527/1461 1460/1526/1460 
f 1460/1526/1460 1525/1596/1525 1524/1595/1524 
f 1524/1595/1524 1525/1596/1525 1523/1594/1523 
f 1525/1596/1525 1460/1526/1460 1522/1593/1522 
f 1523/1594/1523 1525/1596/1525 1522/1593/1522 
f 1524/1595/1524 1523/1594/1523 1526/1597/1526 
f 1488/1554/1488 1523/1594/1523 1478/1544/1478 
f 1478/1544/1478 1523/1594/1523 1479/1545/1479 
f 1459/1525/1459 1522/1593/1522 1460/1526/1460 
f 1486/1552/1486 1485/1551/1485 1527/1598/1527 
f 1523/1594/1523 1486/1552/1486 1528/1599/1528 
f 1526/1597/1526 1523/1594/1523 1528/1599/1528 
f 1459/1525/1459 1479/1545/1479 1522/1593/1522 
f 1488/1554/1488 1469/1535/1469 1484/1550/1484 
f 1470/1536/1470 1488/1554/1488 1478/1544/1478 
f 1512/1581/1512 1529/1600/1529 1513/1582/1513 
f 1530/1601/1530 1506/1575/1506 1507/1576/1507 
f 1507/1576/1507 1531/1602/1531 1530/1601/1530 
f 1506/1575/1506 1530/1601/1530 1532/1603/1532 
f 1530/1601/1530 1531/1602/1531 1533/1604/1533 
f 1534/1605/1534 1535/1606/1535 1536/1607/1536 
f 1508/1577/1508 1506/1575/1506 1532/1603/1532 
f 1532/1603/1532 1537/1608/1537 1508/1577/1508 
f 1538/1609/1538 1539/1610/1539 1540/1611/1540 
f 1540/1611/1540 1541/1612/1541 1538/1609/1538 
f 1542/1613/1542 1520/1591/1520 1538/1609/1538 
f 1538/1609/1538 1520/1591/1520 1519/1590/1519 
f 1542/1613/1542 1538/1609/1538 1541/1612/1541 
f 1543/1614/1543 1544/1615/1544 1545/1616/1545 
f 1545/1616/1545 1534/1605/1534 1543/1614/1543 
f 1514/1583/1514 1546/1617/1546 1439/1500/1439 
f 1547/1618/1547 1531/1602/1531 1507/1576/1507 
f 1507/1576/1507 1435/1495/1435 1547/1618/1547 
f 1435/1495/1435 1438/1498/1438 1547/1618/1547 
f 1510/1579/1510 1521/1592/1521 1509/1578/1509 
f 1537/1608/1537 1548/1619/1548 1549/1620/1549 
f 1550/1621/1550 1551/1622/1551 1539/1610/1539 
f 1552/1623/1552 1548/1624/1548 1537/1625/1537 
f 1537/1625/1537 1553/1626/1553 1552/1623/1552 
f 1548/1624/1548 1552/1623/1552 1554/1627/1554 
f 1551/1628/1551 1555/1629/1555 1556/1630/1556 
f 1555/1629/1555 1551/1628/1551 1550/1631/1550 
f 1550/1631/1550 1557/1632/1557 1555/1629/1555 
f 1553/1626/1553 1558/1633/1558 1552/1623/1552 
f 1552/1623/1552 1559/1634/1559 1560/1635/1560 
f 1554/1627/1554 1560/1635/1560 1561/1636/1561 
f 1555/1629/1555 1562/1637/1562 1563/1638/1563 
f 1557/1632/1557 1564/1639/1564 1562/1637/1562 
f 1565/1640/1565 1566/1641/1566 1563/1638/1563 
f 1563/1638/1563 1562/1637/1562 1565/1640/1565 
f 1565/1640/1565 1562/1637/1562 1564/1639/1564 
f 1564/1639/1564 1567/1642/1567 1565/1640/1565 
f 1568/1643/1568 1569/1644/1569 1570/1645/1570 
f 1570/1645/1570 1571/1646/1571 1572/1647/1572 
f 1572/1648/1572 1571/1649/1571 1573/1650/1573 
f 1567/1642/1567 1571/1649/1571 1569/1651/1569 
f 1557/1632/1557 1562/1637/1562 1555/1629/1555 
f 1529/1600/1529 1549/1620/1549 1574/1652/1574 
f 1514/1583/1514 1575/1653/1575 1546/1617/1546 
f 1576/1654/1576 1575/1653/1575 1514/1583/1514 
f 1514/1583/1514 1515/1585/1515 1576/1654/1576 
f 1260/1586/1260 1323/1655/1323 1577/1656/1577 
f 1577/1656/1577 1515/1585/1515 1260/1586/1260 
f 1578/1657/1578 1579/1658/1579 1580/1659/1580 
f 1580/1659/1580 1576/1654/1576 1578/1657/1578 
f 1581/1660/1581 1582/1661/1582 1545/1616/1545 
f 1545/1616/1545 1544/1615/1544 1581/1660/1581 
f 1583/1662/1583 1534/1663/1534 1545/1664/1545 
f 1545/1664/1545 1584/1665/1584 1583/1662/1583 
f 1585/1666/1585 1586/1667/1586 1582/1668/1582 
f 1586/1667/1586 1585/1666/1585 1580/1669/1580 
f 1580/1669/1580 1587/1670/1587 1586/1667/1586 
f 1587/1670/1587 1580/1669/1580 1579/1671/1579 
f 1579/1671/1579 1588/1672/1588 1587/1670/1587 
f 1534/1663/1534 1583/1662/1583 1579/1671/1579 
f 1582/1668/1582 1589/1673/1589 1545/1674/1545 
f 1590/1675/1590 1583/1662/1583 1584/1665/1584 
f 1584/1665/1584 1591/1676/1591 1590/1675/1590 
f 1592/1677/1592 1589/1673/1589 1586/1667/1586 
f 1586/1667/1586 1593/1678/1593 1592/1677/1592 
f 1593/1678/1593 1586/1667/1586 1587/1670/1587 
f 1587/1670/1587 1594/1679/1594 1593/1678/1593 
f 1594/1679/1594 1587/1670/1587 1588/1672/1588 
f 1588/1672/1588 1595/1680/1595 1594/1679/1594 
f 1595/1680/1595 1588/1672/1588 1583/1662/1583 
f 1583/1662/1583 1590/1675/1590 1595/1680/1595 
f 1591/1681/1591 1584/1682/1584 1589/1673/1589 
f 1589/1673/1589 1592/1677/1592 1591/1681/1591 
f 1596/1683/1596 1590/1675/1590 1591/1676/1591 
f 1591/1676/1591 1597/1684/1597 1596/1683/1596 
f 1598/1685/1598 1592/1677/1592 1593/1678/1593 
f 1593/1678/1593 1599/1686/1599 1598/1685/1598 
f 1599/1686/1599 1593/1678/1593 1594/1679/1594 
f 1594/1679/1594 1600/1687/1600 1599/1686/1599 
f 1600/1687/1600 1594/1679/1594 1595/1680/1595 
f 1595/1680/1595 1601/1688/1601 1600/1687/1600 
f 1601/1688/1601 1595/1680/1595 1590/1675/1590 
f 1590/1675/1590 1596/1683/1596 1601/1688/1601 
f 1597/1689/1597 1591/1681/1591 1592/1677/1592 
f 1592/1677/1592 1598/1685/1598 1597/1689/1597 
f 1597/1684/1597 1602/1690/1602 1596/1683/1596 
f 1599/1686/1599 1602/1690/1602 1598/1685/1598 
f 1600/1687/1600 1602/1690/1602 1599/1686/1599 
f 1601/1688/1601 1602/1690/1602 1600/1687/1600 
f 1596/1683/1596 1602/1690/1602 1601/1688/1601 
f 1598/1685/1598 1602/1690/1602 1597/1689/1597 
f 1467/1533/1467 1475/1541/1475 1468/1534/1468 
f 1236/1563/1236 1476/1542/1476 1475/1541/1475 
f 1450/1512/1450 1603/1691/1603 1467/1533/1467 1449/1511/1449 
f 1513/1582/1513 1604/1692/1604 1450/1512/1450 
f 1604/1692/1604 1603/1691/1603 1450/1512/1450 
f 1605/1693/1605 1352/1694/1352 1237/1562/1237 
f 1237/1562/1237 1475/1541/1475 1605/1693/1605 
f 1605/1693/1605 1475/1541/1475 1467/1533/1467 
f 1467/1533/1467 1606/1695/1606 1605/1693/1605 
f 1607/1696/1607 1603/1691/1603 1604/1692/1604 
f 1604/1692/1604 1608/1697/1608 1607/1696/1607 
f 1606/1695/1606 1467/1533/1467 1603/1691/1603 
f 1603/1691/1603 1607/1696/1607 1606/1695/1606 
f 1605/1693/1605 1609/1698/1609 1352/1694/1352 
f 1607/1696/1607 1608/1697/1608 1357/1699/1357 1609/1698/1609 
f 1609/1698/1609 1606/1695/1606 1607/1696/1607 
f 1516/1587/1516 1549/1620/1549 1529/1600/1529 
f 1545/1674/1545 1589/1673/1589 1584/1682/1584 
f 1570/1645/1570 1569/1644/1569 1571/1646/1571 
f 1565/1640/1565 1569/1651/1569 1566/1641/1566 
f 1429/1487/1429 1421/1479/1421 1442/1504/1442 
f 1512/1581/1512 1516/1587/1516 1529/1600/1529 
f 1416/1474/1416 1418/1476/1418 1411/1469/1411 
f 1552/1623/1552 1558/1633/1558 1610/1700/1610 
f 1552/1623/1552 1560/1635/1560 1554/1627/1554 
f 1556/1630/1556 1563/1638/1563 1610/1701/1610 
f 1563/1638/1563 1566/1641/1566 1610/1701/1610 
f 1566/1641/1566 1569/1651/1569 1568/1702/1568 
f 1537/1625/1537 1556/1703/1556 1553/1626/1553 
f 1551/1704/1551 1556/1703/1556 1537/1625/1537 
f 1556/1703/1556 1558/1633/1558 1553/1626/1553 
f 1574/1705/1574 1611/1706/1611 1550/1631/1550 
f 1611/1706/1611 1612/1707/1612 1557/1632/1557 
f 1567/1642/1567 1564/1639/1564 1612/1707/1612 
f 1612/1707/1612 1573/1650/1573 1567/1642/1567 
f 1538/1609/1538 1519/1590/1519 1613/1708/1613 
f 1613/1708/1613 1539/1610/1539 1538/1609/1538 
f 1540/1611/1540 1539/1610/1539 1551/1622/1551 
f 1518/1589/1518 1613/1708/1613 1519/1590/1519 
f 1573/1650/1573 1571/1649/1571 1567/1642/1567 
f 1532/1603/1532 1551/1622/1551 1537/1608/1537 
f 1568/1643/1568 1570/1645/1570 1559/1634/1559 
f 1559/1634/1559 1610/1700/1610 1568/1643/1568 
f 1570/1645/1570 1572/1647/1572 1561/1636/1561 
f 1561/1636/1561 1559/1634/1559 1570/1645/1570 
f 1612/1707/1612 1561/1709/1561 1573/1650/1573 
f 1573/1650/1573 1561/1709/1561 1572/1648/1572 
f 1610/1701/1610 1566/1641/1566 1568/1702/1568 
f 1556/1703/1556 1610/1700/1610 1558/1633/1558 
f 1555/1629/1555 1563/1638/1563 1556/1630/1556 
f 1574/1710/1574 1554/1627/1554 1611/1711/1611 
f 1557/1632/1557 1612/1707/1612 1564/1639/1564 
f 1611/1706/1611 1561/1709/1561 1612/1707/1612 
f 1552/1623/1552 1610/1700/1610 1559/1634/1559 
f 1567/1642/1567 1569/1651/1569 1565/1640/1565 
f 1614/1712/1614 1613/1708/1613 1518/1589/1518 
f 1550/1631/1550 1611/1706/1611 1557/1632/1557 
f 1614/1712/1614 1574/1652/1574 1613/1708/1613 
f 1529/1600/1529 1574/1652/1574 1614/1712/1614 
f 1560/1635/1560 1559/1634/1559 1561/1636/1561 
f 1576/1654/1576 1580/1659/1580 1585/1713/1585 
f 1585/1713/1585 1575/1653/1575 1576/1654/1576 
f 1581/1660/1581 1547/1618/1547 1546/1617/1546 
f 1546/1617/1546 1615/1714/1615 1581/1660/1581 
f 1581/1660/1581 1615/1714/1615 1582/1661/1582 
f 1575/1653/1575 1585/1713/1585 1582/1661/1582 
f 1582/1661/1582 1615/1714/1615 1575/1653/1575 
f 1439/1500/1439 1546/1617/1546 1438/1498/1438 
f 1536/1607/1536 1543/1614/1543 1534/1605/1534 
f 1544/1615/1544 1531/1602/1531 1547/1618/1547 
f 1547/1618/1547 1581/1660/1581 1544/1615/1544 
f 1541/1612/1541 1543/1614/1543 1536/1607/1536 
f 1535/1606/1535 1534/1605/1534 1579/1658/1579 
f 1579/1658/1579 1578/1657/1578 1535/1606/1535 
f 1536/1607/1536 1535/1606/1535 1541/1612/1541 
f 1576/1654/1576 1515/1585/1515 1577/1656/1577 
f 1577/1656/1577 1578/1657/1578 1576/1654/1576 
f 1582/1668/1582 1586/1667/1586 1589/1673/1589 
f 1530/1601/1530 1533/1604/1533 1551/1622/1551 
f 1541/1612/1541 1616/1715/1616 1542/1613/1542 
f 1578/1657/1578 1577/1656/1577 1616/1715/1616 
f 1578/1657/1578 1616/1715/1616 1535/1606/1535 
f 1533/1604/1533 1531/1602/1531 1544/1615/1544 
f 1440/1501/1440 1439/1500/1439 1438/1498/1438 
f 1438/1498/1438 1437/1497/1437 1440/1501/1440 
f 1453/1516/1453 1437/1497/1437 1436/1496/1436 
f 1452/1514/1452 1437/1497/1437 1453/1516/1453 
f 1533/1604/1533 1544/1615/1544 1543/1614/1543 
f 1579/1671/1579 1583/1662/1583 1588/1672/1588 
f 1617/1716/1617 1529/1600/1529 1614/1712/1614 
f 1614/1712/1614 1618/1717/1618 1617/1716/1617 
f 1619/1718/1619 1518/1589/1518 1517/1588/1517 
f 1517/1588/1517 1620/1719/1620 1619/1718/1619 
f 1618/1717/1618 1614/1712/1614 1518/1589/1518 
f 1518/1589/1518 1619/1718/1619 1618/1717/1618 
f 1621/1720/1621 1617/1716/1617 1618/1717/1618 
f 1618/1717/1618 1622/1721/1622 1621/1720/1621 
f 1623/1722/1623 1619/1718/1619 1620/1719/1620 
f 1620/1719/1620 1624/1723/1624 1623/1722/1623 
f 1622/1721/1622 1618/1717/1618 1619/1718/1619 
f 1619/1718/1619 1623/1722/1623 1622/1721/1622 
f 1625/1724/1625 1513/1582/1513 1529/1600/1529 
f 1529/1600/1529 1617/1716/1617 1625/1724/1625 
f 1626/1725/1626 1604/1692/1604 1513/1582/1513 1625/1724/1625 
f 1627/1726/1627 1625/1724/1625 1617/1716/1617 1621/1720/1621 
f 1628/1727/1628 1626/1725/1626 1625/1724/1625 1627/1726/1627 
f 1540/1611/1540 1533/1604/1533 1543/1614/1543 
f 1540/1611/1540 1543/1614/1543 1541/1612/1541 
f 1509/1578/1509 1516/1587/1516 1511/1580/1511 
f 1438/1498/1438 1546/1617/1546 1547/1618/1547 
f 1546/1617/1546 1575/1653/1575 1615/1714/1615 
f 1541/1612/1541 1535/1606/1535 1616/1715/1616 
f 1629/1728/1629 1630/1729/1630 1379/1428/1379 1378/1427/1378 
f 1496/1565/1496 1631/1730/1631 1632/1731/1632 1633/1732/1633 
f 1489/1555/1489 1491/1557/1491 1634/1733/1634 
f 1456/1519/1456 1434/1492/1434 1502/1571/1502 
f 1502/1571/1502 1504/1573/1504 1456/1519/1456 
f 1430/1488/1430 1502/1571/1502 1434/1492/1434 
f 1457/1523/1457 1456/1519/1456 1504/1573/1504 
f 1504/1573/1504 1505/1574/1505 1457/1523/1457 
f 1505/1574/1505 1458/1524/1458 1457/1523/1457 
f 1501/1570/1501 1470/1536/1470 1458/1524/1458 
f 1635/1734/1635 1636/1735/1636 1524/1595/1524 1526/1597/1526 
f 1528/1599/1528 1635/1734/1635 1526/1597/1526 
f 1484/1550/1484 1473/1539/1473 1485/1551/1485 
f 1436/1496/1436 1438/1498/1438 1435/1495/1435 
f 1554/1627/1554 1561/1636/1561 1611/1711/1611 
f 1537/1608/1537 1549/1620/1549 1521/1592/1521 
f 1521/1592/1521 1508/1577/1508 1537/1608/1537 
f 1521/1592/1521 1549/1620/1549 1516/1587/1516 
f 1551/1622/1551 1533/1604/1533 1540/1611/1540 
f 1530/1601/1530 1551/1622/1551 1532/1603/1532 
f 1613/1708/1613 1574/1652/1574 1550/1621/1550 
f 1387/1736/1387 1542/1613/1542 1616/1715/1616 
f 1616/1715/1616 1388/1737/1388 1387/1736/1387 
f 1550/1621/1550 1539/1610/1539 1613/1708/1613 
f 1495/1561/1495 1631/1730/1631 1496/1565/1496 
f 1496/1565/1496 1494/1560/1494 1495/1561/1495 
f 1630/1729/1630 1631/1730/1631 1495/1561/1495 
f 1495/1561/1495 1637/1738/1637 1630/1729/1630 
f 1490/1556/1490 1638/1739/1638 1493/1559/1493 
f 1493/1559/1493 1494/1560/1494 1490/1556/1490 
f 1431/1489/1431 1430/1488/1430 1433/1491/1433 
f 1458/1524/1458 1478/1544/1478 1459/1525/1459 
f 1548/1624/1548 1574/1710/1574 1549/1740/1549 
f 1548/1624/1548 1554/1627/1554 1574/1710/1574 
f 1486/1552/1486 1635/1734/1635 1528/1599/1528 
f 1634/1733/1634 1491/1557/1491 1481/1547/1481 1480/1546/1480 
f 1633/1732/1633 1497/1566/1497 1496/1565/1496 
f 1638/1739/1638 1490/1556/1490 1489/1555/1489 
f 1638/1739/1638 1474/1540/1474 1477/1543/1477 
f 1491/1557/1491 1490/1556/1490 1497/1566/1497 
f 1486/1552/1486 1527/1598/1527 1635/1734/1635 
f 1634/1733/1634 1527/1598/1527 1485/1551/1485 1489/1555/1489 
f 1492/1558/1492 1236/1563/1236 1238/1564/1238 
f 1637/1738/1637 1495/1561/1495 1238/1564/1238 
f 1638/1739/1638 1477/1543/1477 1493/1559/1493 
f 1475/1541/1475 1477/1543/1477 1468/1534/1468 
f 1468/1534/1468 1477/1543/1477 1474/1540/1474 
f 1493/1559/1493 1477/1543/1477 1476/1542/1476 
f 1494/1560/1494 1497/1566/1497 1490/1556/1490 
f 1638/1739/1638 1489/1555/1489 1474/1540/1474 
f 1391/1441/1391 1379/1428/1379 1630/1729/1630 
f 1630/1729/1630 1637/1738/1637 1391/1441/1391 
f 1392/1442/1392 1391/1441/1391 1637/1738/1637 
f 1637/1738/1637 1238/1564/1238 1392/1442/1392 
f 1616/1715/1616 1577/1656/1577 1323/1655/1323 
f 1323/1655/1323 1388/1737/1388 1616/1715/1616 
f 1520/1591/1520 1542/1613/1542 1387/1736/1387 
f 1387/1736/1387 1393/1741/1393 1520/1591/1520 
f 1517/1588/1517 1520/1591/1520 1393/1741/1393 
f 1393/1741/1393 1394/1742/1394 1517/1588/1517 
f 1620/1719/1620 1517/1588/1517 1394/1742/1394 
f 1394/1742/1394 1395/1743/1395 1620/1719/1620 
f 1624/1723/1624 1620/1719/1620 1395/1743/1395 
f 1395/1743/1395 1396/1744/1396 1624/1723/1624 
f 1606/1695/1606 1609/1698/1609 1605/1693/1605 
f 1639/1745/1639 1416/1746/1416 1454/1747/1454 
f 1454/1747/1454 1640/1748/1640 1639/1745/1639 
f 1640/1748/1640 1454/1747/1454 1451/1749/1451 
f 1451/1749/1451 1641/1750/1641 1640/1748/1640 
f 1642/1751/1642 1417/1752/1417 1416/1746/1416 
f 1416/1746/1416 1639/1745/1639 1642/1751/1642 
f 1643/1753/1643 1419/1754/1419 1417/1752/1417 
f 1417/1752/1417 1642/1751/1642 1643/1753/1643 
f 1644/1755/1644 1422/1756/1422 1419/1754/1419 
f 1419/1754/1419 1643/1753/1643 1644/1755/1644 
f 1645/1757/1645 1424/1758/1424 1422/1756/1422 
f 1422/1756/1422 1644/1755/1644 1645/1757/1645 
f 1641/1750/1641 1451/1749/1451 1425/1759/1425 
f 1425/1759/1425 1646/1760/1646 1641/1750/1641 
f 1646/1760/1646 1425/1759/1425 1424/1758/1424 
f 1424/1758/1424 1645/1757/1645 1646/1760/1646 
f 1640/1748/1640 1647/1761/1647 1639/1745/1639 
f 1641/1750/1641 1647/1761/1647 1640/1748/1640 
f 1639/1745/1639 1647/1761/1647 1642/1751/1642 
f 1642/1751/1642 1647/1761/1647 1643/1753/1643 
f 1643/1753/1643 1647/1761/1647 1644/1755/1644 
f 1644/1755/1644 1647/1761/1647 1645/1757/1645 
f 1646/1760/1646 1647/1761/1647 1641/1750/1641 
f 1645/1757/1645 1647/1761/1647 1646/1760/1646 
f 1626/1725/1626 1648/1762/1648 1608/1697/1608 1604/1692/1604 
f 1628/1727/1628 1649/1763/1649 1648/1762/1648 1626/1725/1626 
f 1649/1763/1649 1409/1764/1409 1650/1765/1650 1648/1762/1648 
f 1357/1699/1357 1608/1697/1608 1648/1762/1648 1650/1765/1650 
f 1203/1227/1203 1464/1530/1464 1629/1728/1629 1378/1427/1378 
f 1482/1548/1482 1481/1547/1481 1633/1732/1633 1632/1731/1632 
f 1481/1547/1481 1491/1557/1491 1497/1566/1497 1633/1732/1633 
f 1630/1729/1630 1629/1728/1629 1632/1731/1632 1631/1730/1631 
f 1629/1728/1629 1464/1530/1464 1482/1548/1482 1632/1731/1632 
f 1464/1530/1464 1463/1529/1463 1483/1549/1483 1482/1548/1482 
f 1636/1735/1636 1462/1528/1462 1461/1527/1461 1524/1595/1524 
f 1200/1224/1200 1462/1528/1462 1463/1529/1463 1202/1226/1202 
f 1462/1528/1462 1636/1735/1636 1483/1549/1483 1463/1529/1463 
f 1636/1735/1636 1635/1734/1635 1480/1546/1480 1483/1549/1483 
f 1635/1734/1635 1527/1598/1527 1634/1733/1634 1480/1546/1480 
# 58 polygons - 892 triangles

