# WaveFront *.obj file (generated by Cinema 4D)

mtllib ./TASK_FAILED.mtl

v 55.720000 -60.331717 11.574531
v -55.720000 -60.331717 11.574531
v 0.000000 -76.051717 11.574531
v 0.000000 -44.611717 11.574531
v 60.000000 -80.331717 4.817917
v 60.000000 -40.331717 4.817917
v -60.000000 -80.331717 4.817917
v -60.000000 -40.331717 4.817917
v 0.000000 -80.331717 4.817917
v 0.000000 -40.331717 4.817917
v 55.720000 -44.611717 11.574531
v 55.720000 -76.051717 11.574531
v -55.720000 -44.611717 11.574531
v -60.000000 -60.331717 4.817917
v 60.000000 -60.331717 11.574531
v 60.000000 -60.331717 4.817917
v -55.720000 -76.051717 11.574531
v 0.000000 -60.331717 9.817917
v -55.720000 -76.051717 9.817917
v -55.720000 -44.611717 9.817917
v 55.720000 -76.051717 9.817917
v 55.720000 -44.611717 9.817917
v 0.000000 -44.611717 9.817917
v 0.000000 -76.051717 9.817917
v -55.720000 -60.331717 9.817917
v 55.720000 -60.331717 9.817917
v -60.000000 -80.331717 11.574531
v -60.000000 -40.331717 11.574531
v 60.000000 -80.331717 11.574531
v 60.000000 -40.331717 11.574531
v 0.000000 -40.331717 11.574531
v 0.000000 -80.331717 11.574531
v -60.000000 -60.331717 11.574531
# 33 vertices

vn 0.000000 0.000000 1.000000
vn 1.000000 0.000000 0.000000
vn -1.000000 0.000000 0.000000
vn 0.000000 1.000000 0.000000
vn 0.000000 -1.000000 0.000000
# 5 normals

vt 0.285008 0.048672 0.000000
vt 0.259146 0.048672 0.000000
vt 0.259146 0.140340 0.000000
vt 0.285008 0.140340 0.000000
vt 0.690269 0.818805 0.000000
vt 0.690269 0.785902 0.000000
vt 0.679153 0.785902 0.000000
vt 0.679153 0.818805 0.000000
vt 0.141235 0.048672 0.000000
vt 0.141928 0.051595 0.000000
vt 0.166508 0.054691 0.000000
vt 0.168701 0.052723 0.000000
vt 0.612033 0.788815 0.000000
vt 0.612033 0.821718 0.000000
vt 0.623149 0.821718 0.000000
vt 0.623149 0.788815 0.000000
vt 0.369052 0.723186 0.000000
vt 0.369052 0.624476 0.000000
vt 0.357936 0.624476 0.000000
vt 0.357936 0.723186 0.000000
vt 0.834098 0.492864 0.000000
vt 0.822982 0.492864 0.000000
vt 0.822982 0.591573 0.000000
vt 0.834098 0.591573 0.000000
vt 0.118223 0.064411 0.000000
vt 0.121018 0.065361 0.000000
vt 0.369052 0.525767 0.000000
vt 0.357936 0.525767 0.000000
vt 0.233285 0.140340 0.000000
vt 0.233285 0.232008 0.000000
vt 0.259146 0.232008 0.000000
vt 0.834098 0.690283 0.000000
vt 0.822982 0.690283 0.000000
vt 0.612033 0.854621 0.000000
vt 0.623149 0.854621 0.000000
vt 0.206189 0.139849 0.000000
vt 0.209141 0.139155 0.000000
vt 0.118222 0.159438 0.000000
vt 0.121174 0.158745 0.000000
vt 0.679153 0.851708 0.000000
vt 0.690269 0.851708 0.000000
vt 0.285008 0.232008 0.000000
vt 0.233285 0.048672 0.000000
vt 0.066718 0.532808 0.000000
vt 0.073759 0.525767 0.000000
vt 0.040856 0.525767 0.000000
vt 0.040856 0.532808 0.000000
vt 0.066718 0.624476 0.000000
vt 0.073759 0.624476 0.000000
vt 0.014994 0.624476 0.000000
vt 0.007953 0.624476 0.000000
vt 0.007953 0.723186 0.000000
vt 0.014994 0.716145 0.000000
vt 0.040856 0.723186 0.000000
vt 0.040856 0.716145 0.000000
vt 0.073759 0.723186 0.000000
vt 0.066718 0.716145 0.000000
vt 0.007953 0.525767 0.000000
vt 0.014994 0.532808 0.000000
vt 0.206346 0.233230 0.000000
vt 0.209141 0.234181 0.000000
vt 0.186130 0.249920 0.000000
vt 0.185437 0.246997 0.000000
vt 0.160856 0.243903 0.000000
vt 0.158664 0.245872 0.000000
# 65 texture coordinates

o BUTTON
usemtl TASK FAILED
f 24/4/1 18/3/1 25/2/1 19/1/1
f 15/8/2 29/7/2 5/6/2 16/5/2
f 11/12/3 22/11/3 26/10/3 1/9/3
f 27/16/3 33/15/3 14/14/3 7/13/3
f 28/20/4 31/19/4 10/18/4 8/17/4
f 9/24/5 32/23/5 27/22/5 7/21/5
f 1/9/3 26/10/3 21/26/3 12/25/3
f 31/19/4 30/28/4 6/27/4 10/18/4
f 18/3/1 26/31/1 22/30/1 23/29/1
f 29/33/5 32/23/5 9/24/5 5/32/5
f 33/15/3 28/35/3 8/34/3 14/14/3
f 4/37/5 23/36/5 22/11/5 11/12/5
f 12/25/4 21/26/4 24/39/4 3/38/4
f 15/8/2 16/5/2 6/41/2 30/40/2
f 18/3/1 24/4/1 21/42/1 26/31/1
f 18/3/1 23/29/1 20/43/1 25/2/1
f 2/47/1 33/46/1 27/45/1 17/44/1
f 17/44/1 27/45/1 32/49/1 3/48/1
f 11/53/1 30/52/1 31/51/1 4/50/1
f 1/55/1 15/54/1 30/52/1 11/53/1
f 12/57/1 29/56/1 15/54/1 1/55/1
f 3/48/1 32/49/1 29/56/1 12/57/1
f 13/59/1 28/58/1 33/46/1 2/47/1
f 4/50/1 31/51/1 28/58/1 13/59/1
f 13/61/5 20/60/5 23/36/5 4/37/5
f 17/65/2 19/64/2 25/63/2 2/62/2
f 2/62/2 25/63/2 20/60/2 13/61/2
f 3/38/4 24/39/4 19/64/4 17/65/4

v 113.251381 82.971225 17.847032
v 113.251381 86.096225 17.847032
v 116.376381 86.096225 17.847032
v 119.501381 86.096225 17.847032
v 119.501381 84.533725 17.847032
v 119.501381 82.971225 17.847032
v 121.063881 82.971225 17.847032
v 122.626381 82.971225 17.847032
v 122.626381 81.408725 17.847032
v 122.626381 79.846225 17.847032
v 124.188881 79.846225 17.847032
v 125.751381 79.846225 17.847032
v 125.751381 81.408725 17.847032
v 125.751381 82.971225 17.847032
v 127.313881 82.971225 17.847032
v 128.876381 82.971225 17.847032
v 128.876381 84.533725 17.847032
v 128.876381 86.096225 17.847032
v 132.001381 86.096225 17.847032
v 135.126381 86.096225 17.847032
v 135.126381 82.971225 17.847032
v 135.126381 79.846225 17.847032
v 133.563881 79.846225 17.847032
v 132.001381 79.846225 17.847032
v 132.001381 78.283725 17.847032
v 132.001381 76.721225 17.847032
v 130.438881 76.721225 17.847032
v 128.876381 76.721225 17.847032
v 128.876381 75.158725 17.847032
v 128.876381 73.596225 17.847032
v 130.438881 73.596225 17.847032
v 132.001381 73.596225 17.847032
v 132.001381 72.033725 17.847032
v 132.001381 70.471225 17.847032
v 133.563881 70.471225 17.847032
v 135.126381 70.471225 17.847032
v 135.126381 67.346225 17.847032
v 135.126381 64.221225 17.847032
v 132.001381 64.221225 17.847032
v 128.876381 64.221225 17.847032
v 128.876381 65.783725 17.847032
v 128.876381 67.346225 17.847032
v 127.313881 67.346225 17.847032
v 125.751381 67.346225 17.847032
v 125.751381 68.908725 17.847032
v 125.751381 70.471225 17.847032
v 124.188881 70.471225 17.847032
v 122.626381 70.471225 17.847032
v 122.626381 68.908725 17.847032
v 122.626381 67.346225 17.847032
v 121.063881 67.346225 17.847032
v 119.501381 67.346225 17.847032
v 119.501381 65.783725 17.847032
v 119.501381 64.221225 17.847032
v 116.376381 64.221225 17.847032
v 113.251381 64.221225 17.847032
v 113.251381 67.346225 17.847032
v 113.251381 70.471225 17.847032
v 114.813881 70.471225 17.847032
v 116.376381 70.471225 17.847032
v 116.376381 72.033725 17.847032
v 116.376381 73.596225 17.847032
v 117.938881 73.596225 17.847032
v 119.501381 73.596225 17.847032
v 119.501381 75.158725 17.847032
v 119.501381 76.721225 17.847032
v 117.938881 76.721225 17.847032
v 116.376381 76.721225 17.847032
v 116.376381 78.283725 17.847032
v 116.376381 79.846225 17.847032
v 114.813881 79.846225 17.847032
v 113.251381 79.846225 17.847032
v 113.251381 82.971225 15.847032
v 113.251381 86.096225 15.847032
v 116.376381 86.096225 15.847032
v 119.501381 86.096225 15.847032
v 119.501381 84.533725 15.847032
v 119.501381 82.971225 15.847032
v 121.063881 82.971225 15.847032
v 122.626381 82.971225 15.847032
v 122.626381 81.408725 15.847032
v 122.626381 79.846225 15.847032
v 124.188881 79.846225 15.847032
v 125.751381 79.846225 15.847032
v 125.751381 81.408725 15.847032
v 125.751381 82.971225 15.847032
v 127.313881 82.971225 15.847032
v 128.876381 82.971225 15.847032
v 128.876381 84.533725 15.847032
v 128.876381 86.096225 15.847032
v 132.001381 86.096225 15.847032
v 135.126381 86.096225 15.847032
v 135.126381 82.971225 15.847032
v 135.126381 79.846225 15.847032
v 133.563881 79.846225 15.847032
v 132.001381 79.846225 15.847032
v 132.001381 78.283725 15.847032
v 132.001381 76.721225 15.847032
v 130.438881 76.721225 15.847032
v 128.876381 76.721225 15.847032
v 128.876381 75.158725 15.847032
v 128.876381 73.596225 15.847032
v 130.438881 73.596225 15.847032
v 132.001381 73.596225 15.847032
v 132.001381 72.033725 15.847032
v 132.001381 70.471225 15.847032
v 133.563881 70.471225 15.847032
v 135.126381 70.471225 15.847032
v 135.126381 67.346225 15.847032
v 135.126381 64.221225 15.847032
v 132.001381 64.221225 15.847032
v 128.876381 64.221225 15.847032
v 128.876381 65.783725 15.847032
v 128.876381 67.346225 15.847032
v 127.313881 67.346225 15.847032
v 125.751381 67.346225 15.847032
v 125.751381 68.908725 15.847032
v 125.751381 70.471225 15.847032
v 124.188881 70.471225 15.847032
v 122.626381 70.471225 15.847032
v 122.626381 68.908725 15.847032
v 122.626381 67.346225 15.847032
v 121.063881 67.346225 15.847032
v 119.501381 67.346225 15.847032
v 119.501381 65.783725 15.847032
v 119.501381 64.221225 15.847032
v 116.376381 64.221225 15.847032
v 113.251381 64.221225 15.847032
v 113.251381 67.346225 15.847032
v 113.251381 70.471225 15.847032
v 114.813881 70.471225 15.847032
v 116.376381 70.471225 15.847032
v 116.376381 72.033725 15.847032
v 116.376381 73.596225 15.847032
v 117.938881 73.596225 15.847032
v 119.501381 73.596225 15.847032
v 119.501381 75.158725 15.847032
v 119.501381 76.721225 15.847032
v 117.938881 76.721225 15.847032
v 116.376381 76.721225 15.847032
v 116.376381 78.283725 15.847032
v 116.376381 79.846225 15.847032
v 114.813881 79.846225 15.847032
v 113.251381 79.846225 15.847032
v 113.251381 82.971225 17.847032
v 113.251381 86.096225 17.847032
v 116.376381 86.096225 17.847032
v 119.501381 86.096225 17.847032
v 119.501381 84.533725 17.847032
v 119.501381 82.971225 17.847032
v 121.063881 82.971225 17.847032
v 122.626381 82.971225 17.847032
v 122.626381 81.408725 17.847032
v 122.626381 79.846225 17.847032
v 124.188881 79.846225 17.847032
v 125.751381 79.846225 17.847032
v 125.751381 81.408725 17.847032
v 125.751381 82.971225 17.847032
v 127.313881 82.971225 17.847032
v 128.876381 82.971225 17.847032
v 128.876381 84.533725 17.847032
v 128.876381 86.096225 17.847032
v 132.001381 86.096225 17.847032
v 135.126381 86.096225 17.847032
v 135.126381 82.971225 17.847032
v 135.126381 79.846225 17.847032
v 133.563881 79.846225 17.847032
v 132.001381 79.846225 17.847032
v 132.001381 78.283725 17.847032
v 132.001381 76.721225 17.847032
v 130.438881 76.721225 17.847032
v 128.876381 76.721225 17.847032
v 128.876381 75.158725 17.847032
v 128.876381 73.596225 17.847032
v 130.438881 73.596225 17.847032
v 132.001381 73.596225 17.847032
v 132.001381 72.033725 17.847032
v 132.001381 70.471225 17.847032
v 133.563881 70.471225 17.847032
v 135.126381 70.471225 17.847032
v 135.126381 67.346225 17.847032
v 135.126381 64.221225 17.847032
v 132.001381 64.221225 17.847032
v 128.876381 64.221225 17.847032
v 128.876381 65.783725 17.847032
v 128.876381 67.346225 17.847032
v 127.313881 67.346225 17.847032
v 125.751381 67.346225 17.847032
v 125.751381 68.908725 17.847032
v 125.751381 70.471225 17.847032
v 124.188881 70.471225 17.847032
v 122.626381 70.471225 17.847032
v 122.626381 68.908725 17.847032
v 122.626381 67.346225 17.847032
v 121.063881 67.346225 17.847032
v 119.501381 67.346225 17.847032
v 119.501381 65.783725 17.847032
v 119.501381 64.221225 17.847032
v 116.376381 64.221225 17.847032
v 113.251381 64.221225 17.847032
v 113.251381 67.346225 17.847032
v 113.251381 70.471225 17.847032
v 114.813881 70.471225 17.847032
v 116.376381 70.471225 17.847032
v 116.376381 72.033725 17.847032
v 116.376381 73.596225 17.847032
v 117.938881 73.596225 17.847032
v 119.501381 73.596225 17.847032
v 119.501381 75.158725 17.847032
v 119.501381 76.721225 17.847032
v 117.938881 76.721225 17.847032
v 116.376381 76.721225 17.847032
v 116.376381 78.283725 17.847032
v 116.376381 79.846225 17.847032
v 114.813881 79.846225 17.847032
v 113.251381 79.846225 17.847032
# 216 vertices

vn 0.000000 0.000000 1.000000
# 1 normal

vt 0.284505 0.257660 0.000000
vt 0.283426 0.260863 0.000000
vt 0.287058 0.262773 0.000000
vt 0.289787 0.261207 0.000000
vt 0.287799 0.267266 0.000000
vt 0.291197 0.267071 0.000000
vt 0.287442 0.271539 0.000000
vt 0.290052 0.273053 0.000000
vt 0.285662 0.273080 0.000000
vt 0.287970 0.275154 0.000000
vt 0.283394 0.274982 0.000000
vt 0.286465 0.276846 0.000000
vt 0.282346 0.277612 0.000000
vt 0.285541 0.279140 0.000000
vt 0.281744 0.279760 0.000000
vt 0.284042 0.281751 0.000000
vt 0.279773 0.281354 0.000000
vt 0.281849 0.283452 0.000000
vt 0.277479 0.283527 0.000000
vt 0.280502 0.284891 0.000000
vt 0.277077 0.286820 0.000000
vt 0.280178 0.286836 0.000000
vt 0.277775 0.290200 0.000000
vt 0.280803 0.288484 0.000000
vt 0.279939 0.292345 0.000000
vt 0.282534 0.289997 0.000000
vt 0.281828 0.293684 0.000000
vt 0.284529 0.292185 0.000000
vt 0.282684 0.296063 0.000000
vt 0.285540 0.294788 0.000000
vt 0.283722 0.298914 0.000000
vt 0.286621 0.296691 0.000000
vt 0.285796 0.300599 0.000000
vt 0.288571 0.298506 0.000000
vt 0.287247 0.302034 0.000000
vt 0.290419 0.301182 0.000000
vt 0.287283 0.306522 0.000000
vt 0.290578 0.307236 0.000000
vt 0.285747 0.310263 0.000000
vt 0.287579 0.312805 0.000000
vt 0.281306 0.311380 0.000000
vt 0.281861 0.314736 0.000000
vt 0.276951 0.311422 0.000000
vt 0.275756 0.314225 0.000000
vt 0.275235 0.309795 0.000000
vt 0.273390 0.312347 0.000000
vt 0.273143 0.307726 0.000000
vt 0.271480 0.310922 0.000000
vt 0.270539 0.306780 0.000000
vt 0.269072 0.309981 0.000000
vt 0.268418 0.306148 0.000000
vt 0.266421 0.308424 0.000000
vt 0.266842 0.304122 0.000000
vt 0.264721 0.306168 0.000000
vt 0.264694 0.301763 0.000000
vt 0.263277 0.304747 0.000000
vt 0.261398 0.301253 0.000000
vt 0.261324 0.304338 0.000000
vt 0.257978 0.301860 0.000000
vt 0.259676 0.304892 0.000000
vt 0.255809 0.304003 0.000000
vt 0.258173 0.306581 0.000000
vt 0.254468 0.305874 0.000000
vt 0.256001 0.308557 0.000000
vt 0.252083 0.306729 0.000000
vt 0.253402 0.309565 0.000000
vt 0.249232 0.307777 0.000000
vt 0.251507 0.310636 0.000000
vt 0.247570 0.309847 0.000000
vt 0.249717 0.312580 0.000000
vt 0.246149 0.311289 0.000000
vt 0.247064 0.314443 0.000000
vt 0.241634 0.311336 0.000000
vt 0.240983 0.314644 0.000000
vt 0.237838 0.309798 0.000000
vt 0.235328 0.311668 0.000000
vt 0.236632 0.305297 0.000000
vt 0.233285 0.305898 0.000000
vt 0.236502 0.300868 0.000000
vt 0.233684 0.299708 0.000000
vt 0.238092 0.299093 0.000000
vt 0.235517 0.297280 0.000000
vt 0.240120 0.296935 0.000000
vt 0.236902 0.295312 0.000000
vt 0.241017 0.294284 0.000000
vt 0.237800 0.292853 0.000000
vt 0.241612 0.292119 0.000000
vt 0.239315 0.290145 0.000000
vt 0.243608 0.290484 0.000000
vt 0.241538 0.288384 0.000000
vt 0.245932 0.288268 0.000000
vt 0.242924 0.286886 0.000000
vt 0.246393 0.284930 0.000000
vt 0.243295 0.284885 0.000000
vt 0.245754 0.281489 0.000000
vt 0.242711 0.283178 0.000000
vt 0.243633 0.279271 0.000000
vt 0.241018 0.281596 0.000000
vt 0.241780 0.277861 0.000000
vt 0.239066 0.279339 0.000000
vt 0.240966 0.275421 0.000000
vt 0.238100 0.276675 0.000000
vt 0.239973 0.272509 0.000000
vt 0.237057 0.274710 0.000000
vt 0.237938 0.270754 0.000000
vt 0.235146 0.272824 0.000000
vt 0.236523 0.269253 0.000000
vt 0.233344 0.270079 0.000000
vt 0.236574 0.264658 0.000000
vt 0.233285 0.263916 0.000000
vt 0.238190 0.260822 0.000000
vt 0.236380 0.258265 0.000000
vt 0.242689 0.259634 0.000000
vt 0.242163 0.256275 0.000000
vt 0.247094 0.259523 0.000000
vt 0.248313 0.256730 0.000000
vt 0.248820 0.261110 0.000000
vt 0.250688 0.258574 0.000000
vt 0.250919 0.263144 0.000000
vt 0.252610 0.259962 0.000000
vt 0.253539 0.264058 0.000000
vt 0.255034 0.260870 0.000000
vt 0.255679 0.264656 0.000000
vt 0.257696 0.262397 0.000000
vt 0.257261 0.266642 0.000000
vt 0.259401 0.264613 0.000000
vt 0.259415 0.268967 0.000000
vt 0.260858 0.265990 0.000000
vt 0.262728 0.269454 0.000000
vt 0.262835 0.266359 0.000000
vt 0.266167 0.268842 0.000000
vt 0.264535 0.265768 0.000000
vt 0.268399 0.266717 0.000000
vt 0.266129 0.264056 0.000000
vt 0.269816 0.264862 0.000000
vt 0.268419 0.262089 0.000000
vt 0.272225 0.264129 0.000000
vt 0.271145 0.261143 0.000000
vt 0.275091 0.263387 0.000000
vt 0.273337 0.260225 0.000000
vt 0.277222 0.261691 0.000000
vt 0.275496 0.258619 0.000000
vt 0.278876 0.260405 0.000000
vt 0.278414 0.257138 0.000000
vt 0.196318 0.433538 0.000000
vt 0.193747 0.433538 0.000000
vt 0.201459 0.441249 0.000000
vt 0.201459 0.438679 0.000000
vt 0.186035 0.438679 0.000000
vt 0.186035 0.441249 0.000000
vt 0.191177 0.433538 0.000000
vt 0.180894 0.446391 0.000000
vt 0.180894 0.448961 0.000000
vt 0.186035 0.443820 0.000000
vt 0.183465 0.443820 0.000000
vt 0.201459 0.443820 0.000000
vt 0.186035 0.454102 0.000000
vt 0.188606 0.454102 0.000000
vt 0.206600 0.423256 0.000000
vt 0.201459 0.428397 0.000000
vt 0.206600 0.433538 0.000000
vt 0.209170 0.433538 0.000000
vt 0.175753 0.428397 0.000000
vt 0.180894 0.433538 0.000000
vt 0.186035 0.428397 0.000000
vt 0.186035 0.425826 0.000000
vt 0.206600 0.448961 0.000000
vt 0.201459 0.454102 0.000000
vt 0.206600 0.459243 0.000000
vt 0.209170 0.448961 0.000000
vt 0.180894 0.459243 0.000000
vt 0.178324 0.448961 0.000000
vt 0.188606 0.428397 0.000000
vt 0.183465 0.438679 0.000000
vt 0.198888 0.454102 0.000000
vt 0.204029 0.443820 0.000000
vt 0.206600 0.436108 0.000000
vt 0.196318 0.430967 0.000000
vt 0.193747 0.448961 0.000000
vt 0.191177 0.448961 0.000000
vt 0.211741 0.428397 0.000000
vt 0.211741 0.423256 0.000000
vt 0.180894 0.423256 0.000000
vt 0.175753 0.423256 0.000000
vt 0.211741 0.454102 0.000000
vt 0.211741 0.459243 0.000000
vt 0.175753 0.454102 0.000000
vt 0.175753 0.459243 0.000000
vt 0.204029 0.438679 0.000000
vt 0.180894 0.436108 0.000000
vt 0.198888 0.428397 0.000000
vt 0.191177 0.451532 0.000000
vt 0.196318 0.448961 0.000000
vt 0.196318 0.451532 0.000000
vt 0.191177 0.430967 0.000000
vt 0.206600 0.446391 0.000000
vt 0.196318 0.428397 0.000000
vt 0.000000 1.000000 0.000000
vt 0.180894 0.438679 0.000000
vt 0.206600 0.443820 0.000000
vt 0.196318 0.454102 0.000000
vt 0.191177 0.428397 0.000000
vt 0.191177 0.454102 0.000000
vt 0.180894 0.443820 0.000000
vt 0.206600 0.438679 0.000000
vt 0.211741 0.448961 0.000000
vt 0.201459 0.456673 0.000000
vt 0.201459 0.459243 0.000000
vt 0.186035 0.459243 0.000000
vt 0.186035 0.456673 0.000000
vt 0.175753 0.448961 0.000000
vt 0.175753 0.433538 0.000000
vt 0.178324 0.433538 0.000000
vt 0.186035 0.423256 0.000000
vt 0.201459 0.423256 0.000000
vt 0.201459 0.425826 0.000000
vt 0.211741 0.433538 0.000000
# 217 texture coordinates

o X
usemtl TASK FAILED
f 35/69/3 107/68/3 106/67/3 34/66/3
f 36/71/4 108/70/4 107/68/4 35/69/4
f 37/73/4 109/72/4 108/70/4 36/71/4
f 38/75/2 110/74/2 109/72/2 37/73/2
f 39/77/2 111/76/2 110/74/2 38/75/2
f 40/79/4 112/78/4 111/76/4 39/77/4
f 41/81/4 113/80/4 112/78/4 40/79/4
f 42/83/2 114/82/2 113/80/2 41/81/2
f 43/85/2 115/84/2 114/82/2 42/83/2
f 44/87/4 116/86/4 115/84/4 43/85/4
f 45/89/4 117/88/4 116/86/4 44/87/4
f 46/91/3 118/90/3 117/88/3 45/89/3
f 47/93/3 119/92/3 118/90/3 46/91/3
f 48/95/4 120/94/4 119/92/4 47/93/4
f 49/97/4 121/96/4 120/94/4 48/95/4
f 50/99/3 122/98/3 121/96/3 49/97/3
f 51/101/3 123/100/3 122/98/3 50/99/3
f 52/103/4 124/102/4 123/100/4 51/101/4
f 53/105/4 125/104/4 124/102/4 52/103/4
f 54/107/2 126/106/2 125/104/2 53/105/2
f 55/109/2 127/108/2 126/106/2 54/107/2
f 56/111/5 128/110/5 127/108/5 55/109/5
f 57/113/5 129/112/5 128/110/5 56/111/5
f 58/115/2 130/114/2 129/112/2 57/113/2
f 59/117/2 131/116/2 130/114/2 58/115/2
f 60/119/5 132/118/5 131/116/5 59/117/5
f 61/121/5 133/120/5 132/118/5 60/119/5
f 62/123/2 134/122/2 133/120/2 61/121/2
f 63/125/2 135/124/2 134/122/2 62/123/2
f 64/127/4 136/126/4 135/124/4 63/125/4
f 65/129/4 137/128/4 136/126/4 64/127/4
f 66/131/2 138/130/2 137/128/2 65/129/2
f 67/133/2 139/132/2 138/130/2 66/131/2
f 68/135/4 140/134/4 139/132/4 67/133/4
f 69/137/4 141/136/4 140/134/4 68/135/4
f 70/139/2 142/138/2 141/136/2 69/137/2
f 71/141/2 143/140/2 142/138/2 70/139/2
f 72/143/5 144/142/5 143/140/5 71/141/5
f 73/145/5 145/144/5 144/142/5 72/143/5
f 74/147/3 146/146/3 145/144/3 73/145/3
f 75/149/3 147/148/3 146/146/3 74/147/3
f 76/151/5 148/150/5 147/148/5 75/149/5
f 77/153/5 149/152/5 148/150/5 76/151/5
f 78/155/3 150/154/3 149/152/3 77/153/3
f 79/157/3 151/156/3 150/154/3 78/155/3
f 80/159/5 152/158/5 151/156/5 79/157/5
f 81/161/5 153/160/5 152/158/5 80/159/5
f 82/163/2 154/162/2 153/160/2 81/161/2
f 83/165/2 155/164/2 154/162/2 82/163/2
f 84/167/5 156/166/5 155/164/5 83/165/5
f 85/169/5 157/168/5 156/166/5 84/167/5
f 86/171/2 158/170/2 157/168/2 85/169/2
f 87/173/2 159/172/2 158/170/2 86/171/2
f 88/175/5 160/174/5 159/172/5 87/173/5
f 89/177/5 161/176/5 160/174/5 88/175/5
f 90/179/3 162/178/3 161/176/3 89/177/3
f 91/181/3 163/180/3 162/178/3 90/179/3
f 92/183/4 164/182/4 163/180/4 91/181/4
f 93/185/4 165/184/4 164/182/4 92/183/4
f 94/187/3 166/186/3 165/184/3 93/185/3
f 95/189/3 167/188/3 166/186/3 94/187/3
f 96/191/4 168/190/4 167/188/4 95/189/4
f 97/193/4 169/192/4 168/190/4 96/191/4
f 98/195/3 170/194/3 169/192/3 97/193/3
f 99/197/3 171/196/3 170/194/3 98/195/3
f 100/199/5 172/198/5 171/196/5 99/197/5
f 101/201/5 173/200/5 172/198/5 100/199/5
f 102/203/3 174/202/3 173/200/3 101/201/3
f 103/205/3 175/204/3 174/202/3 102/203/3
f 104/207/5 176/206/5 175/204/5 103/205/5
f 105/209/5 177/208/5 176/206/5 104/207/5
f 34/66/3 106/67/3 177/208/3 105/209/3
f 243/213/1 242/212/1 188/211/1 187/210/1
f 189/216/1 188/211/1 206/215/1 205/214/1
f 208/220/1 207/219/1 211/218/1 210/217/1
f 242/212/1 241/221/1 207/219/1 206/215/1
f 211/218/1 207/219/1 220/223/1 219/222/1
f 248/227/1 247/226/1 183/225/1 180/224/1
f 194/231/1 193/230/1 201/229/1 198/228/1
f 236/235/1 232/234/1 229/233/1 237/232/1
f 212/237/1 211/218/1 219/222/1 216/236/1
f 204/239/1 193/230/1 192/238/1 205/214/1
f 240/241/1 229/233/1 228/240/1 241/221/1
f 186/243/1 247/226/1 246/242/1 187/210/1
f 223/245/1 207/219/1 241/221/1 224/244/1
f 179/247/1 178/246/1 248/227/1 180/224/1
f 197/249/1 196/248/1 194/231/1 198/228/1
f 233/251/1 232/234/1 236/235/1 234/250/1
f 215/253/1 214/252/1 212/237/1 216/236/1
f 244/254/1 243/213/1 187/210/1 246/242/1
f 202/255/1 201/229/1 193/230/1 204/239/1
f 184/256/1 183/225/1 247/226/1 186/243/1
f 222/257/1 220/223/1 207/219/1 223/245/1
f 226/259/1 225/258/1 241/221/1 228/240/1
f 190/260/1 189/216/1 205/214/1 192/238/1
f 238/261/1 237/232/1 229/233/1 240/241/1
f 186/243/1 185/262/1 184/256/1
f 204/239/1 203/264/6 202/255/1
f 240/241/1 239/265/1 238/261/1
f 228/240/1 227/266/6 226/259/1
f 192/238/1 191/267/1 190/260/1
f 222/257/1 221/268/1 220/223/1
f 210/217/1 209/269/1 208/220/1
f 246/242/1 245/270/1 244/254/1
f 236/235/1 235/271/1 234/250/1
f 232/234/1 231/273/6 230/272/1
f 218/275/1 217/274/1 216/236/1
f 214/252/1 213/276/1 212/237/1
f 200/278/1 199/277/6 198/228/1
f 196/248/1 195/279/1 194/231/1
f 182/281/1 181/280/1 180/224/1
f 178/246/1 249/282/1 248/227/1
f 219/222/1 218/275/1 216/236/1
f 232/234/1 230/272/1 229/233/1
f 183/225/1 182/281/1 180/224/1
f 201/229/1 200/278/1 198/228/1
f 206/215/1 188/211/1 242/212/1
f 225/258/1 224/244/1 241/221/1

v 103.936466 55.210091 16.321491
v 103.936466 95.210091 16.321491
v 143.936466 55.210091 16.321491
v 143.936466 95.210091 16.321491
v 143.936466 55.210091 11.321491
v 143.936466 95.210091 11.321491
v 103.936466 55.210091 11.321491
v 103.936466 95.210091 11.321491
v 123.936466 55.210091 16.321491
v 123.936466 55.210091 11.321491
v 123.936466 95.210091 11.321491
v 123.936466 95.210091 16.321491
v 103.936466 75.210091 11.321491
v 103.936466 75.210091 16.321491
v 143.936466 75.210091 11.321491
v 143.936466 75.210091 16.321491
v 123.936466 75.210091 16.321491
# 17 vertices

# 0 normal

vt 0.184028 0.339991 0.000000
vt 0.184028 0.307088 0.000000
vt 0.151125 0.307088 0.000000
vt 0.151125 0.339991 0.000000
vt 0.979831 0.253907 0.000000
vt 0.979831 0.221004 0.000000
vt 0.971605 0.221004 0.000000
vt 0.971605 0.253907 0.000000
vt 0.979831 0.311077 0.000000
vt 0.979831 0.278174 0.000000
vt 0.971605 0.278174 0.000000
vt 0.971605 0.311077 0.000000
vt 0.979831 0.343981 0.000000
vt 0.971605 0.343981 0.000000
vt 0.979831 0.098027 0.000000
vt 0.971605 0.098027 0.000000
vt 0.971605 0.130930 0.000000
vt 0.979831 0.130930 0.000000
vt 0.979831 0.007953 0.000000
vt 0.971605 0.007953 0.000000
vt 0.971605 0.040856 0.000000
vt 0.979831 0.040856 0.000000
vt 0.971605 0.073759 0.000000
vt 0.979831 0.073759 0.000000
vt 0.184028 0.274185 0.000000
vt 0.151125 0.274185 0.000000
vt 0.971605 0.163833 0.000000
vt 0.979831 0.163833 0.000000
vt 0.118222 0.274185 0.000000
vt 0.118222 0.307088 0.000000
vt 0.118222 0.339991 0.000000
vt 0.979831 0.188101 0.000000
vt 0.971605 0.188101 0.000000
# 33 texture coordinates

o BUTTON_1
usemtl TASK FAILED
f 258/286/1 266/285/1 263/284/1 250/283/1
f 254/290/2 264/289/2 265/288/2 252/287/2
f 263/294/3 251/293/3 257/292/3 262/291/3
f 250/296/3 263/294/3 262/291/3 256/295/3
f 261/300/4 260/299/4 257/298/4 251/297/4
f 259/304/5 258/303/5 250/302/5 256/301/5
f 259/304/5 254/306/5 252/305/5 258/303/5
f 266/285/1 261/308/1 251/307/1 263/284/1
f 261/300/4 253/310/4 255/309/4 260/299/4
f 266/285/1 265/312/1 253/311/1 261/308/1
f 266/285/1 258/286/1 252/313/1 265/312/1
f 264/289/2 255/315/2 253/314/2 265/288/2

v -137.642122 82.131938 13.262560
v -137.642122 83.256938 13.262560
v -133.142122 83.256938 13.262560
v -128.642122 83.256938 13.262560
v -128.642122 82.131938 13.262560
v -128.642122 81.006938 13.262560
v -127.517122 81.006938 13.262560
v -126.392122 81.006938 13.262560
v -126.392122 79.881938 13.262560
v -126.392122 78.756938 13.262560
v -128.642122 78.756938 13.262560
v -130.892122 78.756938 13.262560
v -130.892122 79.881938 13.262560
v -130.892122 81.006938 13.262560
v -133.142122 81.006938 13.262560
v -135.392122 81.006938 13.262560
v -135.392122 78.756938 13.262560
v -135.392122 76.506938 13.262560
v -130.892122 76.506938 13.262560
v -126.392122 76.506938 13.262560
v -126.392122 75.381938 13.262560
v -126.392122 74.256938 13.262560
v -125.267122 74.256938 13.262560
v -124.142122 74.256938 13.262560
v -124.142122 72.006938 13.262560
v -124.142122 69.756938 13.262560
v -125.267122 69.756938 13.262560
v -126.392122 69.756938 13.262560
v -126.392122 68.631938 13.262560
v -126.392122 67.506938 13.262560
v -132.017122 67.506938 13.262560
v -137.642122 67.506938 13.262560
v -137.642122 68.631938 13.262560
v -137.642122 69.756938 13.262560
v -138.767122 69.756938 13.262560
v -139.892122 69.756938 13.262560
v -139.892122 70.881938 13.262560
v -139.892122 72.006938 13.262560
v -137.642122 72.006938 13.262560
v -135.392122 72.006938 13.262560
v -135.392122 70.881938 13.262560
v -135.392122 69.756938 13.262560
v -132.017122 69.756938 13.262560
v -128.642122 69.756938 13.262560
v -128.642122 72.006938 13.262560
v -128.642122 74.256938 13.262560
v -133.142122 74.256938 13.262560
v -137.642122 74.256938 13.262560
v -137.642122 75.381938 13.262560
v -137.642122 76.506938 13.262560
v -138.767122 76.506938 13.262560
v -139.892122 76.506938 13.262560
v -139.892122 78.756938 13.262560
v -139.892122 81.006938 13.262560
v -138.767122 81.006938 13.262560
v -137.642122 81.006938 13.262560
v -137.642122 82.131938 11.759360
v -137.642122 83.256938 11.759360
v -133.142122 83.256938 11.759360
v -128.642122 83.256938 11.759360
v -128.642122 82.131938 11.759360
v -128.642122 81.006938 11.759360
v -127.517122 81.006938 11.759360
v -126.392122 81.006938 11.759360
v -126.392122 79.881938 11.759360
v -126.392122 78.756938 11.759360
v -128.642122 78.756938 11.759360
v -130.892122 78.756938 11.759360
v -130.892122 79.881938 11.759360
v -130.892122 81.006938 11.759360
v -133.142122 81.006938 11.759360
v -135.392122 81.006938 11.759360
v -135.392122 78.756938 11.759360
v -135.392122 76.506938 11.759360
v -130.892122 76.506938 11.759360
v -126.392122 76.506938 11.759360
v -126.392122 75.381938 11.759360
v -126.392122 74.256938 11.759360
v -125.267122 74.256938 11.759360
v -124.142122 74.256938 11.759360
v -124.142122 72.006938 11.759360
v -124.142122 69.756938 11.759360
v -125.267122 69.756938 11.759360
v -126.392122 69.756938 11.759360
v -126.392122 68.631938 11.759360
v -126.392122 67.506938 11.759360
v -132.017122 67.506938 11.759360
v -137.642122 67.506938 11.759360
v -137.642122 68.631938 11.759360
v -137.642122 69.756938 11.759360
v -138.767122 69.756938 11.759360
v -139.892122 69.756938 11.759360
v -139.892122 70.881938 11.759360
v -139.892122 72.006938 11.759360
v -137.642122 72.006938 11.759360
v -135.392122 72.006938 11.759360
v -135.392122 70.881938 11.759360
v -135.392122 69.756938 11.759360
v -132.017122 69.756938 11.759360
v -128.642122 69.756938 11.759360
v -128.642122 72.006938 11.759360
v -128.642122 74.256938 11.759360
v -133.142122 74.256938 11.759360
v -137.642122 74.256938 11.759360
v -137.642122 75.381938 11.759360
v -137.642122 76.506938 11.759360
v -138.767122 76.506938 11.759360
v -139.892122 76.506938 11.759360
v -139.892122 78.756938 11.759360
v -139.892122 81.006938 11.759360
v -138.767122 81.006938 11.759360
v -137.642122 81.006938 11.759360
v -119.642122 79.881938 13.262560
v -119.642122 83.256938 13.262560
v -117.392122 83.256938 13.262560
v -115.142122 83.256938 13.262560
v -115.142122 79.881938 13.262560
v -115.142122 76.506938 13.262560
v -112.892122 76.506938 13.262560
v -110.642122 76.506938 13.262560
v -110.642122 79.881938 13.262560
v -110.642122 83.256938 13.262560
v -108.392122 83.256938 13.262560
v -106.142122 83.256938 13.262560
v -106.142122 79.881938 13.262560
v -106.142122 76.506938 13.262560
v -107.267122 76.506938 13.262560
v -108.392122 76.506938 13.262560
v -108.392122 75.381938 13.262560
v -108.392122 74.256938 13.262560
v -109.517122 74.256938 13.262560
v -110.642122 74.256938 13.262560
v -110.642122 70.881938 13.262560
v -110.642122 67.506938 13.262560
v -112.892122 67.506938 13.262560
v -115.142122 67.506938 13.262560
v -115.142122 70.881938 13.262560
v -115.142122 74.256938 13.262560
v -116.267122 74.256938 13.262560
v -117.392122 74.256938 13.262560
v -117.392122 75.381938 13.262560
v -117.392122 76.506938 13.262560
v -118.517122 76.506938 13.262560
v -119.642122 76.506938 13.262560
v -119.642122 79.881938 11.759360
v -119.642122 83.256938 11.759360
v -117.392122 83.256938 11.759360
v -115.142122 83.256938 11.759360
v -115.142122 79.881938 11.759360
v -115.142122 76.506938 11.759360
v -112.892122 76.506938 11.759360
v -110.642122 76.506938 11.759360
v -110.642122 79.881938 11.759360
v -110.642122 83.256938 11.759360
v -108.392122 83.256938 11.759360
v -106.142122 83.256938 11.759360
v -106.142122 79.881938 11.759360
v -106.142122 76.506938 11.759360
v -107.267122 76.506938 11.759360
v -108.392122 76.506938 11.759360
v -108.392122 75.381938 11.759360
v -108.392122 74.256938 11.759360
v -109.517122 74.256938 11.759360
v -110.642122 74.256938 11.759360
v -110.642122 70.881938 11.759360
v -110.642122 67.506938 11.759360
v -112.892122 67.506938 11.759360
v -115.142122 67.506938 11.759360
v -115.142122 70.881938 11.759360
v -115.142122 74.256938 11.759360
v -116.267122 74.256938 11.759360
v -117.392122 74.256938 11.759360
v -117.392122 75.381938 11.759360
v -117.392122 76.506938 11.759360
v -118.517122 76.506938 11.759360
v -119.642122 76.506938 11.759360
v -101.642122 82.131938 13.262560
v -101.642122 83.256938 13.262560
v -97.142122 83.256938 13.262560
v -92.642122 83.256938 13.262560
v -92.642122 82.131938 13.262560
v -92.642122 81.006938 13.262560
v -91.517122 81.006938 13.262560
v -90.392122 81.006938 13.262560
v -90.392122 79.881938 13.262560
v -90.392122 78.756938 13.262560
v -92.642122 78.756938 13.262560
v -94.892122 78.756938 13.262560
v -94.892122 79.881938 13.262560
v -94.892122 81.006938 13.262560
v -97.142122 81.006938 13.262560
v -99.392122 81.006938 13.262560
v -99.392122 78.756938 13.262560
v -99.392122 76.506938 13.262560
v -94.892122 76.506938 13.262560
v -90.392122 76.506938 13.262560
v -90.392122 75.381938 13.262560
v -90.392122 74.256938 13.262560
v -89.267122 74.256938 13.262560
v -88.142122 74.256938 13.262560
v -88.142122 72.006938 13.262560
v -88.142122 69.756938 13.262560
v -89.267122 69.756938 13.262560
v -90.392122 69.756938 13.262560
v -90.392122 68.631938 13.262560
v -90.392122 67.506938 13.262560
v -96.017122 67.506938 13.262560
v -101.642122 67.506938 13.262560
v -101.642122 68.631938 13.262560
v -101.642122 69.756938 13.262560
v -102.767122 69.756938 13.262560
v -103.892122 69.756938 13.262560
v -103.892122 70.881938 13.262560
v -103.892122 72.006938 13.262560
v -101.642122 72.006938 13.262560
v -99.392122 72.006938 13.262560
v -99.392122 70.881938 13.262560
v -99.392122 69.756938 13.262560
v -96.017122 69.756938 13.262560
v -92.642122 69.756938 13.262560
v -92.642122 72.006938 13.262560
v -92.642122 74.256938 13.262560
v -97.142122 74.256938 13.262560
v -101.642122 74.256938 13.262560
v -101.642122 75.381938 13.262560
v -101.642122 76.506938 13.262560
v -102.767122 76.506938 13.262560
v -103.892122 76.506938 13.262560
v -103.892122 78.756938 13.262560
v -103.892122 81.006938 13.262560
v -102.767122 81.006938 13.262560
v -101.642122 81.006938 13.262560
v -101.642122 82.131938 11.759360
v -101.642122 83.256938 11.759360
v -97.142122 83.256938 11.759360
v -92.642122 83.256938 11.759360
v -92.642122 82.131938 11.759360
v -92.642122 81.006938 11.759360
v -91.517122 81.006938 11.759360
v -90.392122 81.006938 11.759360
v -90.392122 79.881938 11.759360
v -90.392122 78.756938 11.759360
v -92.642122 78.756938 11.759360
v -94.892122 78.756938 11.759360
v -94.892122 79.881938 11.759360
v -94.892122 81.006938 11.759360
v -97.142122 81.006938 11.759360
v -99.392122 81.006938 11.759360
v -99.392122 78.756938 11.759360
v -99.392122 76.506938 11.759360
v -94.892122 76.506938 11.759360
v -90.392122 76.506938 11.759360
v -90.392122 75.381938 11.759360
v -90.392122 74.256938 11.759360
v -89.267122 74.256938 11.759360
v -88.142122 74.256938 11.759360
v -88.142122 72.006938 11.759360
v -88.142122 69.756938 11.759360
v -89.267122 69.756938 11.759360
v -90.392122 69.756938 11.759360
v -90.392122 68.631938 11.759360
v -90.392122 67.506938 11.759360
v -96.017122 67.506938 11.759360
v -101.642122 67.506938 11.759360
v -101.642122 68.631938 11.759360
v -101.642122 69.756938 11.759360
v -102.767122 69.756938 11.759360
v -103.892122 69.756938 11.759360
v -103.892122 70.881938 11.759360
v -103.892122 72.006938 11.759360
v -101.642122 72.006938 11.759360
v -99.392122 72.006938 11.759360
v -99.392122 70.881938 11.759360
v -99.392122 69.756938 11.759360
v -96.017122 69.756938 11.759360
v -92.642122 69.756938 11.759360
v -92.642122 72.006938 11.759360
v -92.642122 74.256938 11.759360
v -97.142122 74.256938 11.759360
v -101.642122 74.256938 11.759360
v -101.642122 75.381938 11.759360
v -101.642122 76.506938 11.759360
v -102.767122 76.506938 11.759360
v -103.892122 76.506938 11.759360
v -103.892122 78.756938 11.759360
v -103.892122 81.006938 11.759360
v -102.767122 81.006938 11.759360
v -101.642122 81.006938 11.759360
v -83.642122 82.131938 13.262560
v -83.642122 83.256938 13.262560
v -76.892122 83.256938 13.262560
v -70.142122 83.256938 13.262560
v -70.142122 82.131938 13.262560
v -70.142122 81.006938 13.262560
v -72.392122 81.006938 13.262560
v -74.642122 81.006938 13.262560
v -74.642122 74.256938 13.262560
v -74.642122 67.506938 13.262560
v -76.892122 67.506938 13.262560
v -79.142122 67.506938 13.262560
v -79.142122 74.256938 13.262560
v -79.142122 81.006938 13.262560
v -81.392122 81.006938 13.262560
v -83.642122 81.006938 13.262560
v -83.642122 82.131938 11.759360
v -83.642122 83.256938 11.759360
v -76.892122 83.256938 11.759360
v -70.142122 83.256938 11.759360
v -70.142122 82.131938 11.759360
v -70.142122 81.006938 11.759360
v -72.392122 81.006938 11.759360
v -74.642122 81.006938 11.759360
v -74.642122 74.256938 11.759360
v -74.642122 67.506938 11.759360
v -76.892122 67.506938 11.759360
v -79.142122 67.506938 11.759360
v -79.142122 74.256938 11.759360
v -79.142122 81.006938 11.759360
v -81.392122 81.006938 11.759360
v -83.642122 81.006938 11.759360
v -67.892122 75.381938 13.262560
v -67.892122 83.256938 13.262560
v -60.017122 83.256938 13.262560
v -52.142122 83.256938 13.262560
v -52.142122 82.131938 13.262560
v -52.142122 81.006938 13.262560
v -57.767122 81.006938 13.262560
v -63.392122 81.006938 13.262560
v -63.392122 78.756938 13.262560
v -63.392122 76.506938 13.262560
v -58.892122 76.506938 13.262560
v -54.392122 76.506938 13.262560
v -54.392122 75.381938 13.262560
v -54.392122 74.256938 13.262560
v -58.892122 74.256938 13.262560
v -63.392122 74.256938 13.262560
v -63.392122 72.006938 13.262560
v -63.392122 69.756938 13.262560
v -57.767122 69.756938 13.262560
v -52.142122 69.756938 13.262560
v -52.142122 68.631938 13.262560
v -52.142122 67.506938 13.262560
v -60.017122 67.506938 13.262560
v -67.892122 67.506938 13.262560
v -67.892122 75.381938 11.759360
v -67.892122 83.256938 11.759360
v -60.017122 83.256938 11.759360
v -52.142122 83.256938 11.759360
v -52.142122 82.131938 11.759360
v -52.142122 81.006938 11.759360
v -57.767122 81.006938 11.759360
v -63.392122 81.006938 11.759360
v -63.392122 78.756938 11.759360
v -63.392122 76.506938 11.759360
v -58.892122 76.506938 11.759360
v -54.392122 76.506938 11.759360
v -54.392122 75.381938 11.759360
v -54.392122 74.256938 11.759360
v -58.892122 74.256938 11.759360
v -63.392122 74.256938 11.759360
v -63.392122 72.006938 11.759360
v -63.392122 69.756938 11.759360
v -57.767122 69.756938 11.759360
v -52.142122 69.756938 11.759360
v -52.142122 68.631938 11.759360
v -52.142122 67.506938 11.759360
v -60.017122 67.506938 11.759360
v -67.892122 67.506938 11.759360
v -49.892122 75.381938 13.262560
v -49.892122 83.256938 13.262560
v -47.642122 83.256938 13.262560
v -45.392122 83.256938 13.262560
v -45.392122 82.131938 13.262560
v -45.392122 81.006938 13.262560
v -44.267122 81.006938 13.262560
v -43.142122 81.006938 13.262560
v -43.142122 79.881938 13.262560
v -43.142122 78.756938 13.262560
v -42.017122 78.756938 13.262560
v -40.892122 78.756938 13.262560
v -40.892122 79.881938 13.262560
v -40.892122 81.006938 13.262560
v -39.767122 81.006938 13.262560
v -38.642122 81.006938 13.262560
v -38.642122 82.131938 13.262560
v -38.642122 83.256938 13.262560
v -36.392122 83.256938 13.262560
v -34.142122 83.256938 13.262560
v -34.142122 75.381938 13.262560
v -34.142122 67.506938 13.262560
v -36.392122 67.506938 13.262560
v -38.642122 67.506938 13.262560
v -38.642122 70.881938 13.262560
v -38.642122 74.256938 13.262560
v -39.767122 74.256938 13.262560
v -40.892122 74.256938 13.262560
v -40.892122 73.131938 13.262560
v -40.892122 72.006938 13.262560
v -42.017122 72.006938 13.262560
v -43.142122 72.006938 13.262560
v -43.142122 73.131938 13.262560
v -43.142122 74.256938 13.262560
v -44.267122 74.256938 13.262560
v -45.392122 74.256938 13.262560
v -45.392122 70.881938 13.262560
v -45.392122 67.506938 13.262560
v -47.642122 67.506938 13.262560
v -49.892122 67.506938 13.262560
v -49.892122 75.381938 11.759360
v -49.892122 83.256938 11.759360
v -47.642122 83.256938 11.759360
v -45.392122 83.256938 11.759360
v -45.392122 82.131938 11.759360
v -45.392122 81.006938 11.759360
v -44.267122 81.006938 11.759360
v -43.142122 81.006938 11.759360
v -43.142122 79.881938 11.759360
v -43.142122 78.756938 11.759360
v -42.017122 78.756938 11.759360
v -40.892122 78.756938 11.759360
v -40.892122 79.881938 11.759360
v -40.892122 81.006938 11.759360
v -39.767122 81.006938 11.759360
v -38.642122 81.006938 11.759360
v -38.642122 82.131938 11.759360
v -38.642122 83.256938 11.759360
v -36.392122 83.256938 11.759360
v -34.142122 83.256938 11.759360
v -34.142122 75.381938 11.759360
v -34.142122 67.506938 11.759360
v -36.392122 67.506938 11.759360
v -38.642122 67.506938 11.759360
v -38.642122 70.881938 11.759360
v -38.642122 74.256938 11.759360
v -39.767122 74.256938 11.759360
v -40.892122 74.256938 11.759360
v -40.892122 73.131938 11.759360
v -40.892122 72.006938 11.759360
v -42.017122 72.006938 11.759360
v -43.142122 72.006938 11.759360
v -43.142122 73.131938 11.759360
v -43.142122 74.256938 11.759360
v -44.267122 74.256938 11.759360
v -45.392122 74.256938 11.759360
v -45.392122 70.881938 11.759360
v -45.392122 67.506938 11.759360
v -47.642122 67.506938 11.759360
v -49.892122 67.506938 11.759360
v -13.892122 75.381938 13.262560
v -13.892122 83.256938 13.262560
v -6.017122 83.256938 13.262560
v 1.857878 83.256938 13.262560
v 1.857878 82.131938 13.262560
v 1.857878 81.006938 13.262560
v -3.767122 81.006938 13.262560
v -9.392122 81.006938 13.262560
v -9.392122 78.756938 13.262560
v -9.392122 76.506938 13.262560
v -4.892122 76.506938 13.262560
v -0.392122 76.506938 13.262560
v -0.392122 75.381938 13.262560
v -0.392122 74.256938 13.262560
v -4.892122 74.256938 13.262560
v -9.392122 74.256938 13.262560
v -9.392122 72.006938 13.262560
v -9.392122 69.756938 13.262560
v -3.767122 69.756938 13.262560
v 1.857878 69.756938 13.262560
v 1.857878 68.631938 13.262560
v 1.857878 67.506938 13.262560
v -6.017122 67.506938 13.262560
v -13.892122 67.506938 13.262560
v -13.892122 75.381938 11.759360
v -13.892122 83.256938 11.759360
v -6.017122 83.256938 11.759360
v 1.857878 83.256938 11.759360
v 1.857878 82.131938 11.759360
v 1.857878 81.006938 11.759360
v -3.767122 81.006938 11.759360
v -9.392122 81.006938 11.759360
v -9.392122 78.756938 11.759360
v -9.392122 76.506938 11.759360
v -4.892122 76.506938 11.759360
v -0.392122 76.506938 11.759360
v -0.392122 75.381938 11.759360
v -0.392122 74.256938 11.759360
v -4.892122 74.256938 11.759360
v -9.392122 74.256938 11.759360
v -9.392122 72.006938 11.759360
v -9.392122 69.756938 11.759360
v -3.767122 69.756938 11.759360
v 1.857878 69.756938 11.759360
v 1.857878 68.631938 11.759360
v 1.857878 67.506938 11.759360
v -6.017122 67.506938 11.759360
v -13.892122 67.506938 11.759360
v 4.107878 75.381938 13.262560
v 4.107878 83.256938 13.262560
v 10.857878 83.256938 13.262560
v 17.607878 83.256938 13.262560
v 17.607878 82.131938 13.262560
v 17.607878 81.006938 13.262560
v 18.732878 81.006938 13.262560
v 19.857878 81.006938 13.262560
v 19.857878 77.631938 13.262560
v 19.857878 74.256938 13.262560
v 17.607878 74.256938 13.262560
v 15.357878 74.256938 13.262560
v 15.357878 73.131938 13.262560
v 15.357878 72.006938 13.262560
v 16.482878 72.006938 13.262560
v 17.607878 72.006938 13.262560
v 17.607878 70.881938 13.262560
v 17.607878 69.756938 13.262560
v 18.732878 69.756938 13.262560
v 19.857878 69.756938 13.262560
v 19.857878 68.631938 13.262560
v 19.857878 67.506938 13.262560
v 16.482878 67.506938 13.262560
v 13.107878 67.506938 13.262560
v 13.107878 68.631938 13.262560
v 13.107878 69.756938 13.262560
v 11.982878 69.756938 13.262560
v 10.857878 69.756938 13.262560
v 10.857878 70.881938 13.262560
v 10.857878 72.006938 13.262560
v 9.732878 72.006938 13.262560
v 8.607878 72.006938 13.262560
v 8.607878 69.756938 13.262560
v 8.607878 67.506938 13.262560
v 6.357878 67.506938 13.262560
v 4.107878 67.506938 13.262560
v 15.357878 78.756938 13.262560
v 15.357878 81.006938 13.262560
v 11.982878 81.006938 13.262560
v 8.607878 81.006938 13.262560
v 8.607878 77.631938 13.262560
v 8.607878 74.256938 13.262560
v 10.857878 74.256938 13.262560
v 13.107878 74.256938 13.262560
v 13.107878 75.381938 13.262560
v 13.107878 76.506938 13.262560
v 14.232878 76.506938 13.262560
v 15.357878 76.506938 13.262560
v 4.107878 75.381938 11.759360
v 4.107878 83.256938 11.759360
v 10.857878 83.256938 11.759360
v 17.607878 83.256938 11.759360
v 17.607878 82.131938 11.759360
v 17.607878 81.006938 11.759360
v 18.732878 81.006938 11.759360
v 19.857878 81.006938 11.759360
v 19.857878 77.631938 11.759360
v 19.857878 74.256938 11.759360
v 17.607878 74.256938 11.759360
v 15.357878 74.256938 11.759360
v 15.357878 73.131938 11.759360
v 15.357878 72.006938 11.759360
v 16.482878 72.006938 11.759360
v 17.607878 72.006938 11.759360
v 17.607878 70.881938 11.759360
v 17.607878 69.756938 11.759360
v 18.732878 69.756938 11.759360
v 19.857878 69.756938 11.759360
v 19.857878 68.631938 11.759360
v 19.857878 67.506938 11.759360
v 16.482878 67.506938 11.759360
v 13.107878 67.506938 11.759360
v 13.107878 68.631938 11.759360
v 13.107878 69.756938 11.759360
v 11.982878 69.756938 11.759360
v 10.857878 69.756938 11.759360
v 10.857878 70.881938 11.759360
v 10.857878 72.006938 11.759360
v 9.732878 72.006938 11.759360
v 8.607878 72.006938 11.759360
v 8.607878 69.756938 11.759360
v 8.607878 67.506938 11.759360
v 6.357878 67.506938 11.759360
v 4.107878 67.506938 11.759360
v 15.357878 78.756938 11.759360
v 15.357878 81.006938 11.759360
v 11.982878 81.006938 11.759360
v 8.607878 81.006938 11.759360
v 8.607878 77.631938 11.759360
v 8.607878 74.256938 11.759360
v 10.857878 74.256938 11.759360
v 13.107878 74.256938 11.759360
v 13.107878 75.381938 11.759360
v 13.107878 76.506938 11.759360
v 14.232878 76.506938 11.759360
v 15.357878 76.506938 11.759360
v 22.107878 75.381938 13.262560
v 22.107878 83.256938 13.262560
v 28.857878 83.256938 13.262560
v 35.607878 83.256938 13.262560
v 35.607878 82.131938 13.262560
v 35.607878 81.006938 13.262560
v 36.732878 81.006938 13.262560
v 37.857878 81.006938 13.262560
v 37.857878 77.631938 13.262560
v 37.857878 74.256938 13.262560
v 35.607878 74.256938 13.262560
v 33.357878 74.256938 13.262560
v 33.357878 73.131938 13.262560
v 33.357878 72.006938 13.262560
v 34.482878 72.006938 13.262560
v 35.607878 72.006938 13.262560
v 35.607878 70.881938 13.262560
v 35.607878 69.756938 13.262560
v 36.732878 69.756938 13.262560
v 37.857878 69.756938 13.262560
v 37.857878 68.631938 13.262560
v 37.857878 67.506938 13.262560
v 34.482878 67.506938 13.262560
v 31.107878 67.506938 13.262560
v 31.107878 68.631938 13.262560
v 31.107878 69.756938 13.262560
v 29.982878 69.756938 13.262560
v 28.857878 69.756938 13.262560
v 28.857878 70.881938 13.262560
v 28.857878 72.006938 13.262560
v 27.732878 72.006938 13.262560
v 26.607878 72.006938 13.262560
v 26.607878 69.756938 13.262560
v 26.607878 67.506938 13.262560
v 24.357878 67.506938 13.262560
v 22.107878 67.506938 13.262560
v 33.357878 78.756938 13.262560
v 33.357878 81.006938 13.262560
v 29.982878 81.006938 13.262560
v 26.607878 81.006938 13.262560
v 26.607878 77.631938 13.262560
v 26.607878 74.256938 13.262560
v 28.857878 74.256938 13.262560
v 31.107878 74.256938 13.262560
v 31.107878 75.381938 13.262560
v 31.107878 76.506938 13.262560
v 32.232878 76.506938 13.262560
v 33.357878 76.506938 13.262560
v 22.107878 75.381938 11.759360
v 22.107878 83.256938 11.759360
v 28.857878 83.256938 11.759360
v 35.607878 83.256938 11.759360
v 35.607878 82.131938 11.759360
v 35.607878 81.006938 11.759360
v 36.732878 81.006938 11.759360
v 37.857878 81.006938 11.759360
v 37.857878 77.631938 11.759360
v 37.857878 74.256938 11.759360
v 35.607878 74.256938 11.759360
v 33.357878 74.256938 11.759360
v 33.357878 73.131938 11.759360
v 33.357878 72.006938 11.759360
v 34.482878 72.006938 11.759360
v 35.607878 72.006938 11.759360
v 35.607878 70.881938 11.759360
v 35.607878 69.756938 11.759360
v 36.732878 69.756938 11.759360
v 37.857878 69.756938 11.759360
v 37.857878 68.631938 11.759360
v 37.857878 67.506938 11.759360
v 34.482878 67.506938 11.759360
v 31.107878 67.506938 11.759360
v 31.107878 68.631938 11.759360
v 31.107878 69.756938 11.759360
v 29.982878 69.756938 11.759360
v 28.857878 69.756938 11.759360
v 28.857878 70.881938 11.759360
v 28.857878 72.006938 11.759360
v 27.732878 72.006938 11.759360
v 26.607878 72.006938 11.759360
v 26.607878 69.756938 11.759360
v 26.607878 67.506938 11.759360
v 24.357878 67.506938 11.759360
v 22.107878 67.506938 11.759360
v 33.357878 78.756938 11.759360
v 33.357878 81.006938 11.759360
v 29.982878 81.006938 11.759360
v 26.607878 81.006938 11.759360
v 26.607878 77.631938 11.759360
v 26.607878 74.256938 11.759360
v 28.857878 74.256938 11.759360
v 31.107878 74.256938 11.759360
v 31.107878 75.381938 11.759360
v 31.107878 76.506938 11.759360
v 32.232878 76.506938 11.759360
v 33.357878 76.506938 11.759360
v 42.357878 82.131938 13.262560
v 42.357878 83.256938 13.262560
v 47.982878 83.256938 13.262560
v 53.607878 83.256938 13.262560
v 53.607878 82.131938 13.262560
v 53.607878 81.006938 13.262560
v 54.732878 81.006938 13.262560
v 55.857878 81.006938 13.262560
v 55.857878 75.381938 13.262560
v 55.857878 69.756938 13.262560
v 54.732878 69.756938 13.262560
v 53.607878 69.756938 13.262560
v 53.607878 68.631938 13.262560
v 53.607878 67.506938 13.262560
v 47.982878 67.506938 13.262560
v 42.357878 67.506938 13.262560
v 42.357878 68.631938 13.262560
v 42.357878 69.756938 13.262560
v 41.232878 69.756938 13.262560
v 40.107878 69.756938 13.262560
v 40.107878 75.381938 13.262560
v 40.107878 81.006938 13.262560
v 41.232878 81.006938 13.262560
v 42.357878 81.006938 13.262560
v 51.357878 75.381938 13.262560
v 51.357878 81.006938 13.262560
v 47.982878 81.006938 13.262560
v 44.607878 81.006938 13.262560
v 44.607878 75.381938 13.262560
v 44.607878 69.756938 13.262560
v 47.982878 69.756938 13.262560
v 51.357878 69.756938 13.262560
v 42.357878 82.131938 11.759360
v 42.357878 83.256938 11.759360
v 47.982878 83.256938 11.759360
v 53.607878 83.256938 11.759360
v 53.607878 82.131938 11.759360
v 53.607878 81.006938 11.759360
v 54.732878 81.006938 11.759360
v 55.857878 81.006938 11.759360
v 55.857878 75.381938 11.759360
v 55.857878 69.756938 11.759360
v 54.732878 69.756938 11.759360
v 53.607878 69.756938 11.759360
v 53.607878 68.631938 11.759360
v 53.607878 67.506938 11.759360
v 47.982878 67.506938 11.759360
v 42.357878 67.506938 11.759360
v 42.357878 68.631938 11.759360
v 42.357878 69.756938 11.759360
v 41.232878 69.756938 11.759360
v 40.107878 69.756938 11.759360
v 40.107878 75.381938 11.759360
v 40.107878 81.006938 11.759360
v 41.232878 81.006938 11.759360
v 42.357878 81.006938 11.759360
v 51.357878 75.381938 11.759360
v 51.357878 81.006938 11.759360
v 47.982878 81.006938 11.759360
v 44.607878 81.006938 11.759360
v 44.607878 75.381938 11.759360
v 44.607878 69.756938 11.759360
v 47.982878 69.756938 11.759360
v 51.357878 69.756938 11.759360
v 58.107878 75.381938 13.262560
v 58.107878 83.256938 13.262560
v 64.857878 83.256938 13.262560
v 71.607878 83.256938 13.262560
v 71.607878 82.131938 13.262560
v 71.607878 81.006938 13.262560
v 72.732878 81.006938 13.262560
v 73.857878 81.006938 13.262560
v 73.857878 77.631938 13.262560
v 73.857878 74.256938 13.262560
v 71.607878 74.256938 13.262560
v 69.357878 74.256938 13.262560
v 69.357878 73.131938 13.262560
v 69.357878 72.006938 13.262560
v 70.482878 72.006938 13.262560
v 71.607878 72.006938 13.262560
v 71.607878 70.881938 13.262560
v 71.607878 69.756938 13.262560
v 72.732878 69.756938 13.262560
v 73.857878 69.756938 13.262560
v 73.857878 68.631938 13.262560
v 73.857878 67.506938 13.262560
v 70.482878 67.506938 13.262560
v 67.107878 67.506938 13.262560
v 67.107878 68.631938 13.262560
v 67.107878 69.756938 13.262560
v 65.982878 69.756938 13.262560
v 64.857878 69.756938 13.262560
v 64.857878 70.881938 13.262560
v 64.857878 72.006938 13.262560
v 63.732878 72.006938 13.262560
v 62.607878 72.006938 13.262560
v 62.607878 69.756938 13.262560
v 62.607878 67.506938 13.262560
v 60.357878 67.506938 13.262560
v 58.107878 67.506938 13.262560
v 69.357878 78.756938 13.262560
v 69.357878 81.006938 13.262560
v 65.982878 81.006938 13.262560
v 62.607878 81.006938 13.262560
v 62.607878 77.631938 13.262560
v 62.607878 74.256938 13.262560
v 64.857878 74.256938 13.262560
v 67.107878 74.256938 13.262560
v 67.107878 75.381938 13.262560
v 67.107878 76.506938 13.262560
v 68.232878 76.506938 13.262560
v 69.357878 76.506938 13.262560
v 58.107878 75.381938 11.759360
v 58.107878 83.256938 11.759360
v 64.857878 83.256938 11.759360
v 71.607878 83.256938 11.759360
v 71.607878 82.131938 11.759360
v 71.607878 81.006938 11.759360
v 72.732878 81.006938 11.759360
v 73.857878 81.006938 11.759360
v 73.857878 77.631938 11.759360
v 73.857878 74.256938 11.759360
v 71.607878 74.256938 11.759360
v 69.357878 74.256938 11.759360
v 69.357878 73.131938 11.759360
v 69.357878 72.006938 11.759360
v 70.482878 72.006938 11.759360
v 71.607878 72.006938 11.759360
v 71.607878 70.881938 11.759360
v 71.607878 69.756938 11.759360
v 72.732878 69.756938 11.759360
v 73.857878 69.756938 11.759360
v 73.857878 68.631938 11.759360
v 73.857878 67.506938 11.759360
v 70.482878 67.506938 11.759360
v 67.107878 67.506938 11.759360
v 67.107878 68.631938 11.759360
v 67.107878 69.756938 11.759360
v 65.982878 69.756938 11.759360
v 64.857878 69.756938 11.759360
v 64.857878 70.881938 11.759360
v 64.857878 72.006938 11.759360
v 63.732878 72.006938 11.759360
v 62.607878 72.006938 11.759360
v 62.607878 69.756938 11.759360
v 62.607878 67.506938 11.759360
v 60.357878 67.506938 11.759360
v 58.107878 67.506938 11.759360
v 69.357878 78.756938 11.759360
v 69.357878 81.006938 11.759360
v 65.982878 81.006938 11.759360
v 62.607878 81.006938 11.759360
v 62.607878 77.631938 11.759360
v 62.607878 74.256938 11.759360
v 64.857878 74.256938 11.759360
v 67.107878 74.256938 11.759360
v 67.107878 75.381938 11.759360
v 67.107878 76.506938 11.759360
v 68.232878 76.506938 11.759360
v 69.357878 76.506938 11.759360
v -137.642122 82.131938 13.262560
v -137.642122 83.256938 13.262560
v -133.142122 83.256938 13.262560
v -128.642122 83.256938 13.262560
v -128.642122 82.131938 13.262560
v -128.642122 81.006938 13.262560
v -127.517122 81.006938 13.262560
v -126.392122 81.006938 13.262560
v -126.392122 79.881938 13.262560
v -126.392122 78.756938 13.262560
v -128.642122 78.756938 13.262560
v -130.892122 78.756938 13.262560
v -130.892122 79.881938 13.262560
v -130.892122 81.006938 13.262560
v -133.142122 81.006938 13.262560
v -135.392122 81.006938 13.262560
v -135.392122 78.756938 13.262560
v -135.392122 76.506938 13.262560
v -130.892122 76.506938 13.262560
v -126.392122 76.506938 13.262560
v -126.392122 75.381938 13.262560
v -126.392122 74.256938 13.262560
v -125.267122 74.256938 13.262560
v -124.142122 74.256938 13.262560
v -124.142122 72.006938 13.262560
v -124.142122 69.756938 13.262560
v -125.267122 69.756938 13.262560
v -126.392122 69.756938 13.262560
v -126.392122 68.631938 13.262560
v -126.392122 67.506938 13.262560
v -132.017122 67.506938 13.262560
v -137.642122 67.506938 13.262560
v -137.642122 68.631938 13.262560
v -137.642122 69.756938 13.262560
v -138.767122 69.756938 13.262560
v -139.892122 69.756938 13.262560
v -139.892122 70.881938 13.262560
v -139.892122 72.006938 13.262560
v -137.642122 72.006938 13.262560
v -135.392122 72.006938 13.262560
v -135.392122 70.881938 13.262560
v -135.392122 69.756938 13.262560
v -132.017122 69.756938 13.262560
v -128.642122 69.756938 13.262560
v -128.642122 72.006938 13.262560
v -128.642122 74.256938 13.262560
v -133.142122 74.256938 13.262560
v -137.642122 74.256938 13.262560
v -137.642122 75.381938 13.262560
v -137.642122 76.506938 13.262560
v -138.767122 76.506938 13.262560
v -139.892122 76.506938 13.262560
v -139.892122 78.756938 13.262560
v -139.892122 81.006938 13.262560
v -138.767122 81.006938 13.262560
v -137.642122 81.006938 13.262560
v -119.642122 79.881938 13.262560
v -119.642122 83.256938 13.262560
v -117.392122 83.256938 13.262560
v -115.142122 83.256938 13.262560
v -115.142122 79.881938 13.262560
v -115.142122 76.506938 13.262560
v -112.892122 76.506938 13.262560
v -110.642122 76.506938 13.262560
v -110.642122 79.881938 13.262560
v -110.642122 83.256938 13.262560
v -108.392122 83.256938 13.262560
v -106.142122 83.256938 13.262560
v -106.142122 79.881938 13.262560
v -106.142122 76.506938 13.262560
v -107.267122 76.506938 13.262560
v -108.392122 76.506938 13.262560
v -108.392122 75.381938 13.262560
v -108.392122 74.256938 13.262560
v -109.517122 74.256938 13.262560
v -110.642122 74.256938 13.262560
v -110.642122 70.881938 13.262560
v -110.642122 67.506938 13.262560
v -112.892122 67.506938 13.262560
v -115.142122 67.506938 13.262560
v -115.142122 70.881938 13.262560
v -115.142122 74.256938 13.262560
v -116.267122 74.256938 13.262560
v -117.392122 74.256938 13.262560
v -117.392122 75.381938 13.262560
v -117.392122 76.506938 13.262560
v -118.517122 76.506938 13.262560
v -119.642122 76.506938 13.262560
v -101.642122 82.131938 13.262560
v -101.642122 83.256938 13.262560
v -97.142122 83.256938 13.262560
v -92.642122 83.256938 13.262560
v -92.642122 82.131938 13.262560
v -92.642122 81.006938 13.262560
v -91.517122 81.006938 13.262560
v -90.392122 81.006938 13.262560
v -90.392122 79.881938 13.262560
v -90.392122 78.756938 13.262560
v -92.642122 78.756938 13.262560
v -94.892122 78.756938 13.262560
v -94.892122 79.881938 13.262560
v -94.892122 81.006938 13.262560
v -97.142122 81.006938 13.262560
v -99.392122 81.006938 13.262560
v -99.392122 78.756938 13.262560
v -99.392122 76.506938 13.262560
v -94.892122 76.506938 13.262560
v -90.392122 76.506938 13.262560
v -90.392122 75.381938 13.262560
v -90.392122 74.256938 13.262560
v -89.267122 74.256938 13.262560
v -88.142122 74.256938 13.262560
v -88.142122 72.006938 13.262560
v -88.142122 69.756938 13.262560
v -89.267122 69.756938 13.262560
v -90.392122 69.756938 13.262560
v -90.392122 68.631938 13.262560
v -90.392122 67.506938 13.262560
v -96.017122 67.506938 13.262560
v -101.642122 67.506938 13.262560
v -101.642122 68.631938 13.262560
v -101.642122 69.756938 13.262560
v -102.767122 69.756938 13.262560
v -103.892122 69.756938 13.262560
v -103.892122 70.881938 13.262560
v -103.892122 72.006938 13.262560
v -101.642122 72.006938 13.262560
v -99.392122 72.006938 13.262560
v -99.392122 70.881938 13.262560
v -99.392122 69.756938 13.262560
v -96.017122 69.756938 13.262560
v -92.642122 69.756938 13.262560
v -92.642122 72.006938 13.262560
v -92.642122 74.256938 13.262560
v -97.142122 74.256938 13.262560
v -101.642122 74.256938 13.262560
v -101.642122 75.381938 13.262560
v -101.642122 76.506938 13.262560
v -102.767122 76.506938 13.262560
v -103.892122 76.506938 13.262560
v -103.892122 78.756938 13.262560
v -103.892122 81.006938 13.262560
v -102.767122 81.006938 13.262560
v -101.642122 81.006938 13.262560
v -83.642122 82.131938 13.262560
v -83.642122 83.256938 13.262560
v -76.892122 83.256938 13.262560
v -70.142122 83.256938 13.262560
v -70.142122 82.131938 13.262560
v -70.142122 81.006938 13.262560
v -72.392122 81.006938 13.262560
v -74.642122 81.006938 13.262560
v -74.642122 74.256938 13.262560
v -74.642122 67.506938 13.262560
v -76.892122 67.506938 13.262560
v -79.142122 67.506938 13.262560
v -79.142122 74.256938 13.262560
v -79.142122 81.006938 13.262560
v -81.392122 81.006938 13.262560
v -83.642122 81.006938 13.262560
v -67.892122 75.381938 13.262560
v -67.892122 83.256938 13.262560
v -60.017122 83.256938 13.262560
v -52.142122 83.256938 13.262560
v -52.142122 82.131938 13.262560
v -52.142122 81.006938 13.262560
v -57.767122 81.006938 13.262560
v -63.392122 81.006938 13.262560
v -63.392122 78.756938 13.262560
v -63.392122 76.506938 13.262560
v -58.892122 76.506938 13.262560
v -54.392122 76.506938 13.262560
v -54.392122 75.381938 13.262560
v -54.392122 74.256938 13.262560
v -58.892122 74.256938 13.262560
v -63.392122 74.256938 13.262560
v -63.392122 72.006938 13.262560
v -63.392122 69.756938 13.262560
v -57.767122 69.756938 13.262560
v -52.142122 69.756938 13.262560
v -52.142122 68.631938 13.262560
v -52.142122 67.506938 13.262560
v -60.017122 67.506938 13.262560
v -67.892122 67.506938 13.262560
v -49.892122 75.381938 13.262560
v -49.892122 83.256938 13.262560
v -47.642122 83.256938 13.262560
v -45.392122 83.256938 13.262560
v -45.392122 82.131938 13.262560
v -45.392122 81.006938 13.262560
v -44.267122 81.006938 13.262560
v -43.142122 81.006938 13.262560
v -43.142122 79.881938 13.262560
v -43.142122 78.756938 13.262560
v -42.017122 78.756938 13.262560
v -40.892122 78.756938 13.262560
v -40.892122 79.881938 13.262560
v -40.892122 81.006938 13.262560
v -39.767122 81.006938 13.262560
v -38.642122 81.006938 13.262560
v -38.642122 82.131938 13.262560
v -38.642122 83.256938 13.262560
v -36.392122 83.256938 13.262560
v -34.142122 83.256938 13.262560
v -34.142122 75.381938 13.262560
v -34.142122 67.506938 13.262560
v -36.392122 67.506938 13.262560
v -38.642122 67.506938 13.262560
v -38.642122 70.881938 13.262560
v -38.642122 74.256938 13.262560
v -39.767122 74.256938 13.262560
v -40.892122 74.256938 13.262560
v -40.892122 73.131938 13.262560
v -40.892122 72.006938 13.262560
v -42.017122 72.006938 13.262560
v -43.142122 72.006938 13.262560
v -43.142122 73.131938 13.262560
v -43.142122 74.256938 13.262560
v -44.267122 74.256938 13.262560
v -45.392122 74.256938 13.262560
v -45.392122 70.881938 13.262560
v -45.392122 67.506938 13.262560
v -47.642122 67.506938 13.262560
v -49.892122 67.506938 13.262560
v -13.892122 75.381938 13.262560
v -13.892122 83.256938 13.262560
v -6.017122 83.256938 13.262560
v 1.857878 83.256938 13.262560
v 1.857878 82.131938 13.262560
v 1.857878 81.006938 13.262560
v -3.767122 81.006938 13.262560
v -9.392122 81.006938 13.262560
v -9.392122 78.756938 13.262560
v -9.392122 76.506938 13.262560
v -4.892122 76.506938 13.262560
v -0.392122 76.506938 13.262560
v -0.392122 75.381938 13.262560
v -0.392122 74.256938 13.262560
v -4.892122 74.256938 13.262560
v -9.392122 74.256938 13.262560
v -9.392122 72.006938 13.262560
v -9.392122 69.756938 13.262560
v -3.767122 69.756938 13.262560
v 1.857878 69.756938 13.262560
v 1.857878 68.631938 13.262560
v 1.857878 67.506938 13.262560
v -6.017122 67.506938 13.262560
v -13.892122 67.506938 13.262560
v 4.107878 75.381938 13.262560
v 4.107878 83.256938 13.262560
v 10.857878 83.256938 13.262560
v 17.607878 83.256938 13.262560
v 17.607878 82.131938 13.262560
v 17.607878 81.006938 13.262560
v 18.732878 81.006938 13.262560
v 19.857878 81.006938 13.262560
v 19.857878 77.631938 13.262560
v 19.857878 74.256938 13.262560
v 17.607878 74.256938 13.262560
v 15.357878 74.256938 13.262560
v 15.357878 73.131938 13.262560
v 15.357878 72.006938 13.262560
v 16.482878 72.006938 13.262560
v 17.607878 72.006938 13.262560
v 17.607878 70.881938 13.262560
v 17.607878 69.756938 13.262560
v 18.732878 69.756938 13.262560
v 19.857878 69.756938 13.262560
v 19.857878 68.631938 13.262560
v 19.857878 67.506938 13.262560
v 16.482878 67.506938 13.262560
v 13.107878 67.506938 13.262560
v 13.107878 68.631938 13.262560
v 13.107878 69.756938 13.262560
v 11.982878 69.756938 13.262560
v 10.857878 69.756938 13.262560
v 10.857878 70.881938 13.262560
v 10.857878 72.006938 13.262560
v 9.732878 72.006938 13.262560
v 8.607878 72.006938 13.262560
v 8.607878 69.756938 13.262560
v 8.607878 67.506938 13.262560
v 6.357878 67.506938 13.262560
v 4.107878 67.506938 13.262560
v 15.357878 78.756938 13.262560
v 15.357878 81.006938 13.262560
v 11.982878 81.006938 13.262560
v 8.607878 81.006938 13.262560
v 8.607878 77.631938 13.262560
v 8.607878 74.256938 13.262560
v 10.857878 74.256938 13.262560
v 13.107878 74.256938 13.262560
v 13.107878 75.381938 13.262560
v 13.107878 76.506938 13.262560
v 14.232878 76.506938 13.262560
v 15.357878 76.506938 13.262560
v 22.107878 75.381938 13.262560
v 22.107878 83.256938 13.262560
v 28.857878 83.256938 13.262560
v 35.607878 83.256938 13.262560
v 35.607878 82.131938 13.262560
v 35.607878 81.006938 13.262560
v 36.732878 81.006938 13.262560
v 37.857878 81.006938 13.262560
v 37.857878 77.631938 13.262560
v 37.857878 74.256938 13.262560
v 35.607878 74.256938 13.262560
v 33.357878 74.256938 13.262560
v 33.357878 73.131938 13.262560
v 33.357878 72.006938 13.262560
v 34.482878 72.006938 13.262560
v 35.607878 72.006938 13.262560
v 35.607878 70.881938 13.262560
v 35.607878 69.756938 13.262560
v 36.732878 69.756938 13.262560
v 37.857878 69.756938 13.262560
v 37.857878 68.631938 13.262560
v 37.857878 67.506938 13.262560
v 34.482878 67.506938 13.262560
v 31.107878 67.506938 13.262560
v 31.107878 68.631938 13.262560
v 31.107878 69.756938 13.262560
v 29.982878 69.756938 13.262560
v 28.857878 69.756938 13.262560
v 28.857878 70.881938 13.262560
v 28.857878 72.006938 13.262560
v 27.732878 72.006938 13.262560
v 26.607878 72.006938 13.262560
v 26.607878 69.756938 13.262560
v 26.607878 67.506938 13.262560
v 24.357878 67.506938 13.262560
v 22.107878 67.506938 13.262560
v 33.357878 78.756938 13.262560
v 33.357878 81.006938 13.262560
v 29.982878 81.006938 13.262560
v 26.607878 81.006938 13.262560
v 26.607878 77.631938 13.262560
v 26.607878 74.256938 13.262560
v 28.857878 74.256938 13.262560
v 31.107878 74.256938 13.262560
v 31.107878 75.381938 13.262560
v 31.107878 76.506938 13.262560
v 32.232878 76.506938 13.262560
v 33.357878 76.506938 13.262560
v 42.357878 82.131938 13.262560
v 42.357878 83.256938 13.262560
v 47.982878 83.256938 13.262560
v 53.607878 83.256938 13.262560
v 53.607878 82.131938 13.262560
v 53.607878 81.006938 13.262560
v 54.732878 81.006938 13.262560
v 55.857878 81.006938 13.262560
v 55.857878 75.381938 13.262560
v 55.857878 69.756938 13.262560
v 54.732878 69.756938 13.262560
v 53.607878 69.756938 13.262560
v 53.607878 68.631938 13.262560
v 53.607878 67.506938 13.262560
v 47.982878 67.506938 13.262560
v 42.357878 67.506938 13.262560
v 42.357878 68.631938 13.262560
v 42.357878 69.756938 13.262560
v 41.232878 69.756938 13.262560
v 40.107878 69.756938 13.262560
v 40.107878 75.381938 13.262560
v 40.107878 81.006938 13.262560
v 41.232878 81.006938 13.262560
v 42.357878 81.006938 13.262560
v 51.357878 75.381938 13.262560
v 51.357878 81.006938 13.262560
v 47.982878 81.006938 13.262560
v 44.607878 81.006938 13.262560
v 44.607878 75.381938 13.262560
v 44.607878 69.756938 13.262560
v 47.982878 69.756938 13.262560
v 51.357878 69.756938 13.262560
v 58.107878 75.381938 13.262560
v 58.107878 83.256938 13.262560
v 64.857878 83.256938 13.262560
v 71.607878 83.256938 13.262560
v 71.607878 82.131938 13.262560
v 71.607878 81.006938 13.262560
v 72.732878 81.006938 13.262560
v 73.857878 81.006938 13.262560
v 73.857878 77.631938 13.262560
v 73.857878 74.256938 13.262560
v 71.607878 74.256938 13.262560
v 69.357878 74.256938 13.262560
v 69.357878 73.131938 13.262560
v 69.357878 72.006938 13.262560
v 70.482878 72.006938 13.262560
v 71.607878 72.006938 13.262560
v 71.607878 70.881938 13.262560
v 71.607878 69.756938 13.262560
v 72.732878 69.756938 13.262560
v 73.857878 69.756938 13.262560
v 73.857878 68.631938 13.262560
v 73.857878 67.506938 13.262560
v 70.482878 67.506938 13.262560
v 67.107878 67.506938 13.262560
v 67.107878 68.631938 13.262560
v 67.107878 69.756938 13.262560
v 65.982878 69.756938 13.262560
v 64.857878 69.756938 13.262560
v 64.857878 70.881938 13.262560
v 64.857878 72.006938 13.262560
v 63.732878 72.006938 13.262560
v 62.607878 72.006938 13.262560
v 62.607878 69.756938 13.262560
v 62.607878 67.506938 13.262560
v 60.357878 67.506938 13.262560
v 58.107878 67.506938 13.262560
v 69.357878 78.756938 13.262560
v 69.357878 81.006938 13.262560
v 65.982878 81.006938 13.262560
v 62.607878 81.006938 13.262560
v 62.607878 77.631938 13.262560
v 62.607878 74.256938 13.262560
v 64.857878 74.256938 13.262560
v 67.107878 74.256938 13.262560
v 67.107878 75.381938 13.262560
v 67.107878 76.506938 13.262560
v 68.232878 76.506938 13.262560
v 69.357878 76.506938 13.262560
# 1272 vertices

# 0 normal

vt 0.616307 0.571111 0.000000
vt 0.614181 0.569550 0.000000
vt 0.613517 0.570847 0.000000
vt 0.614845 0.572960 0.000000
vt 0.606657 0.573405 0.000000
vt 0.607432 0.575866 0.000000
vt 0.599777 0.574886 0.000000
vt 0.599470 0.577260 0.000000
vt 0.598440 0.574072 0.000000
vt 0.597425 0.576280 0.000000
vt 0.596855 0.572980 0.000000
vt 0.595732 0.575421 0.000000
vt 0.595234 0.572465 0.000000
vt 0.593803 0.574562 0.000000
vt 0.594060 0.571874 0.000000
vt 0.592035 0.572870 0.000000
vt 0.593783 0.570541 0.000000
vt 0.591438 0.570498 0.000000
vt 0.593870 0.569356 0.000000
vt 0.592020 0.567987 0.000000
vt 0.596616 0.567539 0.000000
vt 0.595448 0.565302 0.000000
vt 0.599577 0.566487 0.000000
vt 0.599727 0.564243 0.000000
vt 0.601178 0.567147 0.000000
vt 0.601733 0.564939 0.000000
vt 0.603228 0.567918 0.000000
vt 0.603259 0.565412 0.000000
vt 0.607419 0.566943 0.000000
vt 0.606539 0.564710 0.000000
vt 0.610995 0.564164 0.000000
vt 0.608871 0.562909 0.000000
vt 0.611679 0.559699 0.000000
vt 0.609284 0.559871 0.000000
vt 0.609895 0.555430 0.000000
vt 0.608179 0.557244 0.000000
vt 0.602490 0.551896 0.000000
vt 0.601793 0.554462 0.000000
vt 0.595654 0.549750 0.000000
vt 0.594282 0.551719 0.000000
vt 0.594765 0.548390 0.000000
vt 0.592939 0.549970 0.000000
vt 0.593698 0.546664 0.000000
vt 0.591808 0.548609 0.000000
vt 0.592192 0.545573 0.000000
vt 0.590280 0.547378 0.000000
vt 0.591080 0.544657 0.000000
vt 0.588817 0.545555 0.000000
vt 0.590629 0.541271 0.000000
vt 0.588062 0.541406 0.000000
vt 0.590791 0.538158 0.000000
vt 0.588799 0.537080 0.000000
vt 0.592028 0.537024 0.000000
vt 0.590255 0.535476 0.000000
vt 0.593605 0.535713 0.000000
vt 0.591413 0.534164 0.000000
vt 0.594481 0.534010 0.000000
vt 0.592333 0.532478 0.000000
vt 0.595104 0.532708 0.000000
vt 0.593757 0.530585 0.000000
vt 0.603740 0.529567 0.000000
vt 0.603040 0.527089 0.000000
vt 0.612596 0.528158 0.000000
vt 0.612955 0.525767 0.000000
vt 0.613879 0.529023 0.000000
vt 0.614992 0.526859 0.000000
vt 0.615391 0.530198 0.000000
vt 0.616665 0.527841 0.000000
vt 0.616965 0.530836 0.000000
vt 0.618545 0.528856 0.000000
vt 0.618093 0.531527 0.000000
vt 0.620188 0.530696 0.000000
vt 0.618271 0.532888 0.000000
vt 0.620602 0.533122 0.000000
vt 0.618095 0.534073 0.000000
vt 0.619824 0.535590 0.000000
vt 0.615226 0.535674 0.000000
vt 0.616197 0.538002 0.000000
vt 0.612203 0.536490 0.000000
vt 0.611858 0.538711 0.000000
vt 0.610675 0.535697 0.000000
vt 0.609934 0.537850 0.000000
vt 0.608696 0.534738 0.000000
vt 0.608491 0.537246 0.000000
vt 0.602582 0.535701 0.000000
vt 0.603306 0.538051 0.000000
vt 0.597301 0.539362 0.000000
vt 0.599382 0.540718 0.000000
vt 0.596642 0.543907 0.000000
vt 0.599029 0.543726 0.000000
vt 0.598488 0.548183 0.000000
vt 0.600191 0.546353 0.000000
vt 0.605951 0.551712 0.000000
vt 0.606628 0.549141 0.000000
vt 0.612858 0.553833 0.000000
vt 0.614201 0.551843 0.000000
vt 0.613775 0.555194 0.000000
vt 0.615576 0.553583 0.000000
vt 0.614886 0.556914 0.000000
vt 0.616735 0.554935 0.000000
vt 0.616430 0.557984 0.000000
vt 0.618298 0.556138 0.000000
vt 0.617577 0.558866 0.000000
vt 0.619827 0.557938 0.000000
vt 0.618045 0.562243 0.000000
vt 0.620602 0.562137 0.000000
vt 0.617850 0.565391 0.000000
vt 0.619846 0.566475 0.000000
vt 0.616625 0.566541 0.000000
vt 0.618404 0.568094 0.000000
vt 0.615049 0.567851 0.000000
vt 0.617245 0.569414 0.000000
vt 0.336574 0.852014 0.000000
vt 0.334723 0.848312 0.000000
vt 0.332872 0.850163 0.000000
vt 0.332872 0.852014 0.000000
vt 0.351380 0.863119 0.000000
vt 0.351380 0.866820 0.000000
vt 0.353231 0.866820 0.000000
vt 0.355082 0.864970 0.000000
vt 0.347678 0.852014 0.000000
vt 0.351380 0.855716 0.000000
vt 0.355082 0.852014 0.000000
vt 0.351380 0.848312 0.000000
vt 0.332872 0.859417 0.000000
vt 0.331021 0.866820 0.000000
vt 0.332872 0.866820 0.000000
vt 0.336574 0.863119 0.000000
vt 0.347678 0.864970 0.000000
vt 0.347678 0.863119 0.000000
vt 0.340275 0.850163 0.000000
vt 0.340275 0.848312 0.000000
vt 0.336574 0.848312 0.000000
vt 0.331021 0.859417 0.000000
vt 0.329170 0.863119 0.000000
vt 0.347678 0.866820 0.000000
vt 0.342126 0.866820 0.000000
vt 0.342126 0.870522 0.000000
vt 0.351380 0.868671 0.000000
vt 0.336574 0.866820 0.000000
vt 0.332872 0.868671 0.000000
vt 0.343977 0.844611 0.000000
vt 0.347678 0.848312 0.000000
vt 0.351380 0.846462 0.000000
vt 0.351380 0.844611 0.000000
vt 0.336574 0.846462 0.000000
vt 0.336574 0.844611 0.000000
vt 0.332872 0.857566 0.000000
vt 0.336574 0.859417 0.000000
vt 0.340275 0.855716 0.000000
vt 0.332872 0.855716 0.000000
vt 0.351380 0.857566 0.000000
vt 0.347678 0.855716 0.000000
vt 0.343977 0.859417 0.000000
vt 0.351380 0.859417 0.000000
vt 0.332872 0.848312 0.000000
vt 0.355082 0.866820 0.000000
vt 0.355082 0.863119 0.000000
vt 0.329170 0.866820 0.000000
vt 0.329170 0.859417 0.000000
vt 0.355082 0.848312 0.000000
vt 0.353231 0.848312 0.000000
vt 0.340275 0.852014 0.000000
vt 0.353231 0.855716 0.000000
vt 0.355082 0.855716 0.000000
vt 0.343977 0.848312 0.000000
vt 0.332872 0.870522 0.000000
vt 0.351380 0.870522 0.000000
vt 0.283941 0.403640 0.000000
vt 0.283786 0.406220 0.000000
vt 0.288347 0.407421 0.000000
vt 0.290084 0.405781 0.000000
vt 0.289290 0.410242 0.000000
vt 0.291771 0.410025 0.000000
vt 0.288947 0.412984 0.000000
vt 0.290718 0.414572 0.000000
vt 0.284335 0.415431 0.000000
vt 0.285221 0.417617 0.000000
vt 0.278902 0.418664 0.000000
vt 0.280951 0.420100 0.000000
vt 0.278068 0.423152 0.000000
vt 0.280481 0.423065 0.000000
vt 0.279702 0.427455 0.000000
vt 0.281548 0.425692 0.000000
vt 0.285079 0.430456 0.000000
vt 0.286294 0.428039 0.000000
vt 0.289197 0.433034 0.000000
vt 0.291348 0.431926 0.000000
vt 0.289334 0.435992 0.000000
vt 0.291771 0.436484 0.000000
vt 0.288205 0.438520 0.000000
vt 0.289447 0.440555 0.000000
vt 0.283073 0.439463 0.000000
vt 0.283265 0.442032 0.000000
vt 0.277966 0.438931 0.000000
vt 0.276944 0.441046 0.000000
vt 0.276812 0.437664 0.000000
vt 0.275304 0.439535 0.000000
vt 0.275386 0.436078 0.000000
vt 0.273956 0.438393 0.000000
vt 0.273548 0.435243 0.000000
vt 0.272241 0.437564 0.000000
vt 0.272045 0.434666 0.000000
vt 0.270379 0.436264 0.000000
vt 0.271082 0.433086 0.000000
vt 0.269249 0.434499 0.000000
vt 0.269887 0.431132 0.000000
vt 0.268334 0.433202 0.000000
vt 0.264387 0.428357 0.000000
vt 0.263275 0.430817 0.000000
vt 0.260115 0.425720 0.000000
vt 0.258017 0.426927 0.000000
vt 0.259761 0.422557 0.000000
vt 0.257256 0.422341 0.000000
vt 0.260487 0.419692 0.000000
vt 0.258900 0.417896 0.000000
vt 0.265300 0.417541 0.000000
vt 0.264627 0.415244 0.000000
vt 0.271019 0.414954 0.000000
vt 0.269220 0.412943 0.000000
vt 0.272174 0.413100 0.000000
vt 0.270108 0.411450 0.000000
vt 0.272901 0.411602 0.000000
vt 0.271503 0.409742 0.000000
vt 0.274518 0.410769 0.000000
vt 0.273308 0.408718 0.000000
vt 0.276466 0.409849 0.000000
vt 0.274700 0.407765 0.000000
vt 0.277718 0.408303 0.000000
vt 0.275959 0.406308 0.000000
vt 0.278671 0.407097 0.000000
vt 0.277715 0.404750 0.000000
vt 0.296034 0.966199 0.000000
vt 0.296034 0.960647 0.000000
vt 0.288631 0.960647 0.000000
vt 0.288631 0.966199 0.000000
vt 0.296034 0.956945 0.000000
vt 0.297885 0.960647 0.000000
vt 0.299735 0.958796 0.000000
vt 0.299735 0.956945 0.000000
vt 0.288631 0.956945 0.000000
vt 0.284929 0.958796 0.000000
vt 0.286780 0.960647 0.000000
vt 0.281227 0.951393 0.000000
vt 0.283078 0.956945 0.000000
vt 0.284929 0.956945 0.000000
vt 0.288631 0.951393 0.000000
vt 0.303437 0.951393 0.000000
vt 0.296034 0.951393 0.000000
vt 0.301586 0.956945 0.000000
vt 0.299735 0.945840 0.000000
vt 0.296034 0.945840 0.000000
vt 0.284929 0.945840 0.000000
vt 0.281227 0.945840 0.000000
vt 0.292332 0.971752 0.000000
vt 0.288631 0.971752 0.000000
vt 0.292332 0.956945 0.000000
vt 0.284929 0.960647 0.000000
vt 0.299735 0.960647 0.000000
vt 0.281227 0.956945 0.000000
vt 0.303437 0.956945 0.000000
vt 0.288631 0.945840 0.000000
vt 0.303437 0.945840 0.000000
vt 0.296034 0.971752 0.000000
vt 0.947113 0.538208 0.000000
vt 0.944986 0.536647 0.000000
vt 0.944322 0.537944 0.000000
vt 0.945651 0.540056 0.000000
vt 0.937462 0.540502 0.000000
vt 0.938238 0.542963 0.000000
vt 0.930583 0.541983 0.000000
vt 0.930276 0.544357 0.000000
vt 0.929245 0.541169 0.000000
vt 0.928231 0.543377 0.000000
vt 0.927661 0.540076 0.000000
vt 0.926538 0.542518 0.000000
vt 0.926040 0.539562 0.000000
vt 0.924609 0.541659 0.000000
vt 0.924866 0.538971 0.000000
vt 0.922840 0.539967 0.000000
vt 0.924588 0.537638 0.000000
vt 0.922244 0.537595 0.000000
vt 0.924676 0.536453 0.000000
vt 0.922826 0.535084 0.000000
vt 0.927422 0.534636 0.000000
vt 0.926254 0.532399 0.000000
vt 0.930383 0.533584 0.000000
vt 0.930532 0.531340 0.000000
vt 0.931984 0.534244 0.000000
vt 0.932539 0.532036 0.000000
vt 0.934034 0.535015 0.000000
vt 0.934065 0.532509 0.000000
vt 0.938225 0.534040 0.000000
vt 0.937345 0.531807 0.000000
vt 0.941800 0.531261 0.000000
vt 0.939677 0.530006 0.000000
vt 0.942485 0.526796 0.000000
vt 0.940090 0.526968 0.000000
vt 0.940701 0.522527 0.000000
vt 0.938984 0.524341 0.000000
vt 0.933296 0.518993 0.000000
vt 0.932599 0.521559 0.000000
vt 0.926460 0.516847 0.000000
vt 0.925088 0.518816 0.000000
vt 0.925571 0.515487 0.000000
vt 0.923745 0.517067 0.000000
vt 0.924504 0.513761 0.000000
vt 0.922614 0.515706 0.000000
vt 0.922998 0.512669 0.000000
vt 0.921085 0.514475 0.000000
vt 0.921886 0.511754 0.000000
vt 0.919623 0.512652 0.000000
vt 0.921434 0.508368 0.000000
vt 0.918868 0.508502 0.000000
vt 0.921597 0.505255 0.000000
vt 0.919605 0.504176 0.000000
vt 0.922833 0.504121 0.000000
vt 0.921061 0.502573 0.000000
vt 0.924411 0.502810 0.000000
vt 0.922219 0.501261 0.000000
vt 0.925287 0.501107 0.000000
vt 0.923139 0.499575 0.000000
vt 0.925910 0.499805 0.000000
vt 0.924563 0.497682 0.000000
vt 0.934545 0.496664 0.000000
vt 0.933846 0.494186 0.000000
vt 0.943401 0.495255 0.000000
vt 0.943761 0.492864 0.000000
vt 0.944685 0.496120 0.000000
vt 0.945798 0.493956 0.000000
vt 0.946197 0.497295 0.000000
vt 0.947470 0.494938 0.000000
vt 0.947771 0.497933 0.000000
vt 0.949351 0.495953 0.000000
vt 0.948899 0.498624 0.000000
vt 0.950994 0.497793 0.000000
vt 0.949076 0.499985 0.000000
vt 0.951407 0.500219 0.000000
vt 0.948901 0.501169 0.000000
vt 0.950630 0.502687 0.000000
vt 0.946032 0.502771 0.000000
vt 0.947003 0.505099 0.000000
vt 0.943009 0.503587 0.000000
vt 0.942664 0.505807 0.000000
vt 0.941481 0.502794 0.000000
vt 0.940740 0.504947 0.000000
vt 0.939502 0.501835 0.000000
vt 0.939297 0.504343 0.000000
vt 0.933388 0.502798 0.000000
vt 0.934112 0.505148 0.000000
vt 0.928107 0.506459 0.000000
vt 0.930187 0.507815 0.000000
vt 0.927448 0.511004 0.000000
vt 0.929835 0.510823 0.000000
vt 0.929294 0.515279 0.000000
vt 0.930997 0.513450 0.000000
vt 0.936757 0.518809 0.000000
vt 0.937434 0.516238 0.000000
vt 0.943663 0.520930 0.000000
vt 0.945007 0.518940 0.000000
vt 0.944581 0.522291 0.000000
vt 0.946382 0.520679 0.000000
vt 0.945692 0.524011 0.000000
vt 0.947541 0.522032 0.000000
vt 0.947235 0.525081 0.000000
vt 0.949104 0.523235 0.000000
vt 0.948383 0.525963 0.000000
vt 0.950633 0.525035 0.000000
vt 0.948851 0.529340 0.000000
vt 0.951407 0.529234 0.000000
vt 0.948656 0.532488 0.000000
vt 0.950652 0.533572 0.000000
vt 0.947431 0.533638 0.000000
vt 0.949209 0.535191 0.000000
vt 0.945855 0.534948 0.000000
vt 0.948051 0.536511 0.000000
vt 0.841490 0.842562 0.000000
vt 0.843341 0.846263 0.000000
vt 0.845192 0.844413 0.000000
vt 0.845192 0.842562 0.000000
vt 0.826684 0.831457 0.000000
vt 0.826684 0.827755 0.000000
vt 0.824833 0.827755 0.000000
vt 0.822982 0.829606 0.000000
vt 0.830385 0.842562 0.000000
vt 0.826684 0.838860 0.000000
vt 0.822982 0.842562 0.000000
vt 0.826684 0.846263 0.000000
vt 0.845192 0.835159 0.000000
vt 0.847042 0.827755 0.000000
vt 0.845192 0.827755 0.000000
vt 0.841490 0.831457 0.000000
vt 0.830385 0.829606 0.000000
vt 0.830385 0.831457 0.000000
vt 0.837788 0.844413 0.000000
vt 0.837788 0.846263 0.000000
vt 0.841490 0.846263 0.000000
vt 0.847042 0.835159 0.000000
vt 0.848893 0.831457 0.000000
vt 0.830385 0.827755 0.000000
vt 0.835938 0.827755 0.000000
vt 0.835938 0.824054 0.000000
vt 0.826684 0.825905 0.000000
vt 0.841490 0.827755 0.000000
vt 0.845192 0.825905 0.000000
vt 0.834087 0.849965 0.000000
vt 0.830385 0.846263 0.000000
vt 0.826684 0.848114 0.000000
vt 0.826684 0.849965 0.000000
vt 0.841490 0.848114 0.000000
vt 0.841490 0.849965 0.000000
vt 0.845192 0.837009 0.000000
vt 0.841490 0.835159 0.000000
vt 0.837788 0.838860 0.000000
vt 0.845192 0.838860 0.000000
vt 0.826684 0.837009 0.000000
vt 0.830385 0.838860 0.000000
vt 0.834087 0.835159 0.000000
vt 0.826684 0.835159 0.000000
vt 0.845192 0.846263 0.000000
vt 0.822982 0.827755 0.000000
vt 0.822982 0.831457 0.000000
vt 0.848893 0.827755 0.000000
vt 0.848893 0.835159 0.000000
vt 0.822982 0.846263 0.000000
vt 0.824833 0.846263 0.000000
vt 0.837788 0.842562 0.000000
vt 0.824833 0.838860 0.000000
vt 0.822982 0.838860 0.000000
vt 0.834087 0.846263 0.000000
vt 0.845192 0.824054 0.000000
vt 0.826684 0.824054 0.000000
vt 0.543920 0.768214 0.000000
vt 0.541599 0.768568 0.000000
vt 0.541450 0.769766 0.000000
vt 0.543556 0.771213 0.000000
vt 0.531061 0.776731 0.000000
vt 0.531903 0.779264 0.000000
vt 0.519130 0.777574 0.000000
vt 0.517933 0.779677 0.000000
vt 0.518470 0.776746 0.000000
vt 0.516259 0.777263 0.000000
vt 0.518173 0.775747 0.000000
vt 0.516148 0.774639 0.000000
vt 0.520250 0.773655 0.000000
vt 0.518860 0.771842 0.000000
vt 0.523125 0.770667 0.000000
vt 0.520643 0.769971 0.000000
vt 0.520730 0.758953 0.000000
vt 0.518037 0.759633 0.000000
vt 0.518497 0.748781 0.000000
vt 0.516148 0.747871 0.000000
vt 0.520324 0.747281 0.000000
vt 0.519456 0.744928 0.000000
vt 0.522551 0.747171 0.000000
vt 0.523970 0.745079 0.000000
vt 0.527833 0.756769 0.000000
vt 0.530086 0.755638 0.000000
vt 0.534941 0.766323 0.000000
vt 0.535911 0.763780 0.000000
vt 0.538767 0.766538 0.000000
vt 0.539069 0.763817 0.000000
vt 0.541334 0.767263 0.000000
vt 0.542987 0.765671 0.000000
vt 0.343977 0.966130 0.000000
vt 0.343977 0.955025 0.000000
vt 0.336574 0.955025 0.000000
vt 0.336574 0.966130 0.000000
vt 0.351380 0.951324 0.000000
vt 0.340275 0.951324 0.000000
vt 0.347678 0.955025 0.000000
vt 0.329170 0.951324 0.000000
vt 0.332872 0.955025 0.000000
vt 0.340275 0.977235 0.000000
vt 0.336574 0.977235 0.000000
vt 0.329170 0.953175 0.000000
vt 0.329170 0.955025 0.000000
vt 0.351380 0.955025 0.000000
vt 0.351380 0.953175 0.000000
vt 0.343977 0.977235 0.000000
vt 0.150584 0.393305 0.000000
vt 0.147985 0.393597 0.000000
vt 0.148013 0.407189 0.000000
vt 0.150325 0.408240 0.000000
vt 0.139498 0.417264 0.000000
vt 0.141135 0.419341 0.000000
vt 0.128749 0.422460 0.000000
vt 0.128503 0.424850 0.000000
vt 0.127996 0.421983 0.000000
vt 0.126234 0.423327 0.000000
vt 0.127611 0.421234 0.000000
vt 0.125199 0.420810 0.000000
vt 0.132487 0.414308 0.000000
vt 0.130771 0.412558 0.000000
vt 0.138761 0.406474 0.000000
vt 0.136329 0.405744 0.000000
vt 0.138163 0.402101 0.000000
vt 0.135923 0.402873 0.000000
vt 0.135238 0.398633 0.000000
vt 0.134308 0.400994 0.000000
vt 0.127201 0.398758 0.000000
vt 0.127435 0.401493 0.000000
vt 0.120852 0.398532 0.000000
vt 0.119452 0.400388 0.000000
vt 0.120428 0.397645 0.000000
vt 0.118222 0.398054 0.000000
vt 0.120432 0.396739 0.000000
vt 0.118462 0.395347 0.000000
vt 0.126489 0.393315 0.000000
vt 0.125638 0.391089 0.000000
vt 0.133635 0.388929 0.000000
vt 0.131425 0.387650 0.000000
vt 0.134077 0.384496 0.000000
vt 0.131616 0.384723 0.000000
vt 0.132698 0.380394 0.000000
vt 0.130653 0.382006 0.000000
vt 0.125461 0.374319 0.000000
vt 0.123801 0.376469 0.000000
vt 0.120537 0.368230 0.000000
vt 0.118222 0.368594 0.000000
vt 0.120921 0.367322 0.000000
vt 0.119150 0.366014 0.000000
vt 0.121656 0.366739 0.000000
vt 0.121431 0.364253 0.000000
vt 0.134010 0.370933 0.000000
vt 0.135420 0.368782 0.000000
vt 0.144362 0.380171 0.000000
vt 0.146568 0.378864 0.000000
vt 0.396714 0.862071 0.000000
vt 0.389311 0.862071 0.000000
vt 0.389311 0.865773 0.000000
vt 0.396714 0.865773 0.000000
vt 0.404117 0.863922 0.000000
vt 0.404117 0.865773 0.000000
vt 0.389311 0.858369 0.000000
vt 0.389311 0.854668 0.000000
vt 0.381908 0.850966 0.000000
vt 0.381908 0.863922 0.000000
vt 0.389311 0.869474 0.000000
vt 0.381908 0.876877 0.000000
vt 0.389311 0.873176 0.000000
vt 0.407819 0.875027 0.000000
vt 0.398565 0.873176 0.000000
vt 0.394863 0.876877 0.000000
vt 0.407819 0.876877 0.000000
vt 0.394863 0.850966 0.000000
vt 0.398565 0.854668 0.000000
vt 0.407819 0.852817 0.000000
vt 0.407819 0.850966 0.000000
vt 0.404117 0.862071 0.000000
vt 0.407819 0.873176 0.000000
vt 0.407819 0.854668 0.000000
vt 0.528473 0.593804 0.000000
vt 0.527906 0.596314 0.000000
vt 0.539121 0.602275 0.000000
vt 0.540932 0.600562 0.000000
vt 0.539876 0.605145 0.000000
vt 0.542360 0.605070 0.000000
vt 0.539261 0.608188 0.000000
vt 0.541222 0.609436 0.000000
vt 0.537941 0.609291 0.000000
vt 0.539676 0.610935 0.000000
vt 0.536351 0.610647 0.000000
vt 0.538469 0.612223 0.000000
vt 0.535344 0.612424 0.000000
vt 0.537604 0.613843 0.000000
vt 0.534573 0.613985 0.000000
vt 0.536400 0.615582 0.000000
vt 0.533153 0.615252 0.000000
vt 0.534862 0.616812 0.000000
vt 0.531650 0.616992 0.000000
vt 0.533856 0.617964 0.000000
vt 0.531298 0.619420 0.000000
vt 0.533640 0.619358 0.000000
vt 0.531958 0.621843 0.000000
vt 0.534210 0.620557 0.000000
vt 0.533524 0.623419 0.000000
vt 0.535491 0.621614 0.000000
vt 0.534930 0.624517 0.000000
vt 0.536948 0.623103 0.000000
vt 0.535819 0.626130 0.000000
vt 0.537917 0.624872 0.000000
vt 0.536848 0.627953 0.000000
vt 0.538919 0.626300 0.000000
vt 0.538309 0.629320 0.000000
vt 0.540366 0.627640 0.000000
vt 0.539409 0.630448 0.000000
vt 0.541756 0.629569 0.000000
vt 0.539921 0.633776 0.000000
vt 0.542429 0.634076 0.000000
vt 0.539143 0.636548 0.000000
vt 0.540550 0.638586 0.000000
vt 0.527215 0.641232 0.000000
vt 0.527446 0.643798 0.000000
vt 0.515005 0.639241 0.000000
vt 0.513728 0.641366 0.000000
vt 0.513747 0.636904 0.000000
vt 0.511353 0.637266 0.000000
vt 0.514142 0.634234 0.000000
vt 0.512305 0.632725 0.000000
vt 0.518698 0.631483 0.000000
vt 0.517486 0.629412 0.000000
vt 0.523533 0.627503 0.000000
vt 0.521378 0.626231 0.000000
vt 0.523980 0.625056 0.000000
vt 0.521594 0.624979 0.000000
vt 0.523484 0.622713 0.000000
vt 0.521074 0.623751 0.000000
vt 0.522266 0.621095 0.000000
vt 0.519956 0.622406 0.000000
vt 0.521320 0.619850 0.000000
vt 0.518941 0.620474 0.000000
vt 0.521226 0.618270 0.000000
vt 0.518663 0.618307 0.000000
vt 0.521267 0.616814 0.000000
vt 0.519047 0.616060 0.000000
vt 0.522241 0.615360 0.000000
vt 0.520157 0.614331 0.000000
vt 0.523346 0.613509 0.000000
vt 0.520988 0.612946 0.000000
vt 0.523397 0.611178 0.000000
vt 0.521070 0.611528 0.000000
vt 0.522512 0.608813 0.000000
vt 0.520538 0.610361 0.000000
vt 0.517610 0.605085 0.000000
vt 0.516126 0.607344 0.000000
vt 0.513753 0.601924 0.000000
vt 0.511515 0.602914 0.000000
vt 0.513673 0.598990 0.000000
vt 0.511353 0.598231 0.000000
vt 0.515091 0.596720 0.000000
vt 0.514344 0.594378 0.000000
vt 0.115702 0.890170 0.000000
vt 0.113851 0.890170 0.000000
vt 0.113851 0.893872 0.000000
vt 0.115702 0.893872 0.000000
vt 0.113851 0.897574 0.000000
vt 0.113851 0.895723 0.000000
vt 0.102746 0.895723 0.000000
vt 0.102746 0.897574 0.000000
vt 0.102746 0.886469 0.000000
vt 0.102746 0.888320 0.000000
vt 0.113851 0.888320 0.000000
vt 0.113851 0.886469 0.000000
vt 0.106448 0.892021 0.000000
vt 0.106448 0.893872 0.000000
vt 0.106448 0.890170 0.000000
vt 0.112000 0.879066 0.000000
vt 0.119403 0.886469 0.000000
vt 0.124956 0.882767 0.000000
vt 0.119403 0.897574 0.000000
vt 0.112000 0.904977 0.000000
vt 0.124956 0.901275 0.000000
vt 0.099045 0.901275 0.000000
vt 0.099045 0.882767 0.000000
vt 0.117553 0.892021 0.000000
vt 0.117553 0.890170 0.000000
vt 0.104597 0.890170 0.000000
vt 0.102746 0.890170 0.000000
vt 0.117553 0.893872 0.000000
vt 0.104597 0.893872 0.000000
vt 0.102746 0.893872 0.000000
vt 0.100895 0.897574 0.000000
vt 0.099045 0.897574 0.000000
vt 0.099045 0.886469 0.000000
vt 0.100895 0.886469 0.000000
vt 0.124956 0.897574 0.000000
vt 0.124956 0.886469 0.000000
vt 0.124956 0.879066 0.000000
vt 0.124956 0.904977 0.000000
vt 0.099045 0.904977 0.000000
vt 0.099045 0.879066 0.000000
vt 0.241676 0.367443 0.000000
vt 0.239076 0.367735 0.000000
vt 0.239104 0.381327 0.000000
vt 0.241417 0.382378 0.000000
vt 0.230590 0.391403 0.000000
vt 0.232226 0.393480 0.000000
vt 0.219841 0.396599 0.000000
vt 0.219594 0.398988 0.000000
vt 0.219088 0.396121 0.000000
vt 0.217326 0.397465 0.000000
vt 0.218702 0.395372 0.000000
vt 0.216290 0.394948 0.000000
vt 0.223578 0.388446 0.000000
vt 0.221862 0.386696 0.000000
vt 0.229853 0.380613 0.000000
vt 0.227420 0.379882 0.000000
vt 0.229255 0.376240 0.000000
vt 0.227015 0.377012 0.000000
vt 0.226329 0.372771 0.000000
vt 0.225399 0.375133 0.000000
vt 0.218292 0.372896 0.000000
vt 0.218526 0.375631 0.000000
vt 0.211944 0.372670 0.000000
vt 0.210544 0.374527 0.000000
vt 0.211520 0.371783 0.000000
vt 0.209313 0.372192 0.000000
vt 0.211524 0.370877 0.000000
vt 0.209553 0.369485 0.000000
vt 0.217581 0.367453 0.000000
vt 0.216729 0.365228 0.000000
vt 0.224726 0.363067 0.000000
vt 0.222517 0.361789 0.000000
vt 0.225168 0.358634 0.000000
vt 0.222708 0.358861 0.000000
vt 0.223789 0.354532 0.000000
vt 0.221744 0.356145 0.000000
vt 0.216553 0.348457 0.000000
vt 0.214892 0.350607 0.000000
vt 0.211629 0.342369 0.000000
vt 0.209313 0.342732 0.000000
vt 0.212012 0.341461 0.000000
vt 0.210242 0.340153 0.000000
vt 0.212747 0.340877 0.000000
vt 0.212522 0.338392 0.000000
vt 0.225101 0.345072 0.000000
vt 0.226511 0.342920 0.000000
vt 0.235454 0.354309 0.000000
vt 0.237660 0.353002 0.000000
vt 0.128234 0.940349 0.000000
vt 0.120831 0.940349 0.000000
vt 0.120831 0.944051 0.000000
vt 0.128234 0.944051 0.000000
vt 0.135637 0.942200 0.000000
vt 0.135637 0.944051 0.000000
vt 0.120831 0.936648 0.000000
vt 0.120831 0.932946 0.000000
vt 0.113427 0.929244 0.000000
vt 0.113427 0.942200 0.000000
vt 0.120831 0.947752 0.000000
vt 0.113427 0.955156 0.000000
vt 0.120831 0.951454 0.000000
vt 0.139339 0.953305 0.000000
vt 0.130085 0.951454 0.000000
vt 0.126383 0.955156 0.000000
vt 0.139339 0.955156 0.000000
vt 0.126383 0.929244 0.000000
vt 0.130085 0.932946 0.000000
vt 0.139339 0.931095 0.000000
vt 0.139339 0.929244 0.000000
vt 0.135637 0.940349 0.000000
vt 0.139339 0.951454 0.000000
vt 0.139339 0.932946 0.000000
vt 0.926491 0.568623 0.000000
vt 0.926251 0.571186 0.000000
vt 0.938924 0.575475 0.000000
vt 0.940700 0.573749 0.000000
vt 0.943484 0.585889 0.000000
vt 0.946001 0.585262 0.000000
vt 0.945140 0.596884 0.000000
vt 0.947517 0.597454 0.000000
vt 0.944283 0.598099 0.000000
vt 0.946336 0.599427 0.000000
vt 0.943076 0.599527 0.000000
vt 0.945308 0.601018 0.000000
vt 0.942341 0.601136 0.000000
vt 0.944351 0.602816 0.000000
vt 0.941692 0.602350 0.000000
vt 0.942789 0.604575 0.000000
vt 0.936831 0.603606 0.000000
vt 0.937178 0.606174 0.000000
vt 0.932129 0.603865 0.000000
vt 0.931218 0.606100 0.000000
vt 0.929777 0.601660 0.000000
vt 0.928242 0.603384 0.000000
vt 0.926429 0.599272 0.000000
vt 0.925859 0.601751 0.000000
vt 0.924107 0.599529 0.000000
vt 0.924594 0.601875 0.000000
vt 0.921957 0.600524 0.000000
vt 0.923561 0.602605 0.000000
vt 0.920741 0.602255 0.000000
vt 0.922696 0.604029 0.000000
vt 0.920036 0.603716 0.000000
vt 0.921344 0.605656 0.000000
vt 0.918509 0.604466 0.000000
vt 0.919615 0.606602 0.000000
vt 0.916668 0.605260 0.000000
vt 0.918261 0.607503 0.000000
vt 0.915541 0.606626 0.000000
vt 0.916841 0.608853 0.000000
vt 0.914583 0.607544 0.000000
vt 0.914727 0.609830 0.000000
vt 0.913337 0.607334 0.000000
vt 0.912416 0.609519 0.000000
vt 0.912399 0.606907 0.000000
vt 0.910335 0.608067 0.000000
vt 0.911834 0.601786 0.000000
vt 0.909279 0.602097 0.000000
vt 0.912073 0.596652 0.000000
vt 0.909804 0.595956 0.000000
vt 0.913231 0.595332 0.000000
vt 0.911124 0.594169 0.000000
vt 0.914649 0.593672 0.000000
vt 0.912089 0.592720 0.000000
vt 0.915191 0.591737 0.000000
vt 0.912652 0.590947 0.000000
vt 0.915549 0.590170 0.000000
vt 0.913629 0.588949 0.000000
vt 0.916934 0.588811 0.000000
vt 0.915144 0.587541 0.000000
vt 0.918434 0.586941 0.000000
vt 0.916008 0.586392 0.000000
vt 0.918323 0.584557 0.000000
vt 0.916088 0.584989 0.000000
vt 0.917482 0.582239 0.000000
vt 0.915610 0.583939 0.000000
vt 0.914149 0.580086 0.000000
vt 0.912755 0.582398 0.000000
vt 0.911762 0.578504 0.000000
vt 0.909587 0.579553 0.000000
vt 0.911701 0.575508 0.000000
vt 0.909279 0.575068 0.000000
vt 0.912915 0.572994 0.000000
vt 0.911750 0.570813 0.000000
vt 0.873881 0.960628 0.000000
vt 0.874263 0.963150 0.000000
vt 0.877189 0.963244 0.000000
vt 0.878669 0.961304 0.000000
vt 0.879868 0.967576 0.000000
vt 0.882339 0.966823 0.000000
vt 0.880205 0.972350 0.000000
vt 0.882339 0.973558 0.000000
vt 0.876236 0.975321 0.000000
vt 0.877200 0.977719 0.000000
vt 0.871557 0.975923 0.000000
vt 0.870577 0.978126 0.000000
vt 0.869486 0.973526 0.000000
vt 0.867314 0.974900 0.000000
vt 0.868400 0.970711 0.000000
vt 0.866131 0.970453 0.000000
vt 0.869174 0.969230 0.000000
vt 0.866937 0.968321 0.000000
vt 0.870271 0.967539 0.000000
vt 0.867708 0.966571 0.000000
vt 0.870751 0.965763 0.000000
vt 0.868371 0.964582 0.000000
vt 0.871246 0.964415 0.000000
vt 0.869678 0.962478 0.000000
vt 0.352473 0.912250 0.000000
vt 0.348771 0.914101 0.000000
vt 0.350622 0.915951 0.000000
vt 0.352473 0.915951 0.000000
vt 0.359876 0.917802 0.000000
vt 0.352473 0.919653 0.000000
vt 0.356174 0.923355 0.000000
vt 0.358025 0.923355 0.000000
vt 0.341368 0.923355 0.000000
vt 0.341368 0.917802 0.000000
vt 0.333965 0.914101 0.000000
vt 0.333965 0.927056 0.000000
vt 0.356174 0.912250 0.000000
vt 0.348771 0.904847 0.000000
vt 0.346920 0.904847 0.000000
vt 0.348771 0.912250 0.000000
vt 0.352473 0.908548 0.000000
vt 0.352473 0.923355 0.000000
vt 0.346920 0.923355 0.000000
vt 0.345069 0.927056 0.000000
vt 0.356174 0.925205 0.000000
vt 0.356174 0.904847 0.000000
vt 0.354323 0.901145 0.000000
vt 0.348771 0.902996 0.000000
vt 0.343219 0.908548 0.000000
vt 0.341368 0.908548 0.000000
vt 0.341368 0.912250 0.000000
vt 0.345069 0.912250 0.000000
vt 0.358025 0.904847 0.000000
vt 0.359876 0.902996 0.000000
vt 0.337666 0.901145 0.000000
vt 0.352473 0.910399 0.000000
vt 0.356174 0.906697 0.000000
vt 0.345069 0.908548 0.000000
vt 0.348771 0.915951 0.000000
vt 0.359876 0.904847 0.000000
vt 0.354323 0.908548 0.000000
vt 0.356174 0.908548 0.000000
vt 0.345069 0.904847 0.000000
vt 0.345069 0.906697 0.000000
vt 0.341368 0.904847 0.000000
vt 0.341368 0.901145 0.000000
vt 0.348771 0.901145 0.000000
vt 0.359876 0.901145 0.000000
vt 0.359876 0.923355 0.000000
vt 0.359876 0.912250 0.000000
vt 0.356174 0.927056 0.000000
vt 0.333965 0.901145 0.000000
vt 0.662805 0.525767 0.000000
vt 0.662565 0.528331 0.000000
vt 0.675239 0.532620 0.000000
vt 0.677014 0.530893 0.000000
vt 0.679798 0.543034 0.000000
vt 0.682316 0.542406 0.000000
vt 0.681454 0.554029 0.000000
vt 0.683831 0.554598 0.000000
vt 0.680597 0.555244 0.000000
vt 0.682650 0.556571 0.000000
vt 0.679390 0.556671 0.000000
vt 0.681622 0.558162 0.000000
vt 0.678656 0.558280 0.000000
vt 0.680665 0.559960 0.000000
vt 0.678006 0.559494 0.000000
vt 0.679104 0.561720 0.000000
vt 0.673145 0.560750 0.000000
vt 0.673493 0.563318 0.000000
vt 0.668443 0.561010 0.000000
vt 0.667532 0.563244 0.000000
vt 0.666091 0.558805 0.000000
vt 0.664557 0.560528 0.000000
vt 0.662743 0.556416 0.000000
vt 0.662173 0.558896 0.000000
vt 0.660422 0.556673 0.000000
vt 0.660908 0.559020 0.000000
vt 0.658271 0.557668 0.000000
vt 0.659876 0.559749 0.000000
vt 0.657055 0.559400 0.000000
vt 0.659010 0.561173 0.000000
vt 0.656350 0.560861 0.000000
vt 0.657658 0.562801 0.000000
vt 0.654824 0.561610 0.000000
vt 0.655930 0.563747 0.000000
vt 0.652983 0.562405 0.000000
vt 0.654575 0.564648 0.000000
vt 0.651855 0.563771 0.000000
vt 0.653155 0.565998 0.000000
vt 0.650898 0.564688 0.000000
vt 0.651041 0.566974 0.000000
vt 0.649652 0.564479 0.000000
vt 0.648731 0.566663 0.000000
vt 0.648713 0.564051 0.000000
vt 0.646650 0.565211 0.000000
vt 0.648148 0.558931 0.000000
vt 0.645593 0.559241 0.000000
vt 0.648387 0.553797 0.000000
vt 0.646119 0.553100 0.000000
vt 0.649545 0.552477 0.000000
vt 0.647438 0.551313 0.000000
vt 0.650963 0.550816 0.000000
vt 0.648403 0.549864 0.000000
vt 0.651505 0.548881 0.000000
vt 0.648966 0.548092 0.000000
vt 0.651863 0.547314 0.000000
vt 0.649943 0.546093 0.000000
vt 0.653248 0.545955 0.000000
vt 0.651458 0.544685 0.000000
vt 0.654748 0.544085 0.000000
vt 0.652322 0.543536 0.000000
vt 0.654638 0.541701 0.000000
vt 0.652402 0.542133 0.000000
vt 0.653796 0.539384 0.000000
vt 0.651924 0.541083 0.000000
vt 0.650463 0.537230 0.000000
vt 0.649069 0.539542 0.000000
vt 0.648077 0.535648 0.000000
vt 0.645901 0.536697 0.000000
vt 0.648015 0.532652 0.000000
vt 0.645593 0.532213 0.000000
vt 0.649229 0.530139 0.000000
vt 0.648064 0.527958 0.000000
vt 0.830732 0.924408 0.000000
vt 0.831115 0.926931 0.000000
vt 0.834040 0.927025 0.000000
vt 0.835521 0.925085 0.000000
vt 0.836720 0.931356 0.000000
vt 0.839190 0.930604 0.000000
vt 0.837056 0.936130 0.000000
vt 0.839190 0.937339 0.000000
vt 0.833087 0.939102 0.000000
vt 0.834051 0.941500 0.000000
vt 0.828409 0.939703 0.000000
vt 0.827429 0.941907 0.000000
vt 0.826338 0.937307 0.000000
vt 0.824166 0.938680 0.000000
vt 0.825251 0.934492 0.000000
vt 0.822982 0.934234 0.000000
vt 0.826026 0.933011 0.000000
vt 0.823789 0.932102 0.000000
vt 0.827123 0.931320 0.000000
vt 0.824559 0.930351 0.000000
vt 0.827602 0.929544 0.000000
vt 0.825222 0.928362 0.000000
vt 0.828098 0.928196 0.000000
vt 0.826529 0.926259 0.000000
vt 0.668896 0.887080 0.000000
vt 0.665194 0.888931 0.000000
vt 0.667045 0.890782 0.000000
vt 0.668896 0.890782 0.000000
vt 0.676299 0.892633 0.000000
vt 0.668896 0.894483 0.000000
vt 0.672597 0.898185 0.000000
vt 0.674448 0.898185 0.000000
vt 0.657791 0.898185 0.000000
vt 0.657791 0.892633 0.000000
vt 0.650388 0.888931 0.000000
vt 0.650388 0.901887 0.000000
vt 0.672597 0.887080 0.000000
vt 0.665194 0.879677 0.000000
vt 0.663343 0.879677 0.000000
vt 0.665194 0.887080 0.000000
vt 0.668896 0.883379 0.000000
vt 0.668896 0.898185 0.000000
vt 0.663343 0.898185 0.000000
vt 0.661492 0.901887 0.000000
vt 0.672597 0.900036 0.000000
vt 0.672597 0.879677 0.000000
vt 0.670746 0.875975 0.000000
vt 0.665194 0.877826 0.000000
vt 0.659642 0.883379 0.000000
vt 0.657791 0.883379 0.000000
vt 0.657791 0.887080 0.000000
vt 0.661492 0.887080 0.000000
vt 0.674448 0.879677 0.000000
vt 0.676299 0.877826 0.000000
vt 0.654089 0.875975 0.000000
vt 0.668896 0.885229 0.000000
vt 0.672597 0.881528 0.000000
vt 0.661492 0.883379 0.000000
vt 0.665194 0.890782 0.000000
vt 0.676299 0.879677 0.000000
vt 0.670746 0.883379 0.000000
vt 0.672597 0.883379 0.000000
vt 0.661492 0.879677 0.000000
vt 0.661492 0.881528 0.000000
vt 0.657791 0.879677 0.000000
vt 0.657791 0.875975 0.000000
vt 0.665194 0.875975 0.000000
vt 0.676299 0.875975 0.000000
vt 0.676299 0.898185 0.000000
vt 0.676299 0.887080 0.000000
vt 0.672597 0.901887 0.000000
vt 0.650388 0.875975 0.000000
vt 0.655575 0.733819 0.000000
vt 0.654055 0.735912 0.000000
vt 0.655284 0.736558 0.000000
vt 0.657429 0.735310 0.000000
vt 0.657954 0.745130 0.000000
vt 0.660456 0.744684 0.000000
vt 0.658179 0.753914 0.000000
vt 0.660456 0.754585 0.000000
vt 0.657160 0.755089 0.000000
vt 0.659148 0.756410 0.000000
vt 0.655823 0.756490 0.000000
vt 0.658057 0.757895 0.000000
vt 0.655026 0.758120 0.000000
vt 0.657119 0.759640 0.000000
vt 0.654380 0.759351 0.000000
vt 0.655632 0.761494 0.000000
vt 0.645814 0.762035 0.000000
vt 0.646264 0.764536 0.000000
vt 0.637032 0.762270 0.000000
vt 0.636364 0.764548 0.000000
vt 0.635856 0.761253 0.000000
vt 0.634537 0.763243 0.000000
vt 0.634453 0.759918 0.000000
vt 0.633051 0.762153 0.000000
vt 0.632823 0.759123 0.000000
vt 0.631305 0.761218 0.000000
vt 0.631592 0.758480 0.000000
vt 0.629449 0.759731 0.000000
vt 0.628917 0.749911 0.000000
vt 0.626416 0.750359 0.000000
vt 0.628693 0.741128 0.000000
vt 0.626416 0.740457 0.000000
vt 0.629712 0.739953 0.000000
vt 0.627724 0.738631 0.000000
vt 0.631049 0.738552 0.000000
vt 0.628816 0.737146 0.000000
vt 0.631846 0.736922 0.000000
vt 0.629753 0.735402 0.000000
vt 0.632493 0.735691 0.000000
vt 0.631241 0.733548 0.000000
vt 0.641061 0.733005 0.000000
vt 0.640610 0.730505 0.000000
vt 0.649846 0.732766 0.000000
vt 0.650512 0.730489 0.000000
vt 0.651022 0.733783 0.000000
vt 0.652341 0.731792 0.000000
vt 0.652426 0.735117 0.000000
vt 0.653828 0.732882 0.000000
vt 0.285139 0.348018 0.000000
vt 0.282626 0.348809 0.000000
vt 0.282894 0.357488 0.000000
vt 0.285116 0.358627 0.000000
vt 0.278848 0.360219 0.000000
vt 0.279620 0.362679 0.000000
vt 0.274181 0.360395 0.000000
vt 0.272735 0.362437 0.000000
vt 0.269356 0.352871 0.000000
vt 0.266845 0.353670 0.000000
vt 0.269069 0.344194 0.000000
vt 0.266845 0.343062 0.000000
vt 0.273121 0.341460 0.000000
vt 0.272347 0.339001 0.000000
vt 0.277795 0.341283 0.000000
vt 0.279242 0.339241 0.000000
vt 0.050009 0.897261 0.000000
vt 0.053711 0.888007 0.000000
vt 0.046307 0.888007 0.000000
vt 0.048158 0.897261 0.000000
vt 0.068517 0.878753 0.000000
vt 0.064815 0.888007 0.000000
vt 0.072219 0.888007 0.000000
vt 0.070368 0.878753 0.000000
vt 0.068517 0.897261 0.000000
vt 0.070368 0.897261 0.000000
vt 0.050009 0.878753 0.000000
vt 0.048158 0.878753 0.000000
vt 0.053711 0.878753 0.000000
vt 0.059263 0.878753 0.000000
vt 0.059263 0.875051 0.000000
vt 0.050009 0.876902 0.000000
vt 0.064815 0.878753 0.000000
vt 0.068517 0.876902 0.000000
vt 0.064815 0.897261 0.000000
vt 0.059263 0.897261 0.000000
vt 0.059263 0.900963 0.000000
vt 0.068517 0.899112 0.000000
vt 0.053711 0.897261 0.000000
vt 0.050009 0.899112 0.000000
vt 0.050009 0.875051 0.000000
vt 0.068517 0.900963 0.000000
vt 0.050009 0.900963 0.000000
vt 0.068517 0.875051 0.000000
vt 0.046307 0.897261 0.000000
vt 0.046307 0.878753 0.000000
vt 0.072219 0.878753 0.000000
vt 0.072219 0.897261 0.000000
vt 0.466240 0.594306 0.000000
vt 0.466000 0.596869 0.000000
vt 0.478673 0.601158 0.000000
vt 0.480448 0.599432 0.000000
vt 0.483232 0.611572 0.000000
vt 0.485750 0.610945 0.000000
vt 0.484888 0.622567 0.000000
vt 0.487266 0.623137 0.000000
vt 0.484031 0.623782 0.000000
vt 0.486085 0.625110 0.000000
vt 0.482824 0.625210 0.000000
vt 0.485056 0.626701 0.000000
vt 0.482090 0.626819 0.000000
vt 0.484099 0.628499 0.000000
vt 0.481440 0.628033 0.000000
vt 0.482538 0.630259 0.000000
vt 0.476580 0.629289 0.000000
vt 0.476927 0.631857 0.000000
vt 0.471877 0.629548 0.000000
vt 0.470966 0.631783 0.000000
vt 0.469525 0.627343 0.000000
vt 0.467991 0.629067 0.000000
vt 0.466178 0.624955 0.000000
vt 0.465608 0.627434 0.000000
vt 0.463856 0.625212 0.000000
vt 0.464342 0.627558 0.000000
vt 0.461705 0.626207 0.000000
vt 0.463310 0.628288 0.000000
vt 0.460489 0.627938 0.000000
vt 0.462444 0.629712 0.000000
vt 0.459784 0.629399 0.000000
vt 0.461092 0.631339 0.000000
vt 0.458258 0.630149 0.000000
vt 0.459364 0.632286 0.000000
vt 0.456417 0.630943 0.000000
vt 0.458009 0.633187 0.000000
vt 0.455290 0.632309 0.000000
vt 0.456589 0.634537 0.000000
vt 0.454332 0.633227 0.000000
vt 0.454475 0.635513 0.000000
vt 0.453086 0.633017 0.000000
vt 0.452165 0.635202 0.000000
vt 0.452147 0.632590 0.000000
vt 0.450084 0.633750 0.000000
vt 0.451583 0.627469 0.000000
vt 0.449028 0.627780 0.000000
vt 0.451821 0.622335 0.000000
vt 0.449553 0.621639 0.000000
vt 0.452980 0.621015 0.000000
vt 0.450872 0.619852 0.000000
vt 0.454397 0.619355 0.000000
vt 0.451837 0.618403 0.000000
vt 0.454939 0.617420 0.000000
vt 0.452400 0.616630 0.000000
vt 0.455297 0.615853 0.000000
vt 0.453377 0.614632 0.000000
vt 0.456682 0.614494 0.000000
vt 0.454892 0.613224 0.000000
vt 0.458182 0.612624 0.000000
vt 0.455756 0.612075 0.000000
vt 0.458072 0.610240 0.000000
vt 0.455836 0.610672 0.000000
vt 0.457230 0.607922 0.000000
vt 0.455359 0.609622 0.000000
vt 0.453898 0.605769 0.000000
vt 0.452503 0.608081 0.000000
vt 0.451511 0.604187 0.000000
vt 0.449335 0.605236 0.000000
vt 0.451449 0.601191 0.000000
vt 0.449028 0.600751 0.000000
vt 0.452664 0.598678 0.000000
vt 0.451498 0.596497 0.000000
vt 0.581429 0.673559 0.000000
vt 0.581812 0.676082 0.000000
vt 0.584738 0.676176 0.000000
vt 0.586218 0.674236 0.000000
vt 0.587417 0.680507 0.000000
vt 0.589887 0.679755 0.000000
vt 0.587753 0.685281 0.000000
vt 0.589887 0.686490 0.000000
vt 0.583785 0.688253 0.000000
vt 0.584748 0.690651 0.000000
vt 0.579106 0.688854 0.000000
vt 0.578126 0.691058 0.000000
vt 0.577035 0.686458 0.000000
vt 0.574863 0.687831 0.000000
vt 0.575948 0.683643 0.000000
vt 0.573679 0.683385 0.000000
vt 0.576723 0.682162 0.000000
vt 0.574486 0.681253 0.000000
vt 0.577820 0.680471 0.000000
vt 0.575256 0.679502 0.000000
vt 0.578299 0.678694 0.000000
vt 0.575919 0.677513 0.000000
vt 0.578795 0.677346 0.000000
vt 0.577226 0.675410 0.000000
vt 0.942170 0.875080 0.000000
vt 0.938468 0.876930 0.000000
vt 0.940319 0.878781 0.000000
vt 0.942170 0.878781 0.000000
vt 0.949573 0.880632 0.000000
vt 0.942170 0.882483 0.000000
vt 0.945872 0.886184 0.000000
vt 0.947722 0.886184 0.000000
vt 0.931065 0.886184 0.000000
vt 0.931065 0.880632 0.000000
vt 0.923662 0.876930 0.000000
vt 0.923662 0.889886 0.000000
vt 0.945872 0.875080 0.000000
vt 0.938468 0.867676 0.000000
vt 0.936618 0.867676 0.000000
vt 0.938468 0.875080 0.000000
vt 0.942170 0.871378 0.000000
vt 0.942170 0.886184 0.000000
vt 0.936618 0.886184 0.000000
vt 0.934767 0.889886 0.000000
vt 0.945872 0.888035 0.000000
vt 0.945872 0.867676 0.000000
vt 0.944021 0.863975 0.000000
vt 0.938468 0.865826 0.000000
vt 0.932916 0.871378 0.000000
vt 0.931065 0.871378 0.000000
vt 0.931065 0.875080 0.000000
vt 0.934767 0.875080 0.000000
vt 0.947722 0.867676 0.000000
vt 0.949573 0.865826 0.000000
vt 0.927364 0.863975 0.000000
vt 0.942170 0.873229 0.000000
vt 0.945872 0.869527 0.000000
vt 0.934767 0.871378 0.000000
vt 0.938468 0.878781 0.000000
vt 0.949573 0.867676 0.000000
vt 0.944021 0.871378 0.000000
vt 0.945872 0.871378 0.000000
vt 0.934767 0.867676 0.000000
vt 0.934767 0.869527 0.000000
vt 0.931065 0.867676 0.000000
vt 0.931065 0.863975 0.000000
vt 0.938468 0.863975 0.000000
vt 0.949573 0.863975 0.000000
vt 0.949573 0.886184 0.000000
vt 0.949573 0.875080 0.000000
vt 0.945872 0.889886 0.000000
vt 0.923662 0.863975 0.000000
# 1272 texture coordinates

o TEXT
usemtl TASK FAILED
f 268/319/3 324/318/3 323/317/3 267/316/3
f 269/321/4 325/320/4 324/318/4 268/319/4
f 270/323/4 326/322/4 325/320/4 269/321/4
f 271/325/2 327/324/2 326/322/2 270/323/2
f 272/327/2 328/326/2 327/324/2 271/325/2
f 273/329/4 329/328/4 328/326/4 272/327/4
f 274/331/4 330/330/4 329/328/4 273/329/4
f 275/333/2 331/332/2 330/330/2 274/331/2
f 276/335/2 332/334/2 331/332/2 275/333/2
f 277/337/5 333/336/5 332/334/5 276/335/5
f 278/339/5 334/338/5 333/336/5 277/337/5
f 279/341/3 335/340/3 334/338/3 278/339/3
f 280/343/3 336/342/3 335/340/3 279/341/3
f 281/345/5 337/344/5 336/342/5 280/343/5
f 282/347/5 338/346/5 337/344/5 281/345/5
f 283/349/2 339/348/2 338/346/2 282/347/2
f 284/351/2 340/350/2 339/348/2 283/349/2
f 285/353/4 341/352/4 340/350/4 284/351/4
f 286/355/4 342/354/4 341/352/4 285/353/4
f 287/357/2 343/356/2 342/354/2 286/355/2
f 288/359/2 344/358/2 343/356/2 287/357/2
f 289/361/4 345/360/4 344/358/4 288/359/4
f 290/363/4 346/362/4 345/360/4 289/361/4
f 291/365/2 347/364/2 346/362/2 290/363/2
f 292/367/2 348/366/2 347/364/2 291/365/2
f 293/369/5 349/368/5 348/366/5 292/367/5
f 294/371/5 350/370/5 349/368/5 293/369/5
f 295/373/2 351/372/2 350/370/2 294/371/2
f 296/375/2 352/374/2 351/372/2 295/373/2
f 297/377/5 353/376/5 352/374/5 296/375/5
f 298/379/5 354/378/5 353/376/5 297/377/5
f 299/381/3 355/380/3 354/378/3 298/379/3
f 300/383/3 356/382/3 355/380/3 299/381/3
f 301/385/5 357/384/5 356/382/5 300/383/5
f 302/387/5 358/386/5 357/384/5 301/385/5
f 303/389/3 359/388/3 358/386/3 302/387/3
f 304/391/3 360/390/3 359/388/3 303/389/3
f 305/393/4 361/392/4 360/390/4 304/391/4
f 306/395/4 362/394/4 361/392/4 305/393/4
f 307/397/2 363/396/2 362/394/2 306/395/2
f 308/399/2 364/398/2 363/396/2 307/397/2
f 309/401/4 365/400/4 364/398/4 308/399/4
f 310/403/4 366/402/4 365/400/4 309/401/4
f 311/405/3 367/404/3 366/402/3 310/403/3
f 312/407/3 368/406/3 367/404/3 311/405/3
f 313/409/5 369/408/5 368/406/5 312/407/5
f 314/411/5 370/410/5 369/408/5 313/409/5
f 315/413/3 371/412/3 370/410/3 314/411/3
f 316/415/3 372/414/3 371/412/3 315/413/3
f 317/417/5 373/416/5 372/414/5 316/415/5
f 318/419/5 374/418/5 373/416/5 317/417/5
f 319/421/3 375/420/3 374/418/3 318/419/3
f 320/423/3 376/422/3 375/420/3 319/421/3
f 321/425/4 377/424/4 376/422/4 320/423/4
f 322/427/4 378/426/4 377/424/4 321/425/4
f 267/316/3 323/317/3 378/426/3 322/427/3
f 1124/431/1 1123/430/1 1121/429/1 1125/428/1
f 1151/435/1 1149/434/1 1148/433/1 1153/432/1
f 1170/439/1 1167/438/1 1164/437/1 1131/436/1
f 1159/443/1 1142/442/1 1141/441/1 1136/440/1
f 1154/445/1 1153/432/1 1148/433/1 1155/444/1
f 1125/428/1 1120/448/1 1128/447/1 1127/446/1
f 1141/441/1 1139/450/1 1137/449/1 1136/440/1
f 1147/454/1 1145/453/1 1157/452/1 1156/451/1
f 1157/452/1 1145/453/1 1143/456/1 1158/455/1
f 1155/444/1 1148/433/1 1147/454/1 1156/451/1
f 1116/460/1 1115/459/1 1130/458/1 1117/457/1
f 1118/462/1 1117/457/1 1128/447/1 1119/461/1
f 1134/466/1 1133/465/1 1160/464/1 1135/463/1
f 1162/470/1 1161/469/1 1132/468/1 1163/467/1
f 1135/463/1 1160/464/1 1159/443/1 1136/440/1
f 1115/459/1 1170/439/1 1131/436/1 1130/458/1
f 1131/436/1 1164/437/1 1163/467/1 1132/468/1
f 1143/456/1 1142/442/1 1159/443/1 1158/455/1
f 1132/468/1 1161/469/1 1160/464/1 1133/465/1
f 1123/430/1 1122/471/1 1121/429/1
f 1151/435/1 1150/472/1 1149/434/1
f 1125/428/1 1121/429/1 1120/448/1
f 1153/432/1 1152/473/1 1151/435/1
f 1141/441/1 1140/474/6 1139/450/1
f 1139/450/1 1138/475/1 1137/449/1
f 1169/477/1 1168/476/1 1167/438/1
f 1127/446/1 1126/478/1 1125/428/1
f 1128/447/1 1120/448/1 1119/461/1
f 1167/438/1 1166/480/1 1165/479/1
f 1129/481/1 1128/447/1 1117/457/1
f 1130/458/1 1129/481/1 1117/457/1
f 1145/453/1 1144/482/6 1143/456/1
f 1147/454/1 1146/483/1 1145/453/1
f 1170/439/1 1169/477/1 1167/438/1
f 1167/438/1 1165/479/1 1164/437/1
f 380/487/3 412/486/3 411/485/3 379/484/3
f 381/489/4 413/488/4 412/486/4 380/487/4
f 382/491/4 414/490/4 413/488/4 381/489/4
f 383/493/2 415/492/2 414/490/2 382/491/2
f 384/495/2 416/494/2 415/492/2 383/493/2
f 385/497/4 417/496/4 416/494/4 384/495/4
f 386/499/4 418/498/4 417/496/4 385/497/4
f 387/501/3 419/500/3 418/498/3 386/499/3
f 388/503/3 420/502/3 419/500/3 387/501/3
f 389/505/4 421/504/4 420/502/4 388/503/4
f 390/507/4 422/506/4 421/504/4 389/505/4
f 391/509/2 423/508/2 422/506/2 390/507/2
f 392/511/2 424/510/2 423/508/2 391/509/2
f 393/513/5 425/512/5 424/510/5 392/511/5
f 394/515/5 426/514/5 425/512/5 393/513/5
f 395/517/2 427/516/2 426/514/2 394/515/2
f 396/519/2 428/518/2 427/516/2 395/517/2
f 397/521/5 429/520/5 428/518/5 396/519/5
f 398/523/5 430/522/5 429/520/5 397/521/5
f 399/525/2 431/524/2 430/522/2 398/523/2
f 400/527/2 432/526/2 431/524/2 399/525/2
f 401/529/5 433/528/5 432/526/5 400/527/5
f 402/531/5 434/530/5 433/528/5 401/529/5
f 403/533/3 435/532/3 434/530/3 402/531/3
f 404/535/3 436/534/3 435/532/3 403/533/3
f 405/537/5 437/536/5 436/534/5 404/535/5
f 406/539/5 438/538/5 437/536/5 405/537/5
f 407/541/3 439/540/3 438/538/3 406/539/3
f 408/543/3 440/542/3 439/540/3 407/541/3
f 409/545/5 441/544/5 440/542/5 408/543/5
f 410/547/5 442/546/5 441/544/5 409/545/5
f 379/484/3 411/485/3 442/546/3 410/547/3
f 1191/551/1 1190/550/1 1196/549/1 1195/548/1
f 1200/555/1 1199/554/1 1197/553/1 1176/552/1
f 1190/550/1 1189/558/1 1187/557/1 1178/556/1
f 1179/562/1 1186/561/1 1185/560/1 1183/559/1
f 1201/565/1 1200/555/1 1175/564/1 1171/563/1
f 1174/567/1 1173/566/1 1171/563/1 1175/564/1
f 1182/569/1 1181/568/1 1179/562/1 1183/559/1
f 1192/571/1 1191/551/1 1195/548/1 1193/570/1
f 1176/552/1 1196/549/1 1190/550/1 1177/572/1
f 1187/557/1 1186/561/1 1179/562/1 1178/556/1
f 1189/558/1 1188/573/6 1187/557/1
f 1199/554/1 1198/574/1 1197/553/1
f 1185/560/1 1184/575/6 1183/559/1
f 1171/563/1 1202/576/1 1201/565/1
f 1181/568/1 1180/577/1 1179/562/1
f 1173/566/1 1172/578/1 1171/563/1
f 1195/548/1 1194/579/1 1193/570/1
f 1176/552/1 1175/564/1 1200/555/1
f 1176/552/1 1197/553/1 1196/549/1
f 1178/556/1 1177/572/1 1190/550/1
f 444/583/3 500/582/3 499/581/3 443/580/3
f 445/585/4 501/584/4 500/582/4 444/583/4
f 446/587/4 502/586/4 501/584/4 445/585/4
f 447/589/2 503/588/2 502/586/2 446/587/2
f 448/591/2 504/590/2 503/588/2 447/589/2
f 449/593/4 505/592/4 504/590/4 448/591/4
f 450/595/4 506/594/4 505/592/4 449/593/4
f 451/597/2 507/596/2 506/594/2 450/595/2
f 452/599/2 508/598/2 507/596/2 451/597/2
f 453/601/5 509/600/5 508/598/5 452/599/5
f 454/603/5 510/602/5 509/600/5 453/601/5
f 455/605/3 511/604/3 510/602/3 454/603/3
f 456/607/3 512/606/3 511/604/3 455/605/3
f 457/609/5 513/608/5 512/606/5 456/607/5
f 458/611/5 514/610/5 513/608/5 457/609/5
f 459/613/2 515/612/2 514/610/2 458/611/2
f 460/615/2 516/614/2 515/612/2 459/613/2
f 461/617/4 517/616/4 516/614/4 460/615/4
f 462/619/4 518/618/4 517/616/4 461/617/4
f 463/621/2 519/620/2 518/618/2 462/619/2
f 464/623/2 520/622/2 519/620/2 463/621/2
f 465/625/4 521/624/4 520/622/4 464/623/4
f 466/627/4 522/626/4 521/624/4 465/625/4
f 467/629/2 523/628/2 522/626/2 466/627/2
f 468/631/2 524/630/2 523/628/2 467/629/2
f 469/633/5 525/632/5 524/630/5 468/631/5
f 470/635/5 526/634/5 525/632/5 469/633/5
f 471/637/2 527/636/2 526/634/2 470/635/2
f 472/639/2 528/638/2 527/636/2 471/637/2
f 473/641/5 529/640/5 528/638/5 472/639/5
f 474/643/5 530/642/5 529/640/5 473/641/5
f 475/645/3 531/644/3 530/642/3 474/643/3
f 476/647/3 532/646/3 531/644/3 475/645/3
f 477/649/5 533/648/5 532/646/5 476/647/5
f 478/651/5 534/650/5 533/648/5 477/649/5
f 479/653/3 535/652/3 534/650/3 478/651/3
f 480/655/3 536/654/3 535/652/3 479/653/3
f 481/657/4 537/656/4 536/654/4 480/655/4
f 482/659/4 538/658/4 537/656/4 481/657/4
f 483/661/2 539/660/2 538/658/2 482/659/2
f 484/663/2 540/662/2 539/660/2 483/661/2
f 485/665/4 541/664/4 540/662/4 484/663/4
f 486/667/4 542/666/4 541/664/4 485/665/4
f 487/669/3 543/668/3 542/666/3 486/667/3
f 488/671/3 544/670/3 543/668/3 487/669/3
f 489/673/5 545/672/5 544/670/5 488/671/5
f 490/675/5 546/674/5 545/672/5 489/673/5
f 491/677/3 547/676/3 546/674/3 490/675/3
f 492/679/3 548/678/3 547/676/3 491/677/3
f 493/681/5 549/680/5 548/678/5 492/679/5
f 494/683/5 550/682/5 549/680/5 493/681/5
f 495/685/3 551/684/3 550/682/3 494/683/3
f 496/687/3 552/686/3 551/684/3 495/685/3
f 497/689/4 553/688/4 552/686/4 496/687/4
f 498/691/4 554/690/4 553/688/4 497/689/4
f 443/580/3 499/581/3 554/690/3 498/691/3
f 1212/695/1 1211/694/1 1209/693/1 1213/692/1
f 1239/699/1 1237/698/1 1236/697/1 1241/696/1
f 1258/703/1 1255/702/1 1252/701/1 1219/700/1
f 1247/707/1 1230/706/1 1229/705/1 1224/704/1
f 1242/709/1 1241/696/1 1236/697/1 1243/708/1
f 1213/692/1 1208/712/1 1216/711/1 1215/710/1
f 1229/705/1 1227/714/1 1225/713/1 1224/704/1
f 1235/718/1 1233/717/1 1245/716/1 1244/715/1
f 1245/716/1 1233/717/1 1231/720/1 1246/719/1
f 1243/708/1 1236/697/1 1235/718/1 1244/715/1
f 1204/724/1 1203/723/1 1218/722/1 1205/721/1
f 1206/726/1 1205/721/1 1216/711/1 1207/725/1
f 1222/730/1 1221/729/1 1248/728/1 1223/727/1
f 1250/734/1 1249/733/1 1220/732/1 1251/731/1
f 1223/727/1 1248/728/1 1247/707/1 1224/704/1
f 1203/723/1 1258/703/1 1219/700/1 1218/722/1
f 1219/700/1 1252/701/1 1251/731/1 1220/732/1
f 1231/720/1 1230/706/1 1247/707/1 1246/719/1
f 1220/732/1 1249/733/1 1248/728/1 1221/729/1
f 1211/694/1 1210/735/1 1209/693/1
f 1239/699/1 1238/736/1 1237/698/1
f 1213/692/1 1209/693/1 1208/712/1
f 1241/696/1 1240/737/1 1239/699/1
f 1229/705/1 1228/738/6 1227/714/1
f 1227/714/1 1226/739/1 1225/713/1
f 1257/741/1 1256/740/1 1255/702/1
f 1215/710/1 1214/742/1 1213/692/1
f 1216/711/1 1208/712/1 1207/725/1
f 1255/702/1 1254/744/1 1253/743/1
f 1217/745/1 1216/711/1 1205/721/1
f 1218/722/1 1217/745/1 1205/721/1
f 1233/717/1 1232/746/6 1231/720/1
f 1235/718/1 1234/747/1 1233/717/1
f 1258/703/1 1257/741/1 1255/702/1
f 1255/702/1 1253/743/1 1252/701/1
f 556/751/3 572/750/3 571/749/3 555/748/3
f 557/753/4 573/752/4 572/750/4 556/751/4
f 558/755/4 574/754/4 573/752/4 557/753/4
f 559/757/2 575/756/2 574/754/2 558/755/2
f 560/759/2 576/758/2 575/756/2 559/757/2
f 561/761/5 577/760/5 576/758/5 560/759/5
f 562/763/5 578/762/5 577/760/5 561/761/5
f 563/765/2 579/764/2 578/762/2 562/763/2
f 564/767/2 580/766/2 579/764/2 563/765/2
f 565/769/5 581/768/5 580/766/5 564/767/5
f 566/771/5 582/770/5 581/768/5 565/769/5
f 567/773/3 583/772/3 582/770/3 566/771/3
f 568/775/3 584/774/3 583/772/3 567/773/3
f 569/777/5 585/776/5 584/774/5 568/775/5
f 570/779/5 586/778/5 585/776/5 569/777/5
f 555/748/3 571/749/3 586/778/3 570/779/3
f 1267/783/1 1266/782/1 1272/781/1 1271/780/1
f 1273/786/1 1272/781/1 1261/785/1 1260/784/1
f 1261/785/1 1266/782/1 1265/788/1 1262/787/1
f 1268/790/1 1267/783/1 1271/780/1 1269/789/1
f 1265/788/1 1264/792/6 1263/791/1
f 1259/794/1 1274/793/1 1273/786/1
f 1271/780/1 1270/795/1 1269/789/1
f 1265/788/1 1263/791/1 1262/787/1
f 1260/784/1 1259/794/1 1273/786/1
f 1261/785/1 1272/781/1 1266/782/1
f 588/799/3 612/798/3 611/797/3 587/796/3
f 589/801/4 613/800/4 612/798/4 588/799/4
f 590/803/4 614/802/4 613/800/4 589/801/4
f 591/805/2 615/804/2 614/802/2 590/803/2
f 592/807/2 616/806/2 615/804/2 591/805/2
f 593/809/5 617/808/5 616/806/5 592/807/5
f 594/811/5 618/810/5 617/808/5 593/809/5
f 595/813/2 619/812/2 618/810/2 594/811/2
f 596/815/2 620/814/2 619/812/2 595/813/2
f 597/817/4 621/816/4 620/814/4 596/815/4
f 598/819/4 622/818/4 621/816/4 597/817/4
f 599/821/2 623/820/2 622/818/2 598/819/2
f 600/823/2 624/822/2 623/820/2 599/821/2
f 601/825/5 625/824/5 624/822/5 600/823/5
f 602/827/5 626/826/5 625/824/5 601/825/5
f 603/829/2 627/828/2 626/826/2 602/827/2
f 604/831/2 628/830/2 627/828/2 603/829/2
f 605/833/4 629/832/4 628/830/4 604/831/4
f 606/835/4 630/834/4 629/832/4 605/833/4
f 607/837/2 631/836/2 630/834/2 606/835/2
f 608/839/2 632/838/2 631/836/2 607/837/2
f 609/841/5 633/840/5 632/838/5 608/839/5
f 610/843/5 634/842/5 633/840/5 609/841/5
f 587/796/3 611/797/3 634/842/3 610/843/3
f 1285/847/1 1284/846/1 1290/845/1 1289/844/1
f 1286/849/1 1285/847/1 1289/844/1 1287/848/1
f 1275/853/1 1298/852/1 1292/851/1 1291/850/1
f 1282/856/1 1276/855/1 1275/853/1 1283/854/1
f 1278/860/1 1277/859/1 1281/858/1 1279/857/1
f 1296/864/1 1295/863/1 1293/862/1 1297/861/1
f 1281/858/1 1277/859/1 1276/855/1 1282/856/1
f 1293/862/1 1292/851/1 1298/852/1 1297/861/1
f 1289/844/1 1288/865/6 1287/848/1
f 1281/858/1 1280/866/6 1279/857/1
f 1295/863/1 1294/867/1 1293/862/1
f 1284/846/1 1283/854/1 1275/853/1
f 1290/845/1 1284/846/1 1275/853/1
f 1291/850/1 1290/845/1 1275/853/1
f 636/871/3 676/870/3 675/869/3 635/868/3
f 637/873/4 677/872/4 676/870/4 636/871/4
f 638/875/4 678/874/4 677/872/4 637/873/4
f 639/877/2 679/876/2 678/874/2 638/875/2
f 640/879/2 680/878/2 679/876/2 639/877/2
f 641/881/4 681/880/4 680/878/4 640/879/4
f 642/883/4 682/882/4 681/880/4 641/881/4
f 643/885/2 683/884/2 682/882/2 642/883/2
f 644/887/2 684/886/2 683/884/2 643/885/2
f 645/889/4 685/888/4 684/886/4 644/887/4
f 646/891/4 686/890/4 685/888/4 645/889/4
f 647/893/3 687/892/3 686/890/3 646/891/3
f 648/895/3 688/894/3 687/892/3 647/893/3
f 649/897/4 689/896/4 688/894/4 648/895/4
f 650/899/4 690/898/4 689/896/4 649/897/4
f 651/901/3 691/900/3 690/898/3 650/899/3
f 652/903/3 692/902/3 691/900/3 651/901/3
f 653/905/4 693/904/4 692/902/4 652/903/4
f 654/907/4 694/906/4 693/904/4 653/905/4
f 655/909/2 695/908/2 694/906/2 654/907/2
f 656/911/2 696/910/2 695/908/2 655/909/2
f 657/913/5 697/912/5 696/910/5 656/911/5
f 658/915/5 698/914/5 697/912/5 657/913/5
f 659/917/3 699/916/3 698/914/3 658/915/3
f 660/919/3 700/918/3 699/916/3 659/917/3
f 661/921/5 701/920/5 700/918/5 660/919/5
f 662/923/5 702/922/5 701/920/5 661/921/5
f 663/925/2 703/924/2 702/922/2 662/923/2
f 664/927/2 704/926/2 703/924/2 663/925/2
f 665/929/5 705/928/5 704/926/5 664/927/5
f 666/931/5 706/930/5 705/928/5 665/929/5
f 667/933/3 707/932/3 706/930/3 666/931/3
f 668/935/3 708/934/3 707/932/3 667/933/3
f 669/937/5 709/936/5 708/934/5 668/935/5
f 670/939/5 710/938/5 709/936/5 669/937/5
f 671/941/2 711/940/2 710/938/2 670/939/2
f 672/943/2 712/942/2 711/940/2 671/941/2
f 673/945/5 713/944/5 712/942/5 672/943/5
f 674/947/5 714/946/5 713/944/5 673/945/5
f 635/868/3 675/869/3 714/946/3 674/947/3
f 1327/951/1 1326/950/1 1332/949/1 1331/948/1
f 1314/955/1 1313/954/1 1325/953/1 1324/952/1
f 1334/959/1 1333/958/1 1305/957/1 1304/956/1
f 1332/949/1 1326/950/1 1310/961/1 1309/960/1
f 1333/958/1 1332/949/1 1309/960/1 1308/962/1
f 1337/965/1 1335/964/1 1334/959/1 1299/963/1
f 1321/968/1 1319/967/1 1324/952/1 1323/966/1
f 1317/969/1 1314/955/1 1324/952/1 1319/967/1
f 1301/970/1 1299/963/1 1334/959/1 1304/956/1
f 1326/950/1 1325/953/1 1313/954/1 1310/961/1
f 1330/972/1 1329/971/1 1327/951/1 1331/948/1
f 1307/973/1 1305/957/1 1333/958/1 1308/962/1
f 1307/973/1 1306/974/1 1305/957/1
f 1329/971/1 1328/975/6 1327/951/1
f 1313/954/1 1312/977/1 1311/976/1
f 1317/969/1 1316/979/1 1315/978/1
f 1303/981/1 1302/980/1 1301/970/1
f 1323/966/1 1322/982/1 1321/968/1
f 1337/965/1 1336/983/6 1335/964/1
f 1299/963/1 1338/984/1 1337/965/1
f 1321/968/1 1320/985/6 1319/967/1
f 1319/967/1 1318/986/1 1317/969/1
f 1301/970/1 1300/987/1 1299/963/1
f 1304/956/1 1303/981/1 1301/970/1
f 1317/969/1 1315/978/1 1314/955/1
f 1311/976/1 1310/961/1 1313/954/1
f 716/991/3 740/990/3 739/989/3 715/988/3
f 717/993/4 741/992/4 740/990/4 716/991/4
f 718/995/4 742/994/4 741/992/4 717/993/4
f 719/997/2 743/996/2 742/994/2 718/995/2
f 720/999/2 744/998/2 743/996/2 719/997/2
f 721/1001/5 745/1000/5 744/998/5 720/999/5
f 722/1003/5 746/1002/5 745/1000/5 721/1001/5
f 723/1005/2 747/1004/2 746/1002/2 722/1003/2
f 724/1007/2 748/1006/2 747/1004/2 723/1005/2
f 725/1009/4 749/1008/4 748/1006/4 724/1007/4
f 726/1011/4 750/1010/4 749/1008/4 725/1009/4
f 727/1013/2 751/1012/2 750/1010/2 726/1011/2
f 728/1015/2 752/1014/2 751/1012/2 727/1013/2
f 729/1017/5 753/1016/5 752/1014/5 728/1015/5
f 730/1019/5 754/1018/5 753/1016/5 729/1017/5
f 731/1021/2 755/1020/2 754/1018/2 730/1019/2
f 732/1023/2 756/1022/2 755/1020/2 731/1021/2
f 733/1025/4 757/1024/4 756/1022/4 732/1023/4
f 734/1027/4 758/1026/4 757/1024/4 733/1025/4
f 735/1029/2 759/1028/2 758/1026/2 734/1027/2
f 736/1031/2 760/1030/2 759/1028/2 735/1029/2
f 737/1033/5 761/1032/5 760/1030/5 736/1031/5
f 738/1035/5 762/1034/5 761/1032/5 737/1033/5
f 715/988/3 739/989/3 762/1034/3 738/1035/3
f 1349/1039/1 1348/1038/1 1354/1037/1 1353/1036/1
f 1350/1041/1 1349/1039/1 1353/1036/1 1351/1040/1
f 1339/1045/1 1362/1044/1 1356/1043/1 1355/1042/1
f 1346/1048/1 1340/1047/1 1339/1045/1 1347/1046/1
f 1342/1052/1 1341/1051/1 1345/1050/1 1343/1049/1
f 1360/1056/1 1359/1055/1 1357/1054/1 1361/1053/1
f 1345/1050/1 1341/1051/1 1340/1047/1 1346/1048/1
f 1357/1054/1 1356/1043/1 1362/1044/1 1361/1053/1
f 1353/1036/1 1352/1057/6 1351/1040/1
f 1345/1050/1 1344/1058/6 1343/1049/1
f 1359/1055/1 1358/1059/1 1357/1054/1
f 1348/1038/1 1347/1046/1 1339/1045/1
f 1354/1037/1 1348/1038/1 1339/1045/1
f 1355/1042/1 1354/1037/1 1339/1045/1
f 764/1063/3 812/1062/3 811/1061/3 763/1060/3
f 765/1065/4 813/1064/4 812/1062/4 764/1063/4
f 766/1067/4 814/1066/4 813/1064/4 765/1065/4
f 767/1069/2 815/1068/2 814/1066/2 766/1067/2
f 768/1071/2 816/1070/2 815/1068/2 767/1069/2
f 769/1073/4 817/1072/4 816/1070/4 768/1071/4
f 770/1075/4 818/1074/4 817/1072/4 769/1073/4
f 771/1077/2 819/1076/2 818/1074/2 770/1075/2
f 772/1079/2 820/1078/2 819/1076/2 771/1077/2
f 773/1081/5 821/1080/5 820/1078/5 772/1079/5
f 774/1083/5 822/1082/5 821/1080/5 773/1081/5
f 775/1085/2 823/1084/2 822/1082/2 774/1083/2
f 776/1087/2 824/1086/2 823/1084/2 775/1085/2
f 777/1089/4 825/1088/4 824/1086/4 776/1087/4
f 778/1091/4 826/1090/4 825/1088/4 777/1089/4
f 779/1093/2 827/1092/2 826/1090/2 778/1091/2
f 780/1095/2 828/1094/2 827/1092/2 779/1093/2
f 781/1097/4 829/1096/4 828/1094/4 780/1095/4
f 782/1099/4 830/1098/4 829/1096/4 781/1097/4
f 783/1101/2 831/1100/2 830/1098/2 782/1099/2
f 784/1103/2 832/1102/2 831/1100/2 783/1101/2
f 785/1105/5 833/1104/5 832/1102/5 784/1103/5
f 786/1107/5 834/1106/5 833/1104/5 785/1105/5
f 787/1109/3 835/1108/3 834/1106/3 786/1107/3
f 788/1111/3 836/1110/3 835/1108/3 787/1109/3
f 789/1113/5 837/1112/5 836/1110/5 788/1111/5
f 790/1115/5 838/1114/5 837/1112/5 789/1113/5
f 791/1117/3 839/1116/3 838/1114/3 790/1115/3
f 792/1119/3 840/1118/3 839/1116/3 791/1117/3
f 793/1121/5 841/1120/5 840/1118/5 792/1119/5
f 794/1123/5 842/1122/5 841/1120/5 793/1121/5
f 795/1125/2 843/1124/2 842/1122/2 794/1123/2
f 796/1127/2 844/1126/2 843/1124/2 795/1125/2
f 797/1129/5 845/1128/5 844/1126/5 796/1127/5
f 798/1131/5 846/1130/5 845/1128/5 797/1129/5
f 763/1060/3 811/1061/3 846/1130/3 798/1131/3
f 800/1135/3 848/1134/3 847/1133/3 799/1132/3
f 801/1137/5 849/1136/5 848/1134/5 800/1135/5
f 802/1139/5 850/1138/5 849/1136/5 801/1137/5
f 803/1141/2 851/1140/2 850/1138/2 802/1139/2
f 804/1143/2 852/1142/2 851/1140/2 803/1141/2
f 805/1145/4 853/1144/4 852/1142/4 804/1143/4
f 806/1147/4 854/1146/4 853/1144/4 805/1145/4
f 807/1149/3 855/1148/3 854/1146/3 806/1147/3
f 808/1151/3 856/1150/3 855/1148/3 807/1149/3
f 809/1153/4 857/1152/4 856/1150/4 808/1151/4
f 810/1155/4 858/1154/4 857/1152/4 809/1153/4
f 799/1132/3 847/1133/3 858/1154/3 810/1155/3
f 1410/1159/1 1409/1158/1 1407/1157/1 1374/1156/1
f 1369/1163/1 1368/1162/1 1399/1161/1 1371/1160/1
f 1364/1167/1 1363/1166/1 1403/1165/1 1402/1164/1
f 1399/1161/1 1410/1159/1 1373/1168/1 1371/1160/1
f 1376/1172/1 1406/1171/1 1389/1170/1 1388/1169/1
f 1367/1176/1 1365/1175/1 1401/1174/1 1400/1173/1
f 1387/1179/1 1385/1178/1 1380/1177/1 1388/1169/1
f 1405/1183/1 1404/1182/1 1394/1181/1 1393/1180/1
f 1383/1185/1 1381/1184/1 1380/1177/1 1385/1178/1
f 1404/1182/1 1363/1166/1 1397/1186/1 1394/1181/1
f 1407/1157/1 1406/1171/1 1375/1187/1 1374/1156/1
f 1380/1177/1 1379/1188/1 1376/1172/1 1388/1169/1
f 1389/1170/1 1406/1171/1 1405/1183/1 1392/1189/1
f 1367/1176/1 1400/1173/1 1399/1161/1 1368/1162/1
f 1401/1174/1 1365/1175/1 1364/1167/1 1402/1164/1
f 1409/1158/1 1408/1190/1 1407/1157/1
f 1383/1185/1 1382/1191/1 1381/1184/1
f 1379/1188/1 1378/1193/1 1377/1192/1
f 1391/1195/1 1390/1194/1 1389/1170/1
f 1397/1186/1 1396/1197/6 1395/1196/1
f 1387/1179/1 1386/1198/1 1385/1178/1
f 1385/1178/1 1384/1199/6 1383/1185/1
f 1371/1160/1 1370/1200/1 1369/1163/1
f 1373/1168/1 1372/1201/6 1371/1160/1
f 1367/1176/1 1366/1202/1 1365/1175/1
f 1363/1166/1 1398/1203/1 1397/1186/1
f 1374/1156/1 1373/1168/1 1410/1159/1
f 1376/1172/1 1375/1187/1 1406/1171/1
f 1404/1182/1 1403/1165/1 1363/1166/1
f 1379/1188/1 1377/1192/1 1376/1172/1
f 1392/1189/1 1391/1195/1 1389/1170/1
f 1393/1180/1 1392/1189/1 1405/1183/1
f 1395/1196/1 1394/1181/1 1397/1186/1
f 860/1207/3 908/1206/3 907/1205/3 859/1204/3
f 861/1209/4 909/1208/4 908/1206/4 860/1207/4
f 862/1211/4 910/1210/4 909/1208/4 861/1209/4
f 863/1213/2 911/1212/2 910/1210/2 862/1211/2
f 864/1215/2 912/1214/2 911/1212/2 863/1213/2
f 865/1217/4 913/1216/4 912/1214/4 864/1215/4
f 866/1219/4 914/1218/4 913/1216/4 865/1217/4
f 867/1221/2 915/1220/2 914/1218/2 866/1219/2
f 868/1223/2 916/1222/2 915/1220/2 867/1221/2
f 869/1225/5 917/1224/5 916/1222/5 868/1223/5
f 870/1227/5 918/1226/5 917/1224/5 869/1225/5
f 871/1229/2 919/1228/2 918/1226/2 870/1227/2
f 872/1231/2 920/1230/2 919/1228/2 871/1229/2
f 873/1233/4 921/1232/4 920/1230/4 872/1231/4
f 874/1235/4 922/1234/4 921/1232/4 873/1233/4
f 875/1237/2 923/1236/2 922/1234/2 874/1235/2
f 876/1239/2 924/1238/2 923/1236/2 875/1237/2
f 877/1241/4 925/1240/4 924/1238/4 876/1239/4
f 878/1243/4 926/1242/4 925/1240/4 877/1241/4
f 879/1245/2 927/1244/2 926/1242/2 878/1243/2
f 880/1247/2 928/1246/2 927/1244/2 879/1245/2
f 881/1249/5 929/1248/5 928/1246/5 880/1247/5
f 882/1251/5 930/1250/5 929/1248/5 881/1249/5
f 883/1253/3 931/1252/3 930/1250/3 882/1251/3
f 884/1255/3 932/1254/3 931/1252/3 883/1253/3
f 885/1257/5 933/1256/5 932/1254/5 884/1255/5
f 886/1259/5 934/1258/5 933/1256/5 885/1257/5
f 887/1261/3 935/1260/3 934/1258/3 886/1259/3
f 888/1263/3 936/1262/3 935/1260/3 887/1261/3
f 889/1265/5 937/1264/5 936/1262/5 888/1263/5
f 890/1267/5 938/1266/5 937/1264/5 889/1265/5
f 891/1269/2 939/1268/2 938/1266/2 890/1267/2
f 892/1271/2 940/1270/2 939/1268/2 891/1269/2
f 893/1273/5 941/1272/5 940/1270/5 892/1271/5
f 894/1275/5 942/1274/5 941/1272/5 893/1273/5
f 859/1204/3 907/1205/3 942/1274/3 894/1275/3
f 896/1279/3 944/1278/3 943/1277/3 895/1276/3
f 897/1281/5 945/1280/5 944/1278/5 896/1279/5
f 898/1283/5 946/1282/5 945/1280/5 897/1281/5
f 899/1285/2 947/1284/2 946/1282/2 898/1283/2
f 900/1287/2 948/1286/2 947/1284/2 899/1285/2
f 901/1289/4 949/1288/4 948/1286/4 900/1287/4
f 902/1291/4 950/1290/4 949/1288/4 901/1289/4
f 903/1293/3 951/1292/3 950/1290/3 902/1291/3
f 904/1295/3 952/1294/3 951/1292/3 903/1293/3
f 905/1297/4 953/1296/4 952/1294/4 904/1295/4
f 906/1299/4 954/1298/4 953/1296/4 905/1297/4
f 895/1276/3 943/1277/3 954/1298/3 906/1299/3
f 1458/1303/1 1457/1302/1 1455/1301/1 1422/1300/1
f 1417/1307/1 1416/1306/1 1447/1305/1 1419/1304/1
f 1412/1311/1 1411/1310/1 1451/1309/1 1450/1308/1
f 1447/1305/1 1458/1303/1 1421/1312/1 1419/1304/1
f 1424/1316/1 1454/1315/1 1437/1314/1 1436/1313/1
f 1415/1320/1 1413/1319/1 1449/1318/1 1448/1317/1
f 1435/1323/1 1433/1322/1 1428/1321/1 1436/1313/1
f 1453/1327/1 1452/1326/1 1442/1325/1 1441/1324/1
f 1431/1329/1 1429/1328/1 1428/1321/1 1433/1322/1
f 1452/1326/1 1411/1310/1 1445/1330/1 1442/1325/1
f 1455/1301/1 1454/1315/1 1423/1331/1 1422/1300/1
f 1428/1321/1 1427/1332/1 1424/1316/1 1436/1313/1
f 1437/1314/1 1454/1315/1 1453/1327/1 1440/1333/1
f 1415/1320/1 1448/1317/1 1447/1305/1 1416/1306/1
f 1449/1318/1 1413/1319/1 1412/1311/1 1450/1308/1
f 1457/1302/1 1456/1334/1 1455/1301/1
f 1431/1329/1 1430/1335/1 1429/1328/1
f 1427/1332/1 1426/1337/1 1425/1336/1
f 1439/1339/1 1438/1338/1 1437/1314/1
f 1445/1330/1 1444/1341/6 1443/1340/1
f 1435/1323/1 1434/1342/1 1433/1322/1
f 1433/1322/1 1432/1343/6 1431/1329/1
f 1419/1304/1 1418/1344/1 1417/1307/1
f 1421/1312/1 1420/1345/6 1419/1304/1
f 1415/1320/1 1414/1346/1 1413/1319/1
f 1411/1310/1 1446/1347/1 1445/1330/1
f 1422/1300/1 1421/1312/1 1458/1303/1
f 1424/1316/1 1423/1331/1 1454/1315/1
f 1452/1326/1 1451/1309/1 1411/1310/1
f 1427/1332/1 1425/1336/1 1424/1316/1
f 1440/1333/1 1439/1339/1 1437/1314/1
f 1441/1324/1 1440/1333/1 1453/1327/1
f 1443/1340/1 1442/1325/1 1445/1330/1
f 956/1351/3 988/1350/3 987/1349/3 955/1348/3
f 957/1353/4 989/1352/4 988/1350/4 956/1351/4
f 958/1355/4 990/1354/4 989/1352/4 957/1353/4
f 959/1357/2 991/1356/2 990/1354/2 958/1355/2
f 960/1359/2 992/1358/2 991/1356/2 959/1357/2
f 961/1361/4 993/1360/4 992/1358/4 960/1359/4
f 962/1363/4 994/1362/4 993/1360/4 961/1361/4
f 963/1365/2 995/1364/2 994/1362/2 962/1363/2
f 964/1367/2 996/1366/2 995/1364/2 963/1365/2
f 965/1369/5 997/1368/5 996/1366/5 964/1367/5
f 966/1371/5 998/1370/5 997/1368/5 965/1369/5
f 967/1373/2 999/1372/2 998/1370/2 966/1371/2
f 968/1375/2 1000/1374/2 999/1372/2 967/1373/2
f 969/1377/5 1001/1376/5 1000/1374/5 968/1375/5
f 970/1379/5 1002/1378/5 1001/1376/5 969/1377/5
f 971/1381/3 1003/1380/3 1002/1378/3 970/1379/3
f 972/1383/3 1004/1382/3 1003/1380/3 971/1381/3
f 973/1385/5 1005/1384/5 1004/1382/5 972/1383/5
f 974/1387/5 1006/1386/5 1005/1384/5 973/1385/5
f 975/1389/3 1007/1388/3 1006/1386/3 974/1387/3
f 976/1391/3 1008/1390/3 1007/1388/3 975/1389/3
f 977/1393/4 1009/1392/4 1008/1390/4 976/1391/4
f 978/1395/4 1010/1394/4 1009/1392/4 977/1393/4
f 955/1348/3 987/1349/3 1010/1394/3 978/1395/3
f 980/1399/3 1012/1398/3 1011/1397/3 979/1396/3
f 981/1401/5 1013/1400/5 1012/1398/5 980/1399/5
f 982/1403/5 1014/1402/5 1013/1400/5 981/1401/5
f 983/1405/2 1015/1404/2 1014/1402/2 982/1403/2
f 984/1407/2 1016/1406/2 1015/1404/2 983/1405/2
f 985/1409/4 1017/1408/4 1016/1406/4 984/1407/4
f 986/1411/4 1018/1410/4 1017/1408/4 985/1409/4
f 979/1396/3 1011/1397/3 1018/1410/3 986/1411/3
f 1469/1415/1 1467/1414/1 1483/1413/1 1470/1412/1
f 1481/1419/1 1479/1418/1 1487/1417/1 1482/1416/1
f 1477/1421/1 1476/1420/1 1487/1417/1 1479/1418/1
f 1483/1413/1 1467/1414/1 1465/1423/1 1464/1422/1
f 1463/1427/1 1461/1426/1 1485/1425/1 1484/1424/1
f 1485/1425/1 1461/1426/1 1459/1429/1 1486/1428/1
f 1475/1433/1 1473/1432/1 1489/1431/1 1488/1430/1
f 1489/1431/1 1473/1432/1 1471/1435/1 1490/1434/1
f 1459/1429/1 1482/1416/1 1487/1417/1 1486/1428/1
f 1463/1427/1 1484/1424/1 1483/1413/1 1464/1422/1
f 1487/1417/1 1476/1420/1 1475/1433/1 1488/1430/1
f 1471/1435/1 1470/1412/1 1483/1413/1 1490/1434/1
f 1463/1427/1 1462/1436/1 1461/1426/1
f 1475/1433/1 1474/1437/1 1473/1432/1
f 1473/1432/1 1472/1438/6 1471/1435/1
f 1461/1426/1 1460/1439/1 1459/1429/1
f 1469/1415/1 1468/1440/6 1467/1414/1
f 1467/1414/1 1466/1441/1 1465/1423/1
f 1481/1419/1 1480/1442/1 1479/1418/1
f 1479/1418/1 1478/1443/1 1477/1421/1
f 1020/1447/3 1068/1446/3 1067/1445/3 1019/1444/3
f 1021/1449/4 1069/1448/4 1068/1446/4 1020/1447/4
f 1022/1451/4 1070/1450/4 1069/1448/4 1021/1449/4
f 1023/1453/2 1071/1452/2 1070/1450/2 1022/1451/2
f 1024/1455/2 1072/1454/2 1071/1452/2 1023/1453/2
f 1025/1457/4 1073/1456/4 1072/1454/4 1024/1455/4
f 1026/1459/4 1074/1458/4 1073/1456/4 1025/1457/4
f 1027/1461/2 1075/1460/2 1074/1458/2 1026/1459/2
f 1028/1463/2 1076/1462/2 1075/1460/2 1027/1461/2
f 1029/1465/5 1077/1464/5 1076/1462/5 1028/1463/5
f 1030/1467/5 1078/1466/5 1077/1464/5 1029/1465/5
f 1031/1469/2 1079/1468/2 1078/1466/2 1030/1467/2
f 1032/1471/2 1080/1470/2 1079/1468/2 1031/1469/2
f 1033/1473/4 1081/1472/4 1080/1470/4 1032/1471/4
f 1034/1475/4 1082/1474/4 1081/1472/4 1033/1473/4
f 1035/1477/2 1083/1476/2 1082/1474/2 1034/1475/2
f 1036/1479/2 1084/1478/2 1083/1476/2 1035/1477/2
f 1037/1481/4 1085/1480/4 1084/1478/4 1036/1479/4
f 1038/1483/4 1086/1482/4 1085/1480/4 1037/1481/4
f 1039/1485/2 1087/1484/2 1086/1482/2 1038/1483/2
f 1040/1487/2 1088/1486/2 1087/1484/2 1039/1485/2
f 1041/1489/5 1089/1488/5 1088/1486/5 1040/1487/5
f 1042/1491/5 1090/1490/5 1089/1488/5 1041/1489/5
f 1043/1493/3 1091/1492/3 1090/1490/3 1042/1491/3
f 1044/1495/3 1092/1494/3 1091/1492/3 1043/1493/3
f 1045/1497/5 1093/1496/5 1092/1494/5 1044/1495/5
f 1046/1499/5 1094/1498/5 1093/1496/5 1045/1497/5
f 1047/1501/3 1095/1500/3 1094/1498/3 1046/1499/3
f 1048/1503/3 1096/1502/3 1095/1500/3 1047/1501/3
f 1049/1505/5 1097/1504/5 1096/1502/5 1048/1503/5
f 1050/1507/5 1098/1506/5 1097/1504/5 1049/1505/5
f 1051/1509/2 1099/1508/2 1098/1506/2 1050/1507/2
f 1052/1511/2 1100/1510/2 1099/1508/2 1051/1509/2
f 1053/1513/5 1101/1512/5 1100/1510/5 1052/1511/5
f 1054/1515/5 1102/1514/5 1101/1512/5 1053/1513/5
f 1019/1444/3 1067/1445/3 1102/1514/3 1054/1515/3
f 1056/1519/3 1104/1518/3 1103/1517/3 1055/1516/3
f 1057/1521/5 1105/1520/5 1104/1518/5 1056/1519/5
f 1058/1523/5 1106/1522/5 1105/1520/5 1057/1521/5
f 1059/1525/2 1107/1524/2 1106/1522/2 1058/1523/2
f 1060/1527/2 1108/1526/2 1107/1524/2 1059/1525/2
f 1061/1529/4 1109/1528/4 1108/1526/4 1060/1527/4
f 1062/1531/4 1110/1530/4 1109/1528/4 1061/1529/4
f 1063/1533/3 1111/1532/3 1110/1530/3 1062/1531/3
f 1064/1535/3 1112/1534/3 1111/1532/3 1063/1533/3
f 1065/1537/4 1113/1536/4 1112/1534/4 1064/1535/4
f 1066/1539/4 1114/1538/4 1113/1536/4 1065/1537/4
f 1055/1516/3 1103/1517/3 1114/1538/3 1066/1539/3
f 1538/1543/1 1537/1542/1 1535/1541/1 1502/1540/1
f 1497/1547/1 1496/1546/1 1527/1545/1 1499/1544/1
f 1492/1551/1 1491/1550/1 1531/1549/1 1530/1548/1
f 1527/1545/1 1538/1543/1 1501/1552/1 1499/1544/1
f 1504/1556/1 1534/1555/1 1517/1554/1 1516/1553/1
f 1495/1560/1 1493/1559/1 1529/1558/1 1528/1557/1
f 1515/1563/1 1513/1562/1 1508/1561/1 1516/1553/1
f 1533/1567/1 1532/1566/1 1522/1565/1 1521/1564/1
f 1511/1569/1 1509/1568/1 1508/1561/1 1513/1562/1
f 1532/1566/1 1491/1550/1 1525/1570/1 1522/1565/1
f 1535/1541/1 1534/1555/1 1503/1571/1 1502/1540/1
f 1508/1561/1 1507/1572/1 1504/1556/1 1516/1553/1
f 1517/1554/1 1534/1555/1 1533/1567/1 1520/1573/1
f 1495/1560/1 1528/1557/1 1527/1545/1 1496/1546/1
f 1529/1558/1 1493/1559/1 1492/1551/1 1530/1548/1
f 1537/1542/1 1536/1574/1 1535/1541/1
f 1511/1569/1 1510/1575/1 1509/1568/1
f 1507/1572/1 1506/1577/1 1505/1576/1
f 1519/1579/1 1518/1578/1 1517/1554/1
f 1525/1570/1 1524/1581/6 1523/1580/1
f 1515/1563/1 1514/1582/1 1513/1562/1
f 1513/1562/1 1512/1583/6 1511/1569/1
f 1499/1544/1 1498/1584/1 1497/1547/1
f 1501/1552/1 1500/1585/6 1499/1544/1
f 1495/1560/1 1494/1586/1 1493/1559/1
f 1491/1550/1 1526/1587/1 1525/1570/1
f 1502/1540/1 1501/1552/1 1538/1543/1
f 1504/1556/1 1503/1571/1 1534/1555/1
f 1532/1566/1 1531/1549/1 1491/1550/1
f 1507/1572/1 1505/1576/1 1504/1556/1
f 1520/1573/1 1519/1579/1 1517/1554/1
f 1521/1564/1 1520/1573/1 1533/1567/1
f 1523/1580/1 1522/1565/1 1525/1570/1

v -96.750000 24.980853 5.863709
v -96.750000 26.105853 5.863709
v -90.000000 26.105853 5.863709
v -83.250000 26.105853 5.863709
v -83.250000 24.980853 5.863709
v -83.250000 23.855853 5.863709
v -85.500000 23.855853 5.863709
v -87.750000 23.855853 5.863709
v -87.750000 17.105853 5.863709
v -87.750000 10.355853 5.863709
v -90.000000 10.355853 5.863709
v -92.250000 10.355853 5.863709
v -92.250000 17.105853 5.863709
v -92.250000 23.855853 5.863709
v -94.500000 23.855853 5.863709
v -96.750000 23.855853 5.863709
v -96.750000 24.980853 4.747998
v -96.750000 26.105853 4.747998
v -90.000000 26.105853 4.747998
v -83.250000 26.105853 4.747998
v -83.250000 24.980853 4.747998
v -83.250000 23.855853 4.747998
v -85.500000 23.855853 4.747998
v -87.750000 23.855853 4.747998
v -87.750000 17.105853 4.747998
v -87.750000 10.355853 4.747998
v -90.000000 10.355853 4.747998
v -92.250000 10.355853 4.747998
v -92.250000 17.105853 4.747998
v -92.250000 23.855853 4.747998
v -94.500000 23.855853 4.747998
v -96.750000 23.855853 4.747998
v -76.500000 24.980853 5.863709
v -76.500000 26.105853 5.863709
v -73.125000 26.105853 5.863709
v -69.750000 26.105853 5.863709
v -69.750000 24.980853 5.863709
v -69.750000 23.855853 5.863709
v -68.625000 23.855853 5.863709
v -67.500000 23.855853 5.863709
v -67.500000 22.730853 5.863709
v -67.500000 21.605853 5.863709
v -66.375000 21.605853 5.863709
v -65.250000 21.605853 5.863709
v -65.250000 15.980853 5.863709
v -65.250000 10.355853 5.863709
v -67.500000 10.355853 5.863709
v -69.750000 10.355853 5.863709
v -69.750000 12.605853 5.863709
v -69.750000 14.855853 5.863709
v -73.125000 14.855853 5.863709
v -76.500000 14.855853 5.863709
v -76.500000 12.605853 5.863709
v -76.500000 10.355853 5.863709
v -78.750000 10.355853 5.863709
v -81.000000 10.355853 5.863709
v -81.000000 15.980853 5.863709
v -81.000000 21.605853 5.863709
v -79.875000 21.605853 5.863709
v -78.750000 21.605853 5.863709
v -78.750000 22.730853 5.863709
v -78.750000 23.855853 5.863709
v -77.625000 23.855853 5.863709
v -76.500000 23.855853 5.863709
v -72.000000 22.730853 5.863709
v -72.000000 23.855853 5.863709
v -73.125000 23.855853 5.863709
v -74.250000 23.855853 5.863709
v -74.250000 22.730853 5.863709
v -74.250000 21.605853 5.863709
v -75.375000 21.605853 5.863709
v -76.500000 21.605853 5.863709
v -76.500000 19.355853 5.863709
v -76.500000 17.105853 5.863709
v -73.125000 17.105853 5.863709
v -69.750000 17.105853 5.863709
v -69.750000 19.355853 5.863709
v -69.750000 21.605853 5.863709
v -70.875000 21.605853 5.863709
v -72.000000 21.605853 5.863709
v -76.500000 24.980853 4.747998
v -76.500000 26.105853 4.747998
v -73.125000 26.105853 4.747998
v -69.750000 26.105853 4.747998
v -69.750000 24.980853 4.747998
v -69.750000 23.855853 4.747998
v -68.625000 23.855853 4.747998
v -67.500000 23.855853 4.747998
v -67.500000 22.730853 4.747998
v -67.500000 21.605853 4.747998
v -66.375000 21.605853 4.747998
v -65.250000 21.605853 4.747998
v -65.250000 15.980853 4.747998
v -65.250000 10.355853 4.747998
v -67.500000 10.355853 4.747998
v -69.750000 10.355853 4.747998
v -69.750000 12.605853 4.747998
v -69.750000 14.855853 4.747998
v -73.125000 14.855853 4.747998
v -76.500000 14.855853 4.747998
v -76.500000 12.605853 4.747998
v -76.500000 10.355853 4.747998
v -78.750000 10.355853 4.747998
v -81.000000 10.355853 4.747998
v -81.000000 15.980853 4.747998
v -81.000000 21.605853 4.747998
v -79.875000 21.605853 4.747998
v -78.750000 21.605853 4.747998
v -78.750000 22.730853 4.747998
v -78.750000 23.855853 4.747998
v -77.625000 23.855853 4.747998
v -76.500000 23.855853 4.747998
v -72.000000 22.730853 4.747998
v -72.000000 23.855853 4.747998
v -73.125000 23.855853 4.747998
v -74.250000 23.855853 4.747998
v -74.250000 22.730853 4.747998
v -74.250000 21.605853 4.747998
v -75.375000 21.605853 4.747998
v -76.500000 21.605853 4.747998
v -76.500000 19.355853 4.747998
v -76.500000 17.105853 4.747998
v -73.125000 17.105853 4.747998
v -69.750000 17.105853 4.747998
v -69.750000 19.355853 4.747998
v -69.750000 21.605853 4.747998
v -70.875000 21.605853 4.747998
v -72.000000 21.605853 4.747998
v -60.750000 24.980853 5.863709
v -60.750000 26.105853 5.863709
v -56.250000 26.105853 5.863709
v -51.750000 26.105853 5.863709
v -51.750000 24.980853 5.863709
v -51.750000 23.855853 5.863709
v -50.625000 23.855853 5.863709
v -49.500000 23.855853 5.863709
v -49.500000 22.730853 5.863709
v -49.500000 21.605853 5.863709
v -51.750000 21.605853 5.863709
v -54.000000 21.605853 5.863709
v -54.000000 22.730853 5.863709
v -54.000000 23.855853 5.863709
v -56.250000 23.855853 5.863709
v -58.500000 23.855853 5.863709
v -58.500000 21.605853 5.863709
v -58.500000 19.355853 5.863709
v -54.000000 19.355853 5.863709
v -49.500000 19.355853 5.863709
v -49.500000 18.230853 5.863709
v -49.500000 17.105853 5.863709
v -48.375000 17.105853 5.863709
v -47.250000 17.105853 5.863709
v -47.250000 14.855853 5.863709
v -47.250000 12.605853 5.863709
v -48.375000 12.605853 5.863709
v -49.500000 12.605853 5.863709
v -49.500000 11.480853 5.863709
v -49.500000 10.355853 5.863709
v -55.125000 10.355853 5.863709
v -60.750000 10.355853 5.863709
v -60.750000 11.480853 5.863709
v -60.750000 12.605853 5.863709
v -61.875000 12.605853 5.863709
v -63.000000 12.605853 5.863709
v -63.000000 13.730853 5.863709
v -63.000000 14.855853 5.863709
v -60.750000 14.855853 5.863709
v -58.500000 14.855853 5.863709
v -58.500000 13.730853 5.863709
v -58.500000 12.605853 5.863709
v -55.125000 12.605853 5.863709
v -51.750000 12.605853 5.863709
v -51.750000 14.855853 5.863709
v -51.750000 17.105853 5.863709
v -56.250000 17.105853 5.863709
v -60.750000 17.105853 5.863709
v -60.750000 18.230853 5.863709
v -60.750000 19.355853 5.863709
v -61.875000 19.355853 5.863709
v -63.000000 19.355853 5.863709
v -63.000000 21.605853 5.863709
v -63.000000 23.855853 5.863709
v -61.875000 23.855853 5.863709
v -60.750000 23.855853 5.863709
v -60.750000 24.980853 4.747998
v -60.750000 26.105853 4.747998
v -56.250000 26.105853 4.747998
v -51.750000 26.105853 4.747998
v -51.750000 24.980853 4.747998
v -51.750000 23.855853 4.747998
v -50.625000 23.855853 4.747998
v -49.500000 23.855853 4.747998
v -49.500000 22.730853 4.747998
v -49.500000 21.605853 4.747998
v -51.750000 21.605853 4.747998
v -54.000000 21.605853 4.747998
v -54.000000 22.730853 4.747998
v -54.000000 23.855853 4.747998
v -56.250000 23.855853 4.747998
v -58.500000 23.855853 4.747998
v -58.500000 21.605853 4.747998
v -58.500000 19.355853 4.747998
v -54.000000 19.355853 4.747998
v -49.500000 19.355853 4.747998
v -49.500000 18.230853 4.747998
v -49.500000 17.105853 4.747998
v -48.375000 17.105853 4.747998
v -47.250000 17.105853 4.747998
v -47.250000 14.855853 4.747998
v -47.250000 12.605853 4.747998
v -48.375000 12.605853 4.747998
v -49.500000 12.605853 4.747998
v -49.500000 11.480853 4.747998
v -49.500000 10.355853 4.747998
v -55.125000 10.355853 4.747998
v -60.750000 10.355853 4.747998
v -60.750000 11.480853 4.747998
v -60.750000 12.605853 4.747998
v -61.875000 12.605853 4.747998
v -63.000000 12.605853 4.747998
v -63.000000 13.730853 4.747998
v -63.000000 14.855853 4.747998
v -60.750000 14.855853 4.747998
v -58.500000 14.855853 4.747998
v -58.500000 13.730853 4.747998
v -58.500000 12.605853 4.747998
v -55.125000 12.605853 4.747998
v -51.750000 12.605853 4.747998
v -51.750000 14.855853 4.747998
v -51.750000 17.105853 4.747998
v -56.250000 17.105853 4.747998
v -60.750000 17.105853 4.747998
v -60.750000 18.230853 4.747998
v -60.750000 19.355853 4.747998
v -61.875000 19.355853 4.747998
v -63.000000 19.355853 4.747998
v -63.000000 21.605853 4.747998
v -63.000000 23.855853 4.747998
v -61.875000 23.855853 4.747998
v -60.750000 23.855853 4.747998
v -45.000000 18.230853 5.863709
v -45.000000 26.105853 5.863709
v -42.750000 26.105853 5.863709
v -40.500000 26.105853 5.863709
v -40.500000 22.730853 5.863709
v -40.500000 19.355853 5.863709
v -39.375000 19.355853 5.863709
v -38.250000 19.355853 5.863709
v -38.250000 20.480853 5.863709
v -38.250000 21.605853 5.863709
v -37.125000 21.605853 5.863709
v -36.000000 21.605853 5.863709
v -36.000000 22.730853 5.863709
v -36.000000 23.855853 5.863709
v -34.875000 23.855853 5.863709
v -33.750000 23.855853 5.863709
v -33.750000 24.980853 5.863709
v -33.750000 26.105853 5.863709
v -31.500000 26.105853 5.863709
v -29.250000 26.105853 5.863709
v -29.250000 24.980853 5.863709
v -29.250000 23.855853 5.863709
v -30.375000 23.855853 5.863709
v -31.500000 23.855853 5.863709
v -31.500000 22.730853 5.863709
v -31.500000 21.605853 5.863709
v -32.625000 21.605853 5.863709
v -33.750000 21.605853 5.863709
v -33.750000 20.480853 5.863709
v -33.750000 19.355853 5.863709
v -34.875000 19.355853 5.863709
v -36.000000 19.355853 5.863709
v -36.000000 18.230853 5.863709
v -36.000000 17.105853 5.863709
v -34.875000 17.105853 5.863709
v -33.750000 17.105853 5.863709
v -33.750000 15.980853 5.863709
v -33.750000 14.855853 5.863709
v -32.625000 14.855853 5.863709
v -31.500000 14.855853 5.863709
v -31.500000 13.730853 5.863709
v -31.500000 12.605853 5.863709
v -30.375000 12.605853 5.863709
v -29.250000 12.605853 5.863709
v -29.250000 11.480853 5.863709
v -29.250000 10.355853 5.863709
v -32.625000 10.355853 5.863709
v -36.000000 10.355853 5.863709
v -36.000000 11.480853 5.863709
v -36.000000 12.605853 5.863709
v -37.125000 12.605853 5.863709
v -38.250000 12.605853 5.863709
v -38.250000 13.730853 5.863709
v -38.250000 14.855853 5.863709
v -39.375000 14.855853 5.863709
v -40.500000 14.855853 5.863709
v -40.500000 12.605853 5.863709
v -40.500000 10.355853 5.863709
v -42.750000 10.355853 5.863709
v -45.000000 10.355853 5.863709
v -45.000000 18.230853 4.747998
v -45.000000 26.105853 4.747998
v -42.750000 26.105853 4.747998
v -40.500000 26.105853 4.747998
v -40.500000 22.730853 4.747998
v -40.500000 19.355853 4.747998
v -39.375000 19.355853 4.747998
v -38.250000 19.355853 4.747998
v -38.250000 20.480853 4.747998
v -38.250000 21.605853 4.747998
v -37.125000 21.605853 4.747998
v -36.000000 21.605853 4.747998
v -36.000000 22.730853 4.747998
v -36.000000 23.855853 4.747998
v -34.875000 23.855853 4.747998
v -33.750000 23.855853 4.747998
v -33.750000 24.980853 4.747998
v -33.750000 26.105853 4.747998
v -31.500000 26.105853 4.747998
v -29.250000 26.105853 4.747998
v -29.250000 24.980853 4.747998
v -29.250000 23.855853 4.747998
v -30.375000 23.855853 4.747998
v -31.500000 23.855853 4.747998
v -31.500000 22.730853 4.747998
v -31.500000 21.605853 4.747998
v -32.625000 21.605853 4.747998
v -33.750000 21.605853 4.747998
v -33.750000 20.480853 4.747998
v -33.750000 19.355853 4.747998
v -34.875000 19.355853 4.747998
v -36.000000 19.355853 4.747998
v -36.000000 18.230853 4.747998
v -36.000000 17.105853 4.747998
v -34.875000 17.105853 4.747998
v -33.750000 17.105853 4.747998
v -33.750000 15.980853 4.747998
v -33.750000 14.855853 4.747998
v -32.625000 14.855853 4.747998
v -31.500000 14.855853 4.747998
v -31.500000 13.730853 4.747998
v -31.500000 12.605853 4.747998
v -30.375000 12.605853 4.747998
v -29.250000 12.605853 4.747998
v -29.250000 11.480853 4.747998
v -29.250000 10.355853 4.747998
v -32.625000 10.355853 4.747998
v -36.000000 10.355853 4.747998
v -36.000000 11.480853 4.747998
v -36.000000 12.605853 4.747998
v -37.125000 12.605853 4.747998
v -38.250000 12.605853 4.747998
v -38.250000 13.730853 4.747998
v -38.250000 14.855853 4.747998
v -39.375000 14.855853 4.747998
v -40.500000 14.855853 4.747998
v -40.500000 12.605853 4.747998
v -40.500000 10.355853 4.747998
v -42.750000 10.355853 4.747998
v -45.000000 10.355853 4.747998
v -9.000000 18.230853 5.863709
v -9.000000 26.105853 5.863709
v -1.125000 26.105853 5.863709
v 6.750000 26.105853 5.863709
v 6.750000 24.980853 5.863709
v 6.750000 23.855853 5.863709
v 1.125000 23.855853 5.863709
v -4.500000 23.855853 5.863709
v -4.500000 21.605853 5.863709
v -4.500000 19.355853 5.863709
v 0.000000 19.355853 5.863709
v 4.500000 19.355853 5.863709
v 4.500000 18.230853 5.863709
v 4.500000 17.105853 5.863709
v 0.000000 17.105853 5.863709
v -4.500000 17.105853 5.863709
v -4.500000 13.730853 5.863709
v -4.500000 10.355853 5.863709
v -6.750000 10.355853 5.863709
v -9.000000 10.355853 5.863709
v -9.000000 18.230853 4.747998
v -9.000000 26.105853 4.747998
v -1.125000 26.105853 4.747998
v 6.750000 26.105853 4.747998
v 6.750000 24.980853 4.747998
v 6.750000 23.855853 4.747998
v 1.125000 23.855853 4.747998
v -4.500000 23.855853 4.747998
v -4.500000 21.605853 4.747998
v -4.500000 19.355853 4.747998
v 0.000000 19.355853 4.747998
v 4.500000 19.355853 4.747998
v 4.500000 18.230853 4.747998
v 4.500000 17.105853 4.747998
v 0.000000 17.105853 4.747998
v -4.500000 17.105853 4.747998
v -4.500000 13.730853 4.747998
v -4.500000 10.355853 4.747998
v -6.750000 10.355853 4.747998
v -9.000000 10.355853 4.747998
v 13.500000 24.980853 5.863709
v 13.500000 26.105853 5.863709
v 16.875000 26.105853 5.863709
v 20.250000 26.105853 5.863709
v 20.250000 24.980853 5.863709
v 20.250000 23.855853 5.863709
v 21.375000 23.855853 5.863709
v 22.500000 23.855853 5.863709
v 22.500000 22.730853 5.863709
v 22.500000 21.605853 5.863709
v 23.625000 21.605853 5.863709
v 24.750000 21.605853 5.863709
v 24.750000 15.980853 5.863709
v 24.750000 10.355853 5.863709
v 22.500000 10.355853 5.863709
v 20.250000 10.355853 5.863709
v 20.250000 12.605853 5.863709
v 20.250000 14.855853 5.863709
v 16.875000 14.855853 5.863709
v 13.500000 14.855853 5.863709
v 13.500000 12.605853 5.863709
v 13.500000 10.355853 5.863709
v 11.250000 10.355853 5.863709
v 9.000000 10.355853 5.863709
v 9.000000 15.980853 5.863709
v 9.000000 21.605853 5.863709
v 10.125000 21.605853 5.863709
v 11.250000 21.605853 5.863709
v 11.250000 22.730853 5.863709
v 11.250000 23.855853 5.863709
v 12.375000 23.855853 5.863709
v 13.500000 23.855853 5.863709
v 18.000000 22.730853 5.863709
v 18.000000 23.855853 5.863709
v 16.875000 23.855853 5.863709
v 15.750000 23.855853 5.863709
v 15.750000 22.730853 5.863709
v 15.750000 21.605853 5.863709
v 14.625000 21.605853 5.863709
v 13.500000 21.605853 5.863709
v 13.500000 19.355853 5.863709
v 13.500000 17.105853 5.863709
v 16.875000 17.105853 5.863709
v 20.250000 17.105853 5.863709
v 20.250000 19.355853 5.863709
v 20.250000 21.605853 5.863709
v 19.125000 21.605853 5.863709
v 18.000000 21.605853 5.863709
v 13.500000 24.980853 4.747998
v 13.500000 26.105853 4.747998
v 16.875000 26.105853 4.747998
v 20.250000 26.105853 4.747998
v 20.250000 24.980853 4.747998
v 20.250000 23.855853 4.747998
v 21.375000 23.855853 4.747998
v 22.500000 23.855853 4.747998
v 22.500000 22.730853 4.747998
v 22.500000 21.605853 4.747998
v 23.625000 21.605853 4.747998
v 24.750000 21.605853 4.747998
v 24.750000 15.980853 4.747998
v 24.750000 10.355853 4.747998
v 22.500000 10.355853 4.747998
v 20.250000 10.355853 4.747998
v 20.250000 12.605853 4.747998
v 20.250000 14.855853 4.747998
v 16.875000 14.855853 4.747998
v 13.500000 14.855853 4.747998
v 13.500000 12.605853 4.747998
v 13.500000 10.355853 4.747998
v 11.250000 10.355853 4.747998
v 9.000000 10.355853 4.747998
v 9.000000 15.980853 4.747998
v 9.000000 21.605853 4.747998
v 10.125000 21.605853 4.747998
v 11.250000 21.605853 4.747998
v 11.250000 22.730853 4.747998
v 11.250000 23.855853 4.747998
v 12.375000 23.855853 4.747998
v 13.500000 23.855853 4.747998
v 18.000000 22.730853 4.747998
v 18.000000 23.855853 4.747998
v 16.875000 23.855853 4.747998
v 15.750000 23.855853 4.747998
v 15.750000 22.730853 4.747998
v 15.750000 21.605853 4.747998
v 14.625000 21.605853 4.747998
v 13.500000 21.605853 4.747998
v 13.500000 19.355853 4.747998
v 13.500000 17.105853 4.747998
v 16.875000 17.105853 4.747998
v 20.250000 17.105853 4.747998
v 20.250000 19.355853 4.747998
v 20.250000 21.605853 4.747998
v 19.125000 21.605853 4.747998
v 18.000000 21.605853 4.747998
v 29.250000 24.980853 5.863709
v 29.250000 26.105853 5.863709
v 36.000000 26.105853 5.863709
v 42.750000 26.105853 5.863709
v 42.750000 24.980853 5.863709
v 42.750000 23.855853 5.863709
v 40.500000 23.855853 5.863709
v 38.250000 23.855853 5.863709
v 38.250000 18.230853 5.863709
v 38.250000 12.605853 5.863709
v 40.500000 12.605853 5.863709
v 42.750000 12.605853 5.863709
v 42.750000 11.480853 5.863709
v 42.750000 10.355853 5.863709
v 36.000000 10.355853 5.863709
v 29.250000 10.355853 5.863709
v 29.250000 11.480853 5.863709
v 29.250000 12.605853 5.863709
v 31.500000 12.605853 5.863709
v 33.750000 12.605853 5.863709
v 33.750000 18.230853 5.863709
v 33.750000 23.855853 5.863709
v 31.500000 23.855853 5.863709
v 29.250000 23.855853 5.863709
v 29.250000 24.980853 4.747998
v 29.250000 26.105853 4.747998
v 36.000000 26.105853 4.747998
v 42.750000 26.105853 4.747998
v 42.750000 24.980853 4.747998
v 42.750000 23.855853 4.747998
v 40.500000 23.855853 4.747998
v 38.250000 23.855853 4.747998
v 38.250000 18.230853 4.747998
v 38.250000 12.605853 4.747998
v 40.500000 12.605853 4.747998
v 42.750000 12.605853 4.747998
v 42.750000 11.480853 4.747998
v 42.750000 10.355853 4.747998
v 36.000000 10.355853 4.747998
v 29.250000 10.355853 4.747998
v 29.250000 11.480853 4.747998
v 29.250000 12.605853 4.747998
v 31.500000 12.605853 4.747998
v 33.750000 12.605853 4.747998
v 33.750000 18.230853 4.747998
v 33.750000 23.855853 4.747998
v 31.500000 23.855853 4.747998
v 29.250000 23.855853 4.747998
v 47.250000 18.230853 5.863709
v 47.250000 26.105853 5.863709
v 49.500000 26.105853 5.863709
v 51.750000 26.105853 5.863709
v 51.750000 19.355853 5.863709
v 51.750000 12.605853 5.863709
v 56.250000 12.605853 5.863709
v 60.750000 12.605853 5.863709
v 60.750000 11.480853 5.863709
v 60.750000 10.355853 5.863709
v 54.000000 10.355853 5.863709
v 47.250000 10.355853 5.863709
v 47.250000 18.230853 4.747998
v 47.250000 26.105853 4.747998
v 49.500000 26.105853 4.747998
v 51.750000 26.105853 4.747998
v 51.750000 19.355853 4.747998
v 51.750000 12.605853 4.747998
v 56.250000 12.605853 4.747998
v 60.750000 12.605853 4.747998
v 60.750000 11.480853 4.747998
v 60.750000 10.355853 4.747998
v 54.000000 10.355853 4.747998
v 47.250000 10.355853 4.747998
v 63.000000 18.230853 5.863709
v 63.000000 26.105853 5.863709
v 70.875000 26.105853 5.863709
v 78.750000 26.105853 5.863709
v 78.750000 24.980853 5.863709
v 78.750000 23.855853 5.863709
v 73.125000 23.855853 5.863709
v 67.500000 23.855853 5.863709
v 67.500000 21.605853 5.863709
v 67.500000 19.355853 5.863709
v 72.000000 19.355853 5.863709
v 76.500000 19.355853 5.863709
v 76.500000 18.230853 5.863709
v 76.500000 17.105853 5.863709
v 72.000000 17.105853 5.863709
v 67.500000 17.105853 5.863709
v 67.500000 14.855853 5.863709
v 67.500000 12.605853 5.863709
v 73.125000 12.605853 5.863709
v 78.750000 12.605853 5.863709
v 78.750000 11.480853 5.863709
v 78.750000 10.355853 5.863709
v 70.875000 10.355853 5.863709
v 63.000000 10.355853 5.863709
v 63.000000 18.230853 4.747998
v 63.000000 26.105853 4.747998
v 70.875000 26.105853 4.747998
v 78.750000 26.105853 4.747998
v 78.750000 24.980853 4.747998
v 78.750000 23.855853 4.747998
v 73.125000 23.855853 4.747998
v 67.500000 23.855853 4.747998
v 67.500000 21.605853 4.747998
v 67.500000 19.355853 4.747998
v 72.000000 19.355853 4.747998
v 76.500000 19.355853 4.747998
v 76.500000 18.230853 4.747998
v 76.500000 17.105853 4.747998
v 72.000000 17.105853 4.747998
v 67.500000 17.105853 4.747998
v 67.500000 14.855853 4.747998
v 67.500000 12.605853 4.747998
v 73.125000 12.605853 4.747998
v 78.750000 12.605853 4.747998
v 78.750000 11.480853 4.747998
v 78.750000 10.355853 4.747998
v 70.875000 10.355853 4.747998
v 63.000000 10.355853 4.747998
v 81.000000 18.230853 5.863709
v 81.000000 26.105853 5.863709
v 86.625000 26.105853 5.863709
v 92.250000 26.105853 5.863709
v 92.250000 24.980853 5.863709
v 92.250000 23.855853 5.863709
v 93.375000 23.855853 5.863709
v 94.500000 23.855853 5.863709
v 94.500000 22.730853 5.863709
v 94.500000 21.605853 5.863709
v 95.625000 21.605853 5.863709
v 96.750000 21.605853 5.863709
v 96.750000 18.230853 5.863709
v 96.750000 14.855853 5.863709
v 95.625000 14.855853 5.863709
v 94.500000 14.855853 5.863709
v 94.500000 13.730853 5.863709
v 94.500000 12.605853 5.863709
v 93.375000 12.605853 5.863709
v 92.250000 12.605853 5.863709
v 92.250000 11.480853 5.863709
v 92.250000 10.355853 5.863709
v 86.625000 10.355853 5.863709
v 81.000000 10.355853 5.863709
v 90.000000 22.730853 5.863709
v 90.000000 23.855853 5.863709
v 87.750000 23.855853 5.863709
v 85.500000 23.855853 5.863709
v 85.500000 18.230853 5.863709
v 85.500000 12.605853 5.863709
v 87.750000 12.605853 5.863709
v 90.000000 12.605853 5.863709
v 90.000000 13.730853 5.863709
v 90.000000 14.855853 5.863709
v 91.125000 14.855853 5.863709
v 92.250000 14.855853 5.863709
v 92.250000 18.230853 5.863709
v 92.250000 21.605853 5.863709
v 91.125000 21.605853 5.863709
v 90.000000 21.605853 5.863709
v 81.000000 18.230853 4.747998
v 81.000000 26.105853 4.747998
v 86.625000 26.105853 4.747998
v 92.250000 26.105853 4.747998
v 92.250000 24.980853 4.747998
v 92.250000 23.855853 4.747998
v 93.375000 23.855853 4.747998
v 94.500000 23.855853 4.747998
v 94.500000 22.730853 4.747998
v 94.500000 21.605853 4.747998
v 95.625000 21.605853 4.747998
v 96.750000 21.605853 4.747998
v 96.750000 18.230853 4.747998
v 96.750000 14.855853 4.747998
v 95.625000 14.855853 4.747998
v 94.500000 14.855853 4.747998
v 94.500000 13.730853 4.747998
v 94.500000 12.605853 4.747998
v 93.375000 12.605853 4.747998
v 92.250000 12.605853 4.747998
v 92.250000 11.480853 4.747998
v 92.250000 10.355853 4.747998
v 86.625000 10.355853 4.747998
v 81.000000 10.355853 4.747998
v 90.000000 22.730853 4.747998
v 90.000000 23.855853 4.747998
v 87.750000 23.855853 4.747998
v 85.500000 23.855853 4.747998
v 85.500000 18.230853 4.747998
v 85.500000 12.605853 4.747998
v 87.750000 12.605853 4.747998
v 90.000000 12.605853 4.747998
v 90.000000 13.730853 4.747998
v 90.000000 14.855853 4.747998
v 91.125000 14.855853 4.747998
v 92.250000 14.855853 4.747998
v 92.250000 18.230853 4.747998
v 92.250000 21.605853 4.747998
v 91.125000 21.605853 4.747998
v 90.000000 21.605853 4.747998
v -110.250000 -3.003522 5.863709
v -110.250000 -1.878522 5.863709
v -105.750000 -1.878522 5.863709
v -101.250000 -1.878522 5.863709
v -101.250000 -3.003522 5.863709
v -101.250000 -4.128522 5.863709
v -100.125000 -4.128522 5.863709
v -99.000000 -4.128522 5.863709
v -99.000000 -5.253522 5.863709
v -99.000000 -6.378522 5.863709
v -101.250000 -6.378522 5.863709
v -103.500000 -6.378522 5.863709
v -103.500000 -5.253522 5.863709
v -103.500000 -4.128522 5.863709
v -105.750000 -4.128522 5.863709
v -108.000000 -4.128522 5.863709
v -108.000000 -6.378522 5.863709
v -108.000000 -8.628522 5.863709
v -103.500000 -8.628522 5.863709
v -99.000000 -8.628522 5.863709
v -99.000000 -9.753522 5.863709
v -99.000000 -10.878522 5.863709
v -97.875000 -10.878522 5.863709
v -96.750000 -10.878522 5.863709
v -96.750000 -13.128522 5.863709
v -96.750000 -15.378522 5.863709
v -97.875000 -15.378522 5.863709
v -99.000000 -15.378522 5.863709
v -99.000000 -16.503522 5.863709
v -99.000000 -17.628522 5.863709
v -104.625000 -17.628522 5.863709
v -110.250000 -17.628522 5.863709
v -110.250000 -16.503522 5.863709
v -110.250000 -15.378522 5.863709
v -111.375000 -15.378522 5.863709
v -112.500000 -15.378522 5.863709
v -112.500000 -14.253522 5.863709
v -112.500000 -13.128522 5.863709
v -110.250000 -13.128522 5.863709
v -108.000000 -13.128522 5.863709
v -108.000000 -14.253522 5.863709
v -108.000000 -15.378522 5.863709
v -104.625000 -15.378522 5.863709
v -101.250000 -15.378522 5.863709
v -101.250000 -13.128522 5.863709
v -101.250000 -10.878522 5.863709
v -105.750000 -10.878522 5.863709
v -110.250000 -10.878522 5.863709
v -110.250000 -9.753522 5.863709
v -110.250000 -8.628522 5.863709
v -111.375000 -8.628522 5.863709
v -112.500000 -8.628522 5.863709
v -112.500000 -6.378522 5.863709
v -112.500000 -4.128522 5.863709
v -111.375000 -4.128522 5.863709
v -110.250000 -4.128522 5.863709
v -110.250000 -3.003522 4.747998
v -110.250000 -1.878522 4.747998
v -105.750000 -1.878522 4.747998
v -101.250000 -1.878522 4.747998
v -101.250000 -3.003522 4.747998
v -101.250000 -4.128522 4.747998
v -100.125000 -4.128522 4.747998
v -99.000000 -4.128522 4.747998
v -99.000000 -5.253522 4.747998
v -99.000000 -6.378522 4.747998
v -101.250000 -6.378522 4.747998
v -103.500000 -6.378522 4.747998
v -103.500000 -5.253522 4.747998
v -103.500000 -4.128522 4.747998
v -105.750000 -4.128522 4.747998
v -108.000000 -4.128522 4.747998
v -108.000000 -6.378522 4.747998
v -108.000000 -8.628522 4.747998
v -103.500000 -8.628522 4.747998
v -99.000000 -8.628522 4.747998
v -99.000000 -9.753522 4.747998
v -99.000000 -10.878522 4.747998
v -97.875000 -10.878522 4.747998
v -96.750000 -10.878522 4.747998
v -96.750000 -13.128522 4.747998
v -96.750000 -15.378522 4.747998
v -97.875000 -15.378522 4.747998
v -99.000000 -15.378522 4.747998
v -99.000000 -16.503522 4.747998
v -99.000000 -17.628522 4.747998
v -104.625000 -17.628522 4.747998
v -110.250000 -17.628522 4.747998
v -110.250000 -16.503522 4.747998
v -110.250000 -15.378522 4.747998
v -111.375000 -15.378522 4.747998
v -112.500000 -15.378522 4.747998
v -112.500000 -14.253522 4.747998
v -112.500000 -13.128522 4.747998
v -110.250000 -13.128522 4.747998
v -108.000000 -13.128522 4.747998
v -108.000000 -14.253522 4.747998
v -108.000000 -15.378522 4.747998
v -104.625000 -15.378522 4.747998
v -101.250000 -15.378522 4.747998
v -101.250000 -13.128522 4.747998
v -101.250000 -10.878522 4.747998
v -105.750000 -10.878522 4.747998
v -110.250000 -10.878522 4.747998
v -110.250000 -9.753522 4.747998
v -110.250000 -8.628522 4.747998
v -111.375000 -8.628522 4.747998
v -112.500000 -8.628522 4.747998
v -112.500000 -6.378522 4.747998
v -112.500000 -4.128522 4.747998
v -111.375000 -4.128522 4.747998
v -110.250000 -4.128522 4.747998
v -94.500000 -8.628522 5.863709
v -94.500000 -1.878522 5.863709
v -92.250000 -1.878522 5.863709
v -90.000000 -1.878522 5.863709
v -90.000000 -8.628522 5.863709
v -90.000000 -15.378522 5.863709
v -86.625000 -15.378522 5.863709
v -83.250000 -15.378522 5.863709
v -83.250000 -8.628522 5.863709
v -83.250000 -1.878522 5.863709
v -81.000000 -1.878522 5.863709
v -78.750000 -1.878522 5.863709
v -78.750000 -8.628522 5.863709
v -78.750000 -15.378522 5.863709
v -79.875000 -15.378522 5.863709
v -81.000000 -15.378522 5.863709
v -81.000000 -16.503522 5.863709
v -81.000000 -17.628522 5.863709
v -86.625000 -17.628522 5.863709
v -92.250000 -17.628522 5.863709
v -92.250000 -16.503522 5.863709
v -92.250000 -15.378522 5.863709
v -93.375000 -15.378522 5.863709
v -94.500000 -15.378522 5.863709
v -94.500000 -8.628522 4.747998
v -94.500000 -1.878522 4.747998
v -92.250000 -1.878522 4.747998
v -90.000000 -1.878522 4.747998
v -90.000000 -8.628522 4.747998
v -90.000000 -15.378522 4.747998
v -86.625000 -15.378522 4.747998
v -83.250000 -15.378522 4.747998
v -83.250000 -8.628522 4.747998
v -83.250000 -1.878522 4.747998
v -81.000000 -1.878522 4.747998
v -78.750000 -1.878522 4.747998
v -78.750000 -8.628522 4.747998
v -78.750000 -15.378522 4.747998
v -79.875000 -15.378522 4.747998
v -81.000000 -15.378522 4.747998
v -81.000000 -16.503522 4.747998
v -81.000000 -17.628522 4.747998
v -86.625000 -17.628522 4.747998
v -92.250000 -17.628522 4.747998
v -92.250000 -16.503522 4.747998
v -92.250000 -15.378522 4.747998
v -93.375000 -15.378522 4.747998
v -94.500000 -15.378522 4.747998
v -72.000000 -3.003522 5.863709
v -72.000000 -1.878522 5.863709
v -67.500000 -1.878522 5.863709
v -63.000000 -1.878522 5.863709
v -63.000000 -3.003522 5.863709
v -63.000000 -4.128522 5.863709
v -61.875000 -4.128522 5.863709
v -60.750000 -4.128522 5.863709
v -60.750000 -5.253522 5.863709
v -60.750000 -6.378522 5.863709
v -63.000000 -6.378522 5.863709
v -65.250000 -6.378522 5.863709
v -65.250000 -5.253522 5.863709
v -65.250000 -4.128522 5.863709
v -67.500000 -4.128522 5.863709
v -69.750000 -4.128522 5.863709
v -69.750000 -5.253522 5.863709
v -69.750000 -6.378522 5.863709
v -70.875000 -6.378522 5.863709
v -72.000000 -6.378522 5.863709
v -72.000000 -9.753522 5.863709
v -72.000000 -13.128522 5.863709
v -70.875000 -13.128522 5.863709
v -69.750000 -13.128522 5.863709
v -69.750000 -14.253522 5.863709
v -69.750000 -15.378522 5.863709
v -67.500000 -15.378522 5.863709
v -65.250000 -15.378522 5.863709
v -65.250000 -14.253522 5.863709
v -65.250000 -13.128522 5.863709
v -63.000000 -13.128522 5.863709
v -60.750000 -13.128522 5.863709
v -60.750000 -14.253522 5.863709
v -60.750000 -15.378522 5.863709
v -61.875000 -15.378522 5.863709
v -63.000000 -15.378522 5.863709
v -63.000000 -16.503522 5.863709
v -63.000000 -17.628522 5.863709
v -67.500000 -17.628522 5.863709
v -72.000000 -17.628522 5.863709
v -72.000000 -16.503522 5.863709
v -72.000000 -15.378522 5.863709
v -73.125000 -15.378522 5.863709
v -74.250000 -15.378522 5.863709
v -74.250000 -14.253522 5.863709
v -74.250000 -13.128522 5.863709
v -75.375000 -13.128522 5.863709
v -76.500000 -13.128522 5.863709
v -76.500000 -9.753522 5.863709
v -76.500000 -6.378522 5.863709
v -75.375000 -6.378522 5.863709
v -74.250000 -6.378522 5.863709
v -74.250000 -5.253522 5.863709
v -74.250000 -4.128522 5.863709
v -73.125000 -4.128522 5.863709
v -72.000000 -4.128522 5.863709
v -72.000000 -3.003522 4.747998
v -72.000000 -1.878522 4.747998
v -67.500000 -1.878522 4.747998
v -63.000000 -1.878522 4.747998
v -63.000000 -3.003522 4.747998
v -63.000000 -4.128522 4.747998
v -61.875000 -4.128522 4.747998
v -60.750000 -4.128522 4.747998
v -60.750000 -5.253522 4.747998
v -60.750000 -6.378522 4.747998
v -63.000000 -6.378522 4.747998
v -65.250000 -6.378522 4.747998
v -65.250000 -5.253522 4.747998
v -65.250000 -4.128522 4.747998
v -67.500000 -4.128522 4.747998
v -69.750000 -4.128522 4.747998
v -69.750000 -5.253522 4.747998
v -69.750000 -6.378522 4.747998
v -70.875000 -6.378522 4.747998
v -72.000000 -6.378522 4.747998
v -72.000000 -9.753522 4.747998
v -72.000000 -13.128522 4.747998
v -70.875000 -13.128522 4.747998
v -69.750000 -13.128522 4.747998
v -69.750000 -14.253522 4.747998
v -69.750000 -15.378522 4.747998
v -67.500000 -15.378522 4.747998
v -65.250000 -15.378522 4.747998
v -65.250000 -14.253522 4.747998
v -65.250000 -13.128522 4.747998
v -63.000000 -13.128522 4.747998
v -60.750000 -13.128522 4.747998
v -60.750000 -14.253522 4.747998
v -60.750000 -15.378522 4.747998
v -61.875000 -15.378522 4.747998
v -63.000000 -15.378522 4.747998
v -63.000000 -16.503522 4.747998
v -63.000000 -17.628522 4.747998
v -67.500000 -17.628522 4.747998
v -72.000000 -17.628522 4.747998
v -72.000000 -16.503522 4.747998
v -72.000000 -15.378522 4.747998
v -73.125000 -15.378522 4.747998
v -74.250000 -15.378522 4.747998
v -74.250000 -14.253522 4.747998
v -74.250000 -13.128522 4.747998
v -75.375000 -13.128522 4.747998
v -76.500000 -13.128522 4.747998
v -76.500000 -9.753522 4.747998
v -76.500000 -6.378522 4.747998
v -75.375000 -6.378522 4.747998
v -74.250000 -6.378522 4.747998
v -74.250000 -5.253522 4.747998
v -74.250000 -4.128522 4.747998
v -73.125000 -4.128522 4.747998
v -72.000000 -4.128522 4.747998
v -54.000000 -3.003522 5.863709
v -54.000000 -1.878522 5.863709
v -49.500000 -1.878522 5.863709
v -45.000000 -1.878522 5.863709
v -45.000000 -3.003522 5.863709
v -45.000000 -4.128522 5.863709
v -43.875000 -4.128522 5.863709
v -42.750000 -4.128522 5.863709
v -42.750000 -5.253522 5.863709
v -42.750000 -6.378522 5.863709
v -45.000000 -6.378522 5.863709
v -47.250000 -6.378522 5.863709
v -47.250000 -5.253522 5.863709
v -47.250000 -4.128522 5.863709
v -49.500000 -4.128522 5.863709
v -51.750000 -4.128522 5.863709
v -51.750000 -5.253522 5.863709
v -51.750000 -6.378522 5.863709
v -52.875000 -6.378522 5.863709
v -54.000000 -6.378522 5.863709
v -54.000000 -9.753522 5.863709
v -54.000000 -13.128522 5.863709
v -52.875000 -13.128522 5.863709
v -51.750000 -13.128522 5.863709
v -51.750000 -14.253522 5.863709
v -51.750000 -15.378522 5.863709
v -49.500000 -15.378522 5.863709
v -47.250000 -15.378522 5.863709
v -47.250000 -14.253522 5.863709
v -47.250000 -13.128522 5.863709
v -45.000000 -13.128522 5.863709
v -42.750000 -13.128522 5.863709
v -42.750000 -14.253522 5.863709
v -42.750000 -15.378522 5.863709
v -43.875000 -15.378522 5.863709
v -45.000000 -15.378522 5.863709
v -45.000000 -16.503522 5.863709
v -45.000000 -17.628522 5.863709
v -49.500000 -17.628522 5.863709
v -54.000000 -17.628522 5.863709
v -54.000000 -16.503522 5.863709
v -54.000000 -15.378522 5.863709
v -55.125000 -15.378522 5.863709
v -56.250000 -15.378522 5.863709
v -56.250000 -14.253522 5.863709
v -56.250000 -13.128522 5.863709
v -57.375000 -13.128522 5.863709
v -58.500000 -13.128522 5.863709
v -58.500000 -9.753522 5.863709
v -58.500000 -6.378522 5.863709
v -57.375000 -6.378522 5.863709
v -56.250000 -6.378522 5.863709
v -56.250000 -5.253522 5.863709
v -56.250000 -4.128522 5.863709
v -55.125000 -4.128522 5.863709
v -54.000000 -4.128522 5.863709
v -54.000000 -3.003522 4.747998
v -54.000000 -1.878522 4.747998
v -49.500000 -1.878522 4.747998
v -45.000000 -1.878522 4.747998
v -45.000000 -3.003522 4.747998
v -45.000000 -4.128522 4.747998
v -43.875000 -4.128522 4.747998
v -42.750000 -4.128522 4.747998
v -42.750000 -5.253522 4.747998
v -42.750000 -6.378522 4.747998
v -45.000000 -6.378522 4.747998
v -47.250000 -6.378522 4.747998
v -47.250000 -5.253522 4.747998
v -47.250000 -4.128522 4.747998
v -49.500000 -4.128522 4.747998
v -51.750000 -4.128522 4.747998
v -51.750000 -5.253522 4.747998
v -51.750000 -6.378522 4.747998
v -52.875000 -6.378522 4.747998
v -54.000000 -6.378522 4.747998
v -54.000000 -9.753522 4.747998
v -54.000000 -13.128522 4.747998
v -52.875000 -13.128522 4.747998
v -51.750000 -13.128522 4.747998
v -51.750000 -14.253522 4.747998
v -51.750000 -15.378522 4.747998
v -49.500000 -15.378522 4.747998
v -47.250000 -15.378522 4.747998
v -47.250000 -14.253522 4.747998
v -47.250000 -13.128522 4.747998
v -45.000000 -13.128522 4.747998
v -42.750000 -13.128522 4.747998
v -42.750000 -14.253522 4.747998
v -42.750000 -15.378522 4.747998
v -43.875000 -15.378522 4.747998
v -45.000000 -15.378522 4.747998
v -45.000000 -16.503522 4.747998
v -45.000000 -17.628522 4.747998
v -49.500000 -17.628522 4.747998
v -54.000000 -17.628522 4.747998
v -54.000000 -16.503522 4.747998
v -54.000000 -15.378522 4.747998
v -55.125000 -15.378522 4.747998
v -56.250000 -15.378522 4.747998
v -56.250000 -14.253522 4.747998
v -56.250000 -13.128522 4.747998
v -57.375000 -13.128522 4.747998
v -58.500000 -13.128522 4.747998
v -58.500000 -9.753522 4.747998
v -58.500000 -6.378522 4.747998
v -57.375000 -6.378522 4.747998
v -56.250000 -6.378522 4.747998
v -56.250000 -5.253522 4.747998
v -56.250000 -4.128522 4.747998
v -55.125000 -4.128522 4.747998
v -54.000000 -4.128522 4.747998
v -40.500000 -9.753522 5.863709
v -40.500000 -1.878522 5.863709
v -32.625000 -1.878522 5.863709
v -24.750000 -1.878522 5.863709
v -24.750000 -3.003522 5.863709
v -24.750000 -4.128522 5.863709
v -30.375000 -4.128522 5.863709
v -36.000000 -4.128522 5.863709
v -36.000000 -6.378522 5.863709
v -36.000000 -8.628522 5.863709
v -31.500000 -8.628522 5.863709
v -27.000000 -8.628522 5.863709
v -27.000000 -9.753522 5.863709
v -27.000000 -10.878522 5.863709
v -31.500000 -10.878522 5.863709
v -36.000000 -10.878522 5.863709
v -36.000000 -13.128522 5.863709
v -36.000000 -15.378522 5.863709
v -30.375000 -15.378522 5.863709
v -24.750000 -15.378522 5.863709
v -24.750000 -16.503522 5.863709
v -24.750000 -17.628522 5.863709
v -32.625000 -17.628522 5.863709
v -40.500000 -17.628522 5.863709
v -40.500000 -9.753522 4.747998
v -40.500000 -1.878522 4.747998
v -32.625000 -1.878522 4.747998
v -24.750000 -1.878522 4.747998
v -24.750000 -3.003522 4.747998
v -24.750000 -4.128522 4.747998
v -30.375000 -4.128522 4.747998
v -36.000000 -4.128522 4.747998
v -36.000000 -6.378522 4.747998
v -36.000000 -8.628522 4.747998
v -31.500000 -8.628522 4.747998
v -27.000000 -8.628522 4.747998
v -27.000000 -9.753522 4.747998
v -27.000000 -10.878522 4.747998
v -31.500000 -10.878522 4.747998
v -36.000000 -10.878522 4.747998
v -36.000000 -13.128522 4.747998
v -36.000000 -15.378522 4.747998
v -30.375000 -15.378522 4.747998
v -24.750000 -15.378522 4.747998
v -24.750000 -16.503522 4.747998
v -24.750000 -17.628522 4.747998
v -32.625000 -17.628522 4.747998
v -40.500000 -17.628522 4.747998
v -20.250000 -3.003522 5.863709
v -20.250000 -1.878522 5.863709
v -15.750000 -1.878522 5.863709
v -11.250000 -1.878522 5.863709
v -11.250000 -3.003522 5.863709
v -11.250000 -4.128522 5.863709
v -10.125000 -4.128522 5.863709
v -9.000000 -4.128522 5.863709
v -9.000000 -5.253522 5.863709
v -9.000000 -6.378522 5.863709
v -11.250000 -6.378522 5.863709
v -13.500000 -6.378522 5.863709
v -13.500000 -5.253522 5.863709
v -13.500000 -4.128522 5.863709
v -15.750000 -4.128522 5.863709
v -18.000000 -4.128522 5.863709
v -18.000000 -6.378522 5.863709
v -18.000000 -8.628522 5.863709
v -13.500000 -8.628522 5.863709
v -9.000000 -8.628522 5.863709
v -9.000000 -9.753522 5.863709
v -9.000000 -10.878522 5.863709
v -7.875000 -10.878522 5.863709
v -6.750000 -10.878522 5.863709
v -6.750000 -13.128522 5.863709
v -6.750000 -15.378522 5.863709
v -7.875000 -15.378522 5.863709
v -9.000000 -15.378522 5.863709
v -9.000000 -16.503522 5.863709
v -9.000000 -17.628522 5.863709
v -14.625000 -17.628522 5.863709
v -20.250000 -17.628522 5.863709
v -20.250000 -16.503522 5.863709
v -20.250000 -15.378522 5.863709
v -21.375000 -15.378522 5.863709
v -22.500000 -15.378522 5.863709
v -22.500000 -14.253522 5.863709
v -22.500000 -13.128522 5.863709
v -20.250000 -13.128522 5.863709
v -18.000000 -13.128522 5.863709
v -18.000000 -14.253522 5.863709
v -18.000000 -15.378522 5.863709
v -14.625000 -15.378522 5.863709
v -11.250000 -15.378522 5.863709
v -11.250000 -13.128522 5.863709
v -11.250000 -10.878522 5.863709
v -15.750000 -10.878522 5.863709
v -20.250000 -10.878522 5.863709
v -20.250000 -9.753522 5.863709
v -20.250000 -8.628522 5.863709
v -21.375000 -8.628522 5.863709
v -22.500000 -8.628522 5.863709
v -22.500000 -6.378522 5.863709
v -22.500000 -4.128522 5.863709
v -21.375000 -4.128522 5.863709
v -20.250000 -4.128522 5.863709
v -20.250000 -3.003522 4.747998
v -20.250000 -1.878522 4.747998
v -15.750000 -1.878522 4.747998
v -11.250000 -1.878522 4.747998
v -11.250000 -3.003522 4.747998
v -11.250000 -4.128522 4.747998
v -10.125000 -4.128522 4.747998
v -9.000000 -4.128522 4.747998
v -9.000000 -5.253522 4.747998
v -9.000000 -6.378522 4.747998
v -11.250000 -6.378522 4.747998
v -13.500000 -6.378522 4.747998
v -13.500000 -5.253522 4.747998
v -13.500000 -4.128522 4.747998
v -15.750000 -4.128522 4.747998
v -18.000000 -4.128522 4.747998
v -18.000000 -6.378522 4.747998
v -18.000000 -8.628522 4.747998
v -13.500000 -8.628522 4.747998
v -9.000000 -8.628522 4.747998
v -9.000000 -9.753522 4.747998
v -9.000000 -10.878522 4.747998
v -7.875000 -10.878522 4.747998
v -6.750000 -10.878522 4.747998
v -6.750000 -13.128522 4.747998
v -6.750000 -15.378522 4.747998
v -7.875000 -15.378522 4.747998
v -9.000000 -15.378522 4.747998
v -9.000000 -16.503522 4.747998
v -9.000000 -17.628522 4.747998
v -14.625000 -17.628522 4.747998
v -20.250000 -17.628522 4.747998
v -20.250000 -16.503522 4.747998
v -20.250000 -15.378522 4.747998
v -21.375000 -15.378522 4.747998
v -22.500000 -15.378522 4.747998
v -22.500000 -14.253522 4.747998
v -22.500000 -13.128522 4.747998
v -20.250000 -13.128522 4.747998
v -18.000000 -13.128522 4.747998
v -18.000000 -14.253522 4.747998
v -18.000000 -15.378522 4.747998
v -14.625000 -15.378522 4.747998
v -11.250000 -15.378522 4.747998
v -11.250000 -13.128522 4.747998
v -11.250000 -10.878522 4.747998
v -15.750000 -10.878522 4.747998
v -20.250000 -10.878522 4.747998
v -20.250000 -9.753522 4.747998
v -20.250000 -8.628522 4.747998
v -21.375000 -8.628522 4.747998
v -22.500000 -8.628522 4.747998
v -22.500000 -6.378522 4.747998
v -22.500000 -4.128522 4.747998
v -21.375000 -4.128522 4.747998
v -20.250000 -4.128522 4.747998
v -2.250000 -3.003522 5.863709
v -2.250000 -1.878522 5.863709
v 2.250000 -1.878522 5.863709
v 6.750000 -1.878522 5.863709
v 6.750000 -3.003522 5.863709
v 6.750000 -4.128522 5.863709
v 7.875000 -4.128522 5.863709
v 9.000000 -4.128522 5.863709
v 9.000000 -5.253522 5.863709
v 9.000000 -6.378522 5.863709
v 6.750000 -6.378522 5.863709
v 4.500000 -6.378522 5.863709
v 4.500000 -5.253522 5.863709
v 4.500000 -4.128522 5.863709
v 2.250000 -4.128522 5.863709
v 0.000000 -4.128522 5.863709
v 0.000000 -6.378522 5.863709
v 0.000000 -8.628522 5.863709
v 4.500000 -8.628522 5.863709
v 9.000000 -8.628522 5.863709
v 9.000000 -9.753522 5.863709
v 9.000000 -10.878522 5.863709
v 10.125000 -10.878522 5.863709
v 11.250000 -10.878522 5.863709
v 11.250000 -13.128522 5.863709
v 11.250000 -15.378522 5.863709
v 10.125000 -15.378522 5.863709
v 9.000000 -15.378522 5.863709
v 9.000000 -16.503522 5.863709
v 9.000000 -17.628522 5.863709
v 3.375000 -17.628522 5.863709
v -2.250000 -17.628522 5.863709
v -2.250000 -16.503522 5.863709
v -2.250000 -15.378522 5.863709
v -3.375000 -15.378522 5.863709
v -4.500000 -15.378522 5.863709
v -4.500000 -14.253522 5.863709
v -4.500000 -13.128522 5.863709
v -2.250000 -13.128522 5.863709
v 0.000000 -13.128522 5.863709
v 0.000000 -14.253522 5.863709
v 0.000000 -15.378522 5.863709
v 3.375000 -15.378522 5.863709
v 6.750000 -15.378522 5.863709
v 6.750000 -13.128522 5.863709
v 6.750000 -10.878522 5.863709
v 2.250000 -10.878522 5.863709
v -2.250000 -10.878522 5.863709
v -2.250000 -9.753522 5.863709
v -2.250000 -8.628522 5.863709
v -3.375000 -8.628522 5.863709
v -4.500000 -8.628522 5.863709
v -4.500000 -6.378522 5.863709
v -4.500000 -4.128522 5.863709
v -3.375000 -4.128522 5.863709
v -2.250000 -4.128522 5.863709
v -2.250000 -3.003522 4.747998
v -2.250000 -1.878522 4.747998
v 2.250000 -1.878522 4.747998
v 6.750000 -1.878522 4.747998
v 6.750000 -3.003522 4.747998
v 6.750000 -4.128522 4.747998
v 7.875000 -4.128522 4.747998
v 9.000000 -4.128522 4.747998
v 9.000000 -5.253522 4.747998
v 9.000000 -6.378522 4.747998
v 6.750000 -6.378522 4.747998
v 4.500000 -6.378522 4.747998
v 4.500000 -5.253522 4.747998
v 4.500000 -4.128522 4.747998
v 2.250000 -4.128522 4.747998
v 0.000000 -4.128522 4.747998
v 0.000000 -6.378522 4.747998
v 0.000000 -8.628522 4.747998
v 4.500000 -8.628522 4.747998
v 9.000000 -8.628522 4.747998
v 9.000000 -9.753522 4.747998
v 9.000000 -10.878522 4.747998
v 10.125000 -10.878522 4.747998
v 11.250000 -10.878522 4.747998
v 11.250000 -13.128522 4.747998
v 11.250000 -15.378522 4.747998
v 10.125000 -15.378522 4.747998
v 9.000000 -15.378522 4.747998
v 9.000000 -16.503522 4.747998
v 9.000000 -17.628522 4.747998
v 3.375000 -17.628522 4.747998
v -2.250000 -17.628522 4.747998
v -2.250000 -16.503522 4.747998
v -2.250000 -15.378522 4.747998
v -3.375000 -15.378522 4.747998
v -4.500000 -15.378522 4.747998
v -4.500000 -14.253522 4.747998
v -4.500000 -13.128522 4.747998
v -2.250000 -13.128522 4.747998
v 0.000000 -13.128522 4.747998
v 0.000000 -14.253522 4.747998
v 0.000000 -15.378522 4.747998
v 3.375000 -15.378522 4.747998
v 6.750000 -15.378522 4.747998
v 6.750000 -13.128522 4.747998
v 6.750000 -10.878522 4.747998
v 2.250000 -10.878522 4.747998
v -2.250000 -10.878522 4.747998
v -2.250000 -9.753522 4.747998
v -2.250000 -8.628522 4.747998
v -3.375000 -8.628522 4.747998
v -4.500000 -8.628522 4.747998
v -4.500000 -6.378522 4.747998
v -4.500000 -4.128522 4.747998
v -3.375000 -4.128522 4.747998
v -2.250000 -4.128522 4.747998
v 13.500000 -9.753522 5.863709
v 13.500000 -1.878522 5.863709
v 21.375000 -1.878522 5.863709
v 29.250000 -1.878522 5.863709
v 29.250000 -3.003522 5.863709
v 29.250000 -4.128522 5.863709
v 23.625000 -4.128522 5.863709
v 18.000000 -4.128522 5.863709
v 18.000000 -6.378522 5.863709
v 18.000000 -8.628522 5.863709
v 22.500000 -8.628522 5.863709
v 27.000000 -8.628522 5.863709
v 27.000000 -9.753522 5.863709
v 27.000000 -10.878522 5.863709
v 22.500000 -10.878522 5.863709
v 18.000000 -10.878522 5.863709
v 18.000000 -14.253522 5.863709
v 18.000000 -17.628522 5.863709
v 15.750000 -17.628522 5.863709
v 13.500000 -17.628522 5.863709
v 13.500000 -9.753522 4.747998
v 13.500000 -1.878522 4.747998
v 21.375000 -1.878522 4.747998
v 29.250000 -1.878522 4.747998
v 29.250000 -3.003522 4.747998
v 29.250000 -4.128522 4.747998
v 23.625000 -4.128522 4.747998
v 18.000000 -4.128522 4.747998
v 18.000000 -6.378522 4.747998
v 18.000000 -8.628522 4.747998
v 22.500000 -8.628522 4.747998
v 27.000000 -8.628522 4.747998
v 27.000000 -9.753522 4.747998
v 27.000000 -10.878522 4.747998
v 22.500000 -10.878522 4.747998
v 18.000000 -10.878522 4.747998
v 18.000000 -14.253522 4.747998
v 18.000000 -17.628522 4.747998
v 15.750000 -17.628522 4.747998
v 13.500000 -17.628522 4.747998
v 31.500000 -8.628522 5.863709
v 31.500000 -1.878522 5.863709
v 33.750000 -1.878522 5.863709
v 36.000000 -1.878522 5.863709
v 36.000000 -8.628522 5.863709
v 36.000000 -15.378522 5.863709
v 39.375000 -15.378522 5.863709
v 42.750000 -15.378522 5.863709
v 42.750000 -8.628522 5.863709
v 42.750000 -1.878522 5.863709
v 45.000000 -1.878522 5.863709
v 47.250000 -1.878522 5.863709
v 47.250000 -8.628522 5.863709
v 47.250000 -15.378522 5.863709
v 46.125000 -15.378522 5.863709
v 45.000000 -15.378522 5.863709
v 45.000000 -16.503522 5.863709
v 45.000000 -17.628522 5.863709
v 39.375000 -17.628522 5.863709
v 33.750000 -17.628522 5.863709
v 33.750000 -16.503522 5.863709
v 33.750000 -15.378522 5.863709
v 32.625000 -15.378522 5.863709
v 31.500000 -15.378522 5.863709
v 31.500000 -8.628522 4.747998
v 31.500000 -1.878522 4.747998
v 33.750000 -1.878522 4.747998
v 36.000000 -1.878522 4.747998
v 36.000000 -8.628522 4.747998
v 36.000000 -15.378522 4.747998
v 39.375000 -15.378522 4.747998
v 42.750000 -15.378522 4.747998
v 42.750000 -8.628522 4.747998
v 42.750000 -1.878522 4.747998
v 45.000000 -1.878522 4.747998
v 47.250000 -1.878522 4.747998
v 47.250000 -8.628522 4.747998
v 47.250000 -15.378522 4.747998
v 46.125000 -15.378522 4.747998
v 45.000000 -15.378522 4.747998
v 45.000000 -16.503522 4.747998
v 45.000000 -17.628522 4.747998
v 39.375000 -17.628522 4.747998
v 33.750000 -17.628522 4.747998
v 33.750000 -16.503522 4.747998
v 33.750000 -15.378522 4.747998
v 32.625000 -15.378522 4.747998
v 31.500000 -15.378522 4.747998
v 51.750000 -9.753522 5.863709
v 51.750000 -1.878522 5.863709
v 54.000000 -1.878522 5.863709
v 56.250000 -1.878522 5.863709
v 56.250000 -8.628522 5.863709
v 56.250000 -15.378522 5.863709
v 60.750000 -15.378522 5.863709
v 65.250000 -15.378522 5.863709
v 65.250000 -16.503522 5.863709
v 65.250000 -17.628522 5.863709
v 58.500000 -17.628522 5.863709
v 51.750000 -17.628522 5.863709
v 51.750000 -9.753522 4.747998
v 51.750000 -1.878522 4.747998
v 54.000000 -1.878522 4.747998
v 56.250000 -1.878522 4.747998
v 56.250000 -8.628522 4.747998
v 56.250000 -15.378522 4.747998
v 60.750000 -15.378522 4.747998
v 65.250000 -15.378522 4.747998
v 65.250000 -16.503522 4.747998
v 65.250000 -17.628522 4.747998
v 58.500000 -17.628522 4.747998
v 51.750000 -17.628522 4.747998
v 69.750000 -9.753522 5.863709
v 69.750000 -1.878522 5.863709
v 72.000000 -1.878522 5.863709
v 74.250000 -1.878522 5.863709
v 74.250000 -8.628522 5.863709
v 74.250000 -15.378522 5.863709
v 78.750000 -15.378522 5.863709
v 83.250000 -15.378522 5.863709
v 83.250000 -16.503522 5.863709
v 83.250000 -17.628522 5.863709
v 76.500000 -17.628522 5.863709
v 69.750000 -17.628522 5.863709
v 69.750000 -9.753522 4.747998
v 69.750000 -1.878522 4.747998
v 72.000000 -1.878522 4.747998
v 74.250000 -1.878522 4.747998
v 74.250000 -8.628522 4.747998
v 74.250000 -15.378522 4.747998
v 78.750000 -15.378522 4.747998
v 83.250000 -15.378522 4.747998
v 83.250000 -16.503522 4.747998
v 83.250000 -17.628522 4.747998
v 76.500000 -17.628522 4.747998
v 69.750000 -17.628522 4.747998
v 87.750000 -5.253522 5.863709
v 87.750000 -1.878522 5.863709
v 90.000000 -1.878522 5.863709
v 92.250000 -1.878522 5.863709
v 92.250000 -5.253522 5.863709
v 92.250000 -8.628522 5.863709
v 94.500000 -8.628522 5.863709
v 96.750000 -8.628522 5.863709
v 96.750000 -5.253522 5.863709
v 96.750000 -1.878522 5.863709
v 99.000000 -1.878522 5.863709
v 101.250000 -1.878522 5.863709
v 101.250000 -5.253522 5.863709
v 101.250000 -8.628522 5.863709
v 100.125000 -8.628522 5.863709
v 99.000000 -8.628522 5.863709
v 99.000000 -9.753522 5.863709
v 99.000000 -10.878522 5.863709
v 97.875000 -10.878522 5.863709
v 96.750000 -10.878522 5.863709
v 96.750000 -14.253522 5.863709
v 96.750000 -17.628522 5.863709
v 94.500000 -17.628522 5.863709
v 92.250000 -17.628522 5.863709
v 92.250000 -14.253522 5.863709
v 92.250000 -10.878522 5.863709
v 91.125000 -10.878522 5.863709
v 90.000000 -10.878522 5.863709
v 90.000000 -9.753522 5.863709
v 90.000000 -8.628522 5.863709
v 88.875000 -8.628522 5.863709
v 87.750000 -8.628522 5.863709
v 87.750000 -5.253522 4.747998
v 87.750000 -1.878522 4.747998
v 90.000000 -1.878522 4.747998
v 92.250000 -1.878522 4.747998
v 92.250000 -5.253522 4.747998
v 92.250000 -8.628522 4.747998
v 94.500000 -8.628522 4.747998
v 96.750000 -8.628522 4.747998
v 96.750000 -5.253522 4.747998
v 96.750000 -1.878522 4.747998
v 99.000000 -1.878522 4.747998
v 101.250000 -1.878522 4.747998
v 101.250000 -5.253522 4.747998
v 101.250000 -8.628522 4.747998
v 100.125000 -8.628522 4.747998
v 99.000000 -8.628522 4.747998
v 99.000000 -9.753522 4.747998
v 99.000000 -10.878522 4.747998
v 97.875000 -10.878522 4.747998
v 96.750000 -10.878522 4.747998
v 96.750000 -14.253522 4.747998
v 96.750000 -17.628522 4.747998
v 94.500000 -17.628522 4.747998
v 92.250000 -17.628522 4.747998
v 92.250000 -14.253522 4.747998
v 92.250000 -10.878522 4.747998
v 91.125000 -10.878522 4.747998
v 90.000000 -10.878522 4.747998
v 90.000000 -9.753522 4.747998
v 90.000000 -8.628522 4.747998
v 88.875000 -8.628522 4.747998
v 87.750000 -8.628522 4.747998
v 108.000000 -15.378522 5.863709
v 108.000000 -13.128522 5.863709
v 110.250000 -13.128522 5.863709
v 112.500000 -13.128522 5.863709
v 112.500000 -15.378522 5.863709
v 112.500000 -17.628522 5.863709
v 110.250000 -17.628522 5.863709
v 108.000000 -17.628522 5.863709
v 108.000000 -15.378522 4.747998
v 108.000000 -13.128522 4.747998
v 110.250000 -13.128522 4.747998
v 112.500000 -13.128522 4.747998
v 112.500000 -15.378522 4.747998
v 112.500000 -17.628522 4.747998
v 110.250000 -17.628522 4.747998
v 108.000000 -17.628522 4.747998
v -96.750000 24.980853 5.863709
v -96.750000 26.105853 5.863709
v -90.000000 26.105853 5.863709
v -83.250000 26.105853 5.863709
v -83.250000 24.980853 5.863709
v -83.250000 23.855853 5.863709
v -85.500000 23.855853 5.863709
v -87.750000 23.855853 5.863709
v -87.750000 17.105853 5.863709
v -87.750000 10.355853 5.863709
v -90.000000 10.355853 5.863709
v -92.250000 10.355853 5.863709
v -92.250000 17.105853 5.863709
v -92.250000 23.855853 5.863709
v -94.500000 23.855853 5.863709
v -96.750000 23.855853 5.863709
v -76.500000 24.980853 5.863709
v -76.500000 26.105853 5.863709
v -73.125000 26.105853 5.863709
v -69.750000 26.105853 5.863709
v -69.750000 24.980853 5.863709
v -69.750000 23.855853 5.863709
v -68.625000 23.855853 5.863709
v -67.500000 23.855853 5.863709
v -67.500000 22.730853 5.863709
v -67.500000 21.605853 5.863709
v -66.375000 21.605853 5.863709
v -65.250000 21.605853 5.863709
v -65.250000 15.980853 5.863709
v -65.250000 10.355853 5.863709
v -67.500000 10.355853 5.863709
v -69.750000 10.355853 5.863709
v -69.750000 12.605853 5.863709
v -69.750000 14.855853 5.863709
v -73.125000 14.855853 5.863709
v -76.500000 14.855853 5.863709
v -76.500000 12.605853 5.863709
v -76.500000 10.355853 5.863709
v -78.750000 10.355853 5.863709
v -81.000000 10.355853 5.863709
v -81.000000 15.980853 5.863709
v -81.000000 21.605853 5.863709
v -79.875000 21.605853 5.863709
v -78.750000 21.605853 5.863709
v -78.750000 22.730853 5.863709
v -78.750000 23.855853 5.863709
v -77.625000 23.855853 5.863709
v -76.500000 23.855853 5.863709
v -72.000000 22.730853 5.863709
v -72.000000 23.855853 5.863709
v -73.125000 23.855853 5.863709
v -74.250000 23.855853 5.863709
v -74.250000 22.730853 5.863709
v -74.250000 21.605853 5.863709
v -75.375000 21.605853 5.863709
v -76.500000 21.605853 5.863709
v -76.500000 19.355853 5.863709
v -76.500000 17.105853 5.863709
v -73.125000 17.105853 5.863709
v -69.750000 17.105853 5.863709
v -69.750000 19.355853 5.863709
v -69.750000 21.605853 5.863709
v -70.875000 21.605853 5.863709
v -72.000000 21.605853 5.863709
v -60.750000 24.980853 5.863709
v -60.750000 26.105853 5.863709
v -56.250000 26.105853 5.863709
v -51.750000 26.105853 5.863709
v -51.750000 24.980853 5.863709
v -51.750000 23.855853 5.863709
v -50.625000 23.855853 5.863709
v -49.500000 23.855853 5.863709
v -49.500000 22.730853 5.863709
v -49.500000 21.605853 5.863709
v -51.750000 21.605853 5.863709
v -54.000000 21.605853 5.863709
v -54.000000 22.730853 5.863709
v -54.000000 23.855853 5.863709
v -56.250000 23.855853 5.863709
v -58.500000 23.855853 5.863709
v -58.500000 21.605853 5.863709
v -58.500000 19.355853 5.863709
v -54.000000 19.355853 5.863709
v -49.500000 19.355853 5.863709
v -49.500000 18.230853 5.863709
v -49.500000 17.105853 5.863709
v -48.375000 17.105853 5.863709
v -47.250000 17.105853 5.863709
v -47.250000 14.855853 5.863709
v -47.250000 12.605853 5.863709
v -48.375000 12.605853 5.863709
v -49.500000 12.605853 5.863709
v -49.500000 11.480853 5.863709
v -49.500000 10.355853 5.863709
v -55.125000 10.355853 5.863709
v -60.750000 10.355853 5.863709
v -60.750000 11.480853 5.863709
v -60.750000 12.605853 5.863709
v -61.875000 12.605853 5.863709
v -63.000000 12.605853 5.863709
v -63.000000 13.730853 5.863709
v -63.000000 14.855853 5.863709
v -60.750000 14.855853 5.863709
v -58.500000 14.855853 5.863709
v -58.500000 13.730853 5.863709
v -58.500000 12.605853 5.863709
v -55.125000 12.605853 5.863709
v -51.750000 12.605853 5.863709
v -51.750000 14.855853 5.863709
v -51.750000 17.105853 5.863709
v -56.250000 17.105853 5.863709
v -60.750000 17.105853 5.863709
v -60.750000 18.230853 5.863709
v -60.750000 19.355853 5.863709
v -61.875000 19.355853 5.863709
v -63.000000 19.355853 5.863709
v -63.000000 21.605853 5.863709
v -63.000000 23.855853 5.863709
v -61.875000 23.855853 5.863709
v -60.750000 23.855853 5.863709
v -45.000000 18.230853 5.863709
v -45.000000 26.105853 5.863709
v -42.750000 26.105853 5.863709
v -40.500000 26.105853 5.863709
v -40.500000 22.730853 5.863709
v -40.500000 19.355853 5.863709
v -39.375000 19.355853 5.863709
v -38.250000 19.355853 5.863709
v -38.250000 20.480853 5.863709
v -38.250000 21.605853 5.863709
v -37.125000 21.605853 5.863709
v -36.000000 21.605853 5.863709
v -36.000000 22.730853 5.863709
v -36.000000 23.855853 5.863709
v -34.875000 23.855853 5.863709
v -33.750000 23.855853 5.863709
v -33.750000 24.980853 5.863709
v -33.750000 26.105853 5.863709
v -31.500000 26.105853 5.863709
v -29.250000 26.105853 5.863709
v -29.250000 24.980853 5.863709
v -29.250000 23.855853 5.863709
v -30.375000 23.855853 5.863709
v -31.500000 23.855853 5.863709
v -31.500000 22.730853 5.863709
v -31.500000 21.605853 5.863709
v -32.625000 21.605853 5.863709
v -33.750000 21.605853 5.863709
v -33.750000 20.480853 5.863709
v -33.750000 19.355853 5.863709
v -34.875000 19.355853 5.863709
v -36.000000 19.355853 5.863709
v -36.000000 18.230853 5.863709
v -36.000000 17.105853 5.863709
v -34.875000 17.105853 5.863709
v -33.750000 17.105853 5.863709
v -33.750000 15.980853 5.863709
v -33.750000 14.855853 5.863709
v -32.625000 14.855853 5.863709
v -31.500000 14.855853 5.863709
v -31.500000 13.730853 5.863709
v -31.500000 12.605853 5.863709
v -30.375000 12.605853 5.863709
v -29.250000 12.605853 5.863709
v -29.250000 11.480853 5.863709
v -29.250000 10.355853 5.863709
v -32.625000 10.355853 5.863709
v -36.000000 10.355853 5.863709
v -36.000000 11.480853 5.863709
v -36.000000 12.605853 5.863709
v -37.125000 12.605853 5.863709
v -38.250000 12.605853 5.863709
v -38.250000 13.730853 5.863709
v -38.250000 14.855853 5.863709
v -39.375000 14.855853 5.863709
v -40.500000 14.855853 5.863709
v -40.500000 12.605853 5.863709
v -40.500000 10.355853 5.863709
v -42.750000 10.355853 5.863709
v -45.000000 10.355853 5.863709
v -9.000000 18.230853 5.863709
v -9.000000 26.105853 5.863709
v -1.125000 26.105853 5.863709
v 6.750000 26.105853 5.863709
v 6.750000 24.980853 5.863709
v 6.750000 23.855853 5.863709
v 1.125000 23.855853 5.863709
v -4.500000 23.855853 5.863709
v -4.500000 21.605853 5.863709
v -4.500000 19.355853 5.863709
v 0.000000 19.355853 5.863709
v 4.500000 19.355853 5.863709
v 4.500000 18.230853 5.863709
v 4.500000 17.105853 5.863709
v 0.000000 17.105853 5.863709
v -4.500000 17.105853 5.863709
v -4.500000 13.730853 5.863709
v -4.500000 10.355853 5.863709
v -6.750000 10.355853 5.863709
v -9.000000 10.355853 5.863709
v 13.500000 24.980853 5.863709
v 13.500000 26.105853 5.863709
v 16.875000 26.105853 5.863709
v 20.250000 26.105853 5.863709
v 20.250000 24.980853 5.863709
v 20.250000 23.855853 5.863709
v 21.375000 23.855853 5.863709
v 22.500000 23.855853 5.863709
v 22.500000 22.730853 5.863709
v 22.500000 21.605853 5.863709
v 23.625000 21.605853 5.863709
v 24.750000 21.605853 5.863709
v 24.750000 15.980853 5.863709
v 24.750000 10.355853 5.863709
v 22.500000 10.355853 5.863709
v 20.250000 10.355853 5.863709
v 20.250000 12.605853 5.863709
v 20.250000 14.855853 5.863709
v 16.875000 14.855853 5.863709
v 13.500000 14.855853 5.863709
v 13.500000 12.605853 5.863709
v 13.500000 10.355853 5.863709
v 11.250000 10.355853 5.863709
v 9.000000 10.355853 5.863709
v 9.000000 15.980853 5.863709
v 9.000000 21.605853 5.863709
v 10.125000 21.605853 5.863709
v 11.250000 21.605853 5.863709
v 11.250000 22.730853 5.863709
v 11.250000 23.855853 5.863709
v 12.375000 23.855853 5.863709
v 13.500000 23.855853 5.863709
v 18.000000 22.730853 5.863709
v 18.000000 23.855853 5.863709
v 16.875000 23.855853 5.863709
v 15.750000 23.855853 5.863709
v 15.750000 22.730853 5.863709
v 15.750000 21.605853 5.863709
v 14.625000 21.605853 5.863709
v 13.500000 21.605853 5.863709
v 13.500000 19.355853 5.863709
v 13.500000 17.105853 5.863709
v 16.875000 17.105853 5.863709
v 20.250000 17.105853 5.863709
v 20.250000 19.355853 5.863709
v 20.250000 21.605853 5.863709
v 19.125000 21.605853 5.863709
v 18.000000 21.605853 5.863709
v 29.250000 24.980853 5.863709
v 29.250000 26.105853 5.863709
v 36.000000 26.105853 5.863709
v 42.750000 26.105853 5.863709
v 42.750000 24.980853 5.863709
v 42.750000 23.855853 5.863709
v 40.500000 23.855853 5.863709
v 38.250000 23.855853 5.863709
v 38.250000 18.230853 5.863709
v 38.250000 12.605853 5.863709
v 40.500000 12.605853 5.863709
v 42.750000 12.605853 5.863709
v 42.750000 11.480853 5.863709
v 42.750000 10.355853 5.863709
v 36.000000 10.355853 5.863709
v 29.250000 10.355853 5.863709
v 29.250000 11.480853 5.863709
v 29.250000 12.605853 5.863709
v 31.500000 12.605853 5.863709
v 33.750000 12.605853 5.863709
v 33.750000 18.230853 5.863709
v 33.750000 23.855853 5.863709
v 31.500000 23.855853 5.863709
v 29.250000 23.855853 5.863709
v 47.250000 18.230853 5.863709
v 47.250000 26.105853 5.863709
v 49.500000 26.105853 5.863709
v 51.750000 26.105853 5.863709
v 51.750000 19.355853 5.863709
v 51.750000 12.605853 5.863709
v 56.250000 12.605853 5.863709
v 60.750000 12.605853 5.863709
v 60.750000 11.480853 5.863709
v 60.750000 10.355853 5.863709
v 54.000000 10.355853 5.863709
v 47.250000 10.355853 5.863709
v 63.000000 18.230853 5.863709
v 63.000000 26.105853 5.863709
v 70.875000 26.105853 5.863709
v 78.750000 26.105853 5.863709
v 78.750000 24.980853 5.863709
v 78.750000 23.855853 5.863709
v 73.125000 23.855853 5.863709
v 67.500000 23.855853 5.863709
v 67.500000 21.605853 5.863709
v 67.500000 19.355853 5.863709
v 72.000000 19.355853 5.863709
v 76.500000 19.355853 5.863709
v 76.500000 18.230853 5.863709
v 76.500000 17.105853 5.863709
v 72.000000 17.105853 5.863709
v 67.500000 17.105853 5.863709
v 67.500000 14.855853 5.863709
v 67.500000 12.605853 5.863709
v 73.125000 12.605853 5.863709
v 78.750000 12.605853 5.863709
v 78.750000 11.480853 5.863709
v 78.750000 10.355853 5.863709
v 70.875000 10.355853 5.863709
v 63.000000 10.355853 5.863709
v 81.000000 18.230853 5.863709
v 81.000000 26.105853 5.863709
v 86.625000 26.105853 5.863709
v 92.250000 26.105853 5.863709
v 92.250000 24.980853 5.863709
v 92.250000 23.855853 5.863709
v 93.375000 23.855853 5.863709
v 94.500000 23.855853 5.863709
v 94.500000 22.730853 5.863709
v 94.500000 21.605853 5.863709
v 95.625000 21.605853 5.863709
v 96.750000 21.605853 5.863709
v 96.750000 18.230853 5.863709
v 96.750000 14.855853 5.863709
v 95.625000 14.855853 5.863709
v 94.500000 14.855853 5.863709
v 94.500000 13.730853 5.863709
v 94.500000 12.605853 5.863709
v 93.375000 12.605853 5.863709
v 92.250000 12.605853 5.863709
v 92.250000 11.480853 5.863709
v 92.250000 10.355853 5.863709
v 86.625000 10.355853 5.863709
v 81.000000 10.355853 5.863709
v 90.000000 22.730853 5.863709
v 90.000000 23.855853 5.863709
v 87.750000 23.855853 5.863709
v 85.500000 23.855853 5.863709
v 85.500000 18.230853 5.863709
v 85.500000 12.605853 5.863709
v 87.750000 12.605853 5.863709
v 90.000000 12.605853 5.863709
v 90.000000 13.730853 5.863709
v 90.000000 14.855853 5.863709
v 91.125000 14.855853 5.863709
v 92.250000 14.855853 5.863709
v 92.250000 18.230853 5.863709
v 92.250000 21.605853 5.863709
v 91.125000 21.605853 5.863709
v 90.000000 21.605853 5.863709
v -110.250000 -3.003522 5.863709
v -110.250000 -1.878522 5.863709
v -105.750000 -1.878522 5.863709
v -101.250000 -1.878522 5.863709
v -101.250000 -3.003522 5.863709
v -101.250000 -4.128522 5.863709
v -100.125000 -4.128522 5.863709
v -99.000000 -4.128522 5.863709
v -99.000000 -5.253522 5.863709
v -99.000000 -6.378522 5.863709
v -101.250000 -6.378522 5.863709
v -103.500000 -6.378522 5.863709
v -103.500000 -5.253522 5.863709
v -103.500000 -4.128522 5.863709
v -105.750000 -4.128522 5.863709
v -108.000000 -4.128522 5.863709
v -108.000000 -6.378522 5.863709
v -108.000000 -8.628522 5.863709
v -103.500000 -8.628522 5.863709
v -99.000000 -8.628522 5.863709
v -99.000000 -9.753522 5.863709
v -99.000000 -10.878522 5.863709
v -97.875000 -10.878522 5.863709
v -96.750000 -10.878522 5.863709
v -96.750000 -13.128522 5.863709
v -96.750000 -15.378522 5.863709
v -97.875000 -15.378522 5.863709
v -99.000000 -15.378522 5.863709
v -99.000000 -16.503522 5.863709
v -99.000000 -17.628522 5.863709
v -104.625000 -17.628522 5.863709
v -110.250000 -17.628522 5.863709
v -110.250000 -16.503522 5.863709
v -110.250000 -15.378522 5.863709
v -111.375000 -15.378522 5.863709
v -112.500000 -15.378522 5.863709
v -112.500000 -14.253522 5.863709
v -112.500000 -13.128522 5.863709
v -110.250000 -13.128522 5.863709
v -108.000000 -13.128522 5.863709
v -108.000000 -14.253522 5.863709
v -108.000000 -15.378522 5.863709
v -104.625000 -15.378522 5.863709
v -101.250000 -15.378522 5.863709
v -101.250000 -13.128522 5.863709
v -101.250000 -10.878522 5.863709
v -105.750000 -10.878522 5.863709
v -110.250000 -10.878522 5.863709
v -110.250000 -9.753522 5.863709
v -110.250000 -8.628522 5.863709
v -111.375000 -8.628522 5.863709
v -112.500000 -8.628522 5.863709
v -112.500000 -6.378522 5.863709
v -112.500000 -4.128522 5.863709
v -111.375000 -4.128522 5.863709
v -110.250000 -4.128522 5.863709
v -94.500000 -8.628522 5.863709
v -94.500000 -1.878522 5.863709
v -92.250000 -1.878522 5.863709
v -90.000000 -1.878522 5.863709
v -90.000000 -8.628522 5.863709
v -90.000000 -15.378522 5.863709
v -86.625000 -15.378522 5.863709
v -83.250000 -15.378522 5.863709
v -83.250000 -8.628522 5.863709
v -83.250000 -1.878522 5.863709
v -81.000000 -1.878522 5.863709
v -78.750000 -1.878522 5.863709
v -78.750000 -8.628522 5.863709
v -78.750000 -15.378522 5.863709
v -79.875000 -15.378522 5.863709
v -81.000000 -15.378522 5.863709
v -81.000000 -16.503522 5.863709
v -81.000000 -17.628522 5.863709
v -86.625000 -17.628522 5.863709
v -92.250000 -17.628522 5.863709
v -92.250000 -16.503522 5.863709
v -92.250000 -15.378522 5.863709
v -93.375000 -15.378522 5.863709
v -94.500000 -15.378522 5.863709
v -72.000000 -3.003522 5.863709
v -72.000000 -1.878522 5.863709
v -67.500000 -1.878522 5.863709
v -63.000000 -1.878522 5.863709
v -63.000000 -3.003522 5.863709
v -63.000000 -4.128522 5.863709
v -61.875000 -4.128522 5.863709
v -60.750000 -4.128522 5.863709
v -60.750000 -5.253522 5.863709
v -60.750000 -6.378522 5.863709
v -63.000000 -6.378522 5.863709
v -65.250000 -6.378522 5.863709
v -65.250000 -5.253522 5.863709
v -65.250000 -4.128522 5.863709
v -67.500000 -4.128522 5.863709
v -69.750000 -4.128522 5.863709
v -69.750000 -5.253522 5.863709
v -69.750000 -6.378522 5.863709
v -70.875000 -6.378522 5.863709
v -72.000000 -6.378522 5.863709
v -72.000000 -9.753522 5.863709
v -72.000000 -13.128522 5.863709
v -70.875000 -13.128522 5.863709
v -69.750000 -13.128522 5.863709
v -69.750000 -14.253522 5.863709
v -69.750000 -15.378522 5.863709
v -67.500000 -15.378522 5.863709
v -65.250000 -15.378522 5.863709
v -65.250000 -14.253522 5.863709
v -65.250000 -13.128522 5.863709
v -63.000000 -13.128522 5.863709
v -60.750000 -13.128522 5.863709
v -60.750000 -14.253522 5.863709
v -60.750000 -15.378522 5.863709
v -61.875000 -15.378522 5.863709
v -63.000000 -15.378522 5.863709
v -63.000000 -16.503522 5.863709
v -63.000000 -17.628522 5.863709
v -67.500000 -17.628522 5.863709
v -72.000000 -17.628522 5.863709
v -72.000000 -16.503522 5.863709
v -72.000000 -15.378522 5.863709
v -73.125000 -15.378522 5.863709
v -74.250000 -15.378522 5.863709
v -74.250000 -14.253522 5.863709
v -74.250000 -13.128522 5.863709
v -75.375000 -13.128522 5.863709
v -76.500000 -13.128522 5.863709
v -76.500000 -9.753522 5.863709
v -76.500000 -6.378522 5.863709
v -75.375000 -6.378522 5.863709
v -74.250000 -6.378522 5.863709
v -74.250000 -5.253522 5.863709
v -74.250000 -4.128522 5.863709
v -73.125000 -4.128522 5.863709
v -72.000000 -4.128522 5.863709
v -54.000000 -3.003522 5.863709
v -54.000000 -1.878522 5.863709
v -49.500000 -1.878522 5.863709
v -45.000000 -1.878522 5.863709
v -45.000000 -3.003522 5.863709
v -45.000000 -4.128522 5.863709
v -43.875000 -4.128522 5.863709
v -42.750000 -4.128522 5.863709
v -42.750000 -5.253522 5.863709
v -42.750000 -6.378522 5.863709
v -45.000000 -6.378522 5.863709
v -47.250000 -6.378522 5.863709
v -47.250000 -5.253522 5.863709
v -47.250000 -4.128522 5.863709
v -49.500000 -4.128522 5.863709
v -51.750000 -4.128522 5.863709
v -51.750000 -5.253522 5.863709
v -51.750000 -6.378522 5.863709
v -52.875000 -6.378522 5.863709
v -54.000000 -6.378522 5.863709
v -54.000000 -9.753522 5.863709
v -54.000000 -13.128522 5.863709
v -52.875000 -13.128522 5.863709
v -51.750000 -13.128522 5.863709
v -51.750000 -14.253522 5.863709
v -51.750000 -15.378522 5.863709
v -49.500000 -15.378522 5.863709
v -47.250000 -15.378522 5.863709
v -47.250000 -14.253522 5.863709
v -47.250000 -13.128522 5.863709
v -45.000000 -13.128522 5.863709
v -42.750000 -13.128522 5.863709
v -42.750000 -14.253522 5.863709
v -42.750000 -15.378522 5.863709
v -43.875000 -15.378522 5.863709
v -45.000000 -15.378522 5.863709
v -45.000000 -16.503522 5.863709
v -45.000000 -17.628522 5.863709
v -49.500000 -17.628522 5.863709
v -54.000000 -17.628522 5.863709
v -54.000000 -16.503522 5.863709
v -54.000000 -15.378522 5.863709
v -55.125000 -15.378522 5.863709
v -56.250000 -15.378522 5.863709
v -56.250000 -14.253522 5.863709
v -56.250000 -13.128522 5.863709
v -57.375000 -13.128522 5.863709
v -58.500000 -13.128522 5.863709
v -58.500000 -9.753522 5.863709
v -58.500000 -6.378522 5.863709
v -57.375000 -6.378522 5.863709
v -56.250000 -6.378522 5.863709
v -56.250000 -5.253522 5.863709
v -56.250000 -4.128522 5.863709
v -55.125000 -4.128522 5.863709
v -54.000000 -4.128522 5.863709
v -40.500000 -9.753522 5.863709
v -40.500000 -1.878522 5.863709
v -32.625000 -1.878522 5.863709
v -24.750000 -1.878522 5.863709
v -24.750000 -3.003522 5.863709
v -24.750000 -4.128522 5.863709
v -30.375000 -4.128522 5.863709
v -36.000000 -4.128522 5.863709
v -36.000000 -6.378522 5.863709
v -36.000000 -8.628522 5.863709
v -31.500000 -8.628522 5.863709
v -27.000000 -8.628522 5.863709
v -27.000000 -9.753522 5.863709
v -27.000000 -10.878522 5.863709
v -31.500000 -10.878522 5.863709
v -36.000000 -10.878522 5.863709
v -36.000000 -13.128522 5.863709
v -36.000000 -15.378522 5.863709
v -30.375000 -15.378522 5.863709
v -24.750000 -15.378522 5.863709
v -24.750000 -16.503522 5.863709
v -24.750000 -17.628522 5.863709
v -32.625000 -17.628522 5.863709
v -40.500000 -17.628522 5.863709
v -20.250000 -3.003522 5.863709
v -20.250000 -1.878522 5.863709
v -15.750000 -1.878522 5.863709
v -11.250000 -1.878522 5.863709
v -11.250000 -3.003522 5.863709
v -11.250000 -4.128522 5.863709
v -10.125000 -4.128522 5.863709
v -9.000000 -4.128522 5.863709
v -9.000000 -5.253522 5.863709
v -9.000000 -6.378522 5.863709
v -11.250000 -6.378522 5.863709
v -13.500000 -6.378522 5.863709
v -13.500000 -5.253522 5.863709
v -13.500000 -4.128522 5.863709
v -15.750000 -4.128522 5.863709
v -18.000000 -4.128522 5.863709
v -18.000000 -6.378522 5.863709
v -18.000000 -8.628522 5.863709
v -13.500000 -8.628522 5.863709
v -9.000000 -8.628522 5.863709
v -9.000000 -9.753522 5.863709
v -9.000000 -10.878522 5.863709
v -7.875000 -10.878522 5.863709
v -6.750000 -10.878522 5.863709
v -6.750000 -13.128522 5.863709
v -6.750000 -15.378522 5.863709
v -7.875000 -15.378522 5.863709
v -9.000000 -15.378522 5.863709
v -9.000000 -16.503522 5.863709
v -9.000000 -17.628522 5.863709
v -14.625000 -17.628522 5.863709
v -20.250000 -17.628522 5.863709
v -20.250000 -16.503522 5.863709
v -20.250000 -15.378522 5.863709
v -21.375000 -15.378522 5.863709
v -22.500000 -15.378522 5.863709
v -22.500000 -14.253522 5.863709
v -22.500000 -13.128522 5.863709
v -20.250000 -13.128522 5.863709
v -18.000000 -13.128522 5.863709
v -18.000000 -14.253522 5.863709
v -18.000000 -15.378522 5.863709
v -14.625000 -15.378522 5.863709
v -11.250000 -15.378522 5.863709
v -11.250000 -13.128522 5.863709
v -11.250000 -10.878522 5.863709
v -15.750000 -10.878522 5.863709
v -20.250000 -10.878522 5.863709
v -20.250000 -9.753522 5.863709
v -20.250000 -8.628522 5.863709
v -21.375000 -8.628522 5.863709
v -22.500000 -8.628522 5.863709
v -22.500000 -6.378522 5.863709
v -22.500000 -4.128522 5.863709
v -21.375000 -4.128522 5.863709
v -20.250000 -4.128522 5.863709
v -2.250000 -3.003522 5.863709
v -2.250000 -1.878522 5.863709
v 2.250000 -1.878522 5.863709
v 6.750000 -1.878522 5.863709
v 6.750000 -3.003522 5.863709
v 6.750000 -4.128522 5.863709
v 7.875000 -4.128522 5.863709
v 9.000000 -4.128522 5.863709
v 9.000000 -5.253522 5.863709
v 9.000000 -6.378522 5.863709
v 6.750000 -6.378522 5.863709
v 4.500000 -6.378522 5.863709
v 4.500000 -5.253522 5.863709
v 4.500000 -4.128522 5.863709
v 2.250000 -4.128522 5.863709
v 0.000000 -4.128522 5.863709
v 0.000000 -6.378522 5.863709
v 0.000000 -8.628522 5.863709
v 4.500000 -8.628522 5.863709
v 9.000000 -8.628522 5.863709
v 9.000000 -9.753522 5.863709
v 9.000000 -10.878522 5.863709
v 10.125000 -10.878522 5.863709
v 11.250000 -10.878522 5.863709
v 11.250000 -13.128522 5.863709
v 11.250000 -15.378522 5.863709
v 10.125000 -15.378522 5.863709
v 9.000000 -15.378522 5.863709
v 9.000000 -16.503522 5.863709
v 9.000000 -17.628522 5.863709
v 3.375000 -17.628522 5.863709
v -2.250000 -17.628522 5.863709
v -2.250000 -16.503522 5.863709
v -2.250000 -15.378522 5.863709
v -3.375000 -15.378522 5.863709
v -4.500000 -15.378522 5.863709
v -4.500000 -14.253522 5.863709
v -4.500000 -13.128522 5.863709
v -2.250000 -13.128522 5.863709
v 0.000000 -13.128522 5.863709
v 0.000000 -14.253522 5.863709
v 0.000000 -15.378522 5.863709
v 3.375000 -15.378522 5.863709
v 6.750000 -15.378522 5.863709
v 6.750000 -13.128522 5.863709
v 6.750000 -10.878522 5.863709
v 2.250000 -10.878522 5.863709
v -2.250000 -10.878522 5.863709
v -2.250000 -9.753522 5.863709
v -2.250000 -8.628522 5.863709
v -3.375000 -8.628522 5.863709
v -4.500000 -8.628522 5.863709
v -4.500000 -6.378522 5.863709
v -4.500000 -4.128522 5.863709
v -3.375000 -4.128522 5.863709
v -2.250000 -4.128522 5.863709
v 13.500000 -9.753522 5.863709
v 13.500000 -1.878522 5.863709
v 21.375000 -1.878522 5.863709
v 29.250000 -1.878522 5.863709
v 29.250000 -3.003522 5.863709
v 29.250000 -4.128522 5.863709
v 23.625000 -4.128522 5.863709
v 18.000000 -4.128522 5.863709
v 18.000000 -6.378522 5.863709
v 18.000000 -8.628522 5.863709
v 22.500000 -8.628522 5.863709
v 27.000000 -8.628522 5.863709
v 27.000000 -9.753522 5.863709
v 27.000000 -10.878522 5.863709
v 22.500000 -10.878522 5.863709
v 18.000000 -10.878522 5.863709
v 18.000000 -14.253522 5.863709
v 18.000000 -17.628522 5.863709
v 15.750000 -17.628522 5.863709
v 13.500000 -17.628522 5.863709
v 31.500000 -8.628522 5.863709
v 31.500000 -1.878522 5.863709
v 33.750000 -1.878522 5.863709
v 36.000000 -1.878522 5.863709
v 36.000000 -8.628522 5.863709
v 36.000000 -15.378522 5.863709
v 39.375000 -15.378522 5.863709
v 42.750000 -15.378522 5.863709
v 42.750000 -8.628522 5.863709
v 42.750000 -1.878522 5.863709
v 45.000000 -1.878522 5.863709
v 47.250000 -1.878522 5.863709
v 47.250000 -8.628522 5.863709
v 47.250000 -15.378522 5.863709
v 46.125000 -15.378522 5.863709
v 45.000000 -15.378522 5.863709
v 45.000000 -16.503522 5.863709
v 45.000000 -17.628522 5.863709
v 39.375000 -17.628522 5.863709
v 33.750000 -17.628522 5.863709
v 33.750000 -16.503522 5.863709
v 33.750000 -15.378522 5.863709
v 32.625000 -15.378522 5.863709
v 31.500000 -15.378522 5.863709
v 51.750000 -9.753522 5.863709
v 51.750000 -1.878522 5.863709
v 54.000000 -1.878522 5.863709
v 56.250000 -1.878522 5.863709
v 56.250000 -8.628522 5.863709
v 56.250000 -15.378522 5.863709
v 60.750000 -15.378522 5.863709
v 65.250000 -15.378522 5.863709
v 65.250000 -16.503522 5.863709
v 65.250000 -17.628522 5.863709
v 58.500000 -17.628522 5.863709
v 51.750000 -17.628522 5.863709
v 69.750000 -9.753522 5.863709
v 69.750000 -1.878522 5.863709
v 72.000000 -1.878522 5.863709
v 74.250000 -1.878522 5.863709
v 74.250000 -8.628522 5.863709
v 74.250000 -15.378522 5.863709
v 78.750000 -15.378522 5.863709
v 83.250000 -15.378522 5.863709
v 83.250000 -16.503522 5.863709
v 83.250000 -17.628522 5.863709
v 76.500000 -17.628522 5.863709
v 69.750000 -17.628522 5.863709
v 87.750000 -5.253522 5.863709
v 87.750000 -1.878522 5.863709
v 90.000000 -1.878522 5.863709
v 92.250000 -1.878522 5.863709
v 92.250000 -5.253522 5.863709
v 92.250000 -8.628522 5.863709
v 94.500000 -8.628522 5.863709
v 96.750000 -8.628522 5.863709
v 96.750000 -5.253522 5.863709
v 96.750000 -1.878522 5.863709
v 99.000000 -1.878522 5.863709
v 101.250000 -1.878522 5.863709
v 101.250000 -5.253522 5.863709
v 101.250000 -8.628522 5.863709
v 100.125000 -8.628522 5.863709
v 99.000000 -8.628522 5.863709
v 99.000000 -9.753522 5.863709
v 99.000000 -10.878522 5.863709
v 97.875000 -10.878522 5.863709
v 96.750000 -10.878522 5.863709
v 96.750000 -14.253522 5.863709
v 96.750000 -17.628522 5.863709
v 94.500000 -17.628522 5.863709
v 92.250000 -17.628522 5.863709
v 92.250000 -14.253522 5.863709
v 92.250000 -10.878522 5.863709
v 91.125000 -10.878522 5.863709
v 90.000000 -10.878522 5.863709
v 90.000000 -9.753522 5.863709
v 90.000000 -8.628522 5.863709
v 88.875000 -8.628522 5.863709
v 87.750000 -8.628522 5.863709
v 108.000000 -15.378522 5.863709
v 108.000000 -13.128522 5.863709
v 110.250000 -13.128522 5.863709
v 112.500000 -13.128522 5.863709
v 112.500000 -15.378522 5.863709
v 112.500000 -17.628522 5.863709
v 110.250000 -17.628522 5.863709
v 108.000000 -17.628522 5.863709
# 2352 vertices

# 0 normal

vt 0.849267 0.797972 0.000000
vt 0.847741 0.797059 0.000000
vt 0.846773 0.797925 0.000000
vt 0.847072 0.799791 0.000000
vt 0.834344 0.795692 0.000000
vt 0.833546 0.797491 0.000000
vt 0.824661 0.788219 0.000000
vt 0.822982 0.788973 0.000000
vt 0.824694 0.787015 0.000000
vt 0.823165 0.786196 0.000000
vt 0.825241 0.786000 0.000000
vt 0.824787 0.784295 0.000000
vt 0.828274 0.786060 0.000000
vt 0.828589 0.784337 0.000000
vt 0.832287 0.785954 0.000000
vt 0.831296 0.784333 0.000000
vt 0.838376 0.775936 0.000000
vt 0.836581 0.774998 0.000000
vt 0.843768 0.766782 0.000000
vt 0.842862 0.765136 0.000000
vt 0.846357 0.766880 0.000000
vt 0.847059 0.765129 0.000000
vt 0.848251 0.768496 0.000000
vt 0.850089 0.768112 0.000000
vt 0.845544 0.779195 0.000000
vt 0.847350 0.779747 0.000000
vt 0.843955 0.790763 0.000000
vt 0.845752 0.789979 0.000000
vt 0.846714 0.793489 0.000000
vt 0.848094 0.791995 0.000000
vt 0.848346 0.795809 0.000000
vt 0.850089 0.795552 0.000000
vt 0.446842 0.919113 0.000000
vt 0.446842 0.930218 0.000000
vt 0.454245 0.930218 0.000000
vt 0.454245 0.919113 0.000000
vt 0.439439 0.933920 0.000000
vt 0.450544 0.933920 0.000000
vt 0.443141 0.930218 0.000000
vt 0.461649 0.933920 0.000000
vt 0.457947 0.930218 0.000000
vt 0.450544 0.908009 0.000000
vt 0.454245 0.908009 0.000000
vt 0.461649 0.932069 0.000000
vt 0.461649 0.930218 0.000000
vt 0.439439 0.930218 0.000000
vt 0.439439 0.932069 0.000000
vt 0.446842 0.908009 0.000000
vt 0.427548 0.741743 0.000000
vt 0.425965 0.742920 0.000000
vt 0.426990 0.744008 0.000000
vt 0.428803 0.743670 0.000000
vt 0.426875 0.749383 0.000000
vt 0.428779 0.749579 0.000000
vt 0.425910 0.754481 0.000000
vt 0.427441 0.755391 0.000000
vt 0.424630 0.755470 0.000000
vt 0.425811 0.756767 0.000000
vt 0.423008 0.756764 0.000000
vt 0.424633 0.757888 0.000000
vt 0.422170 0.758572 0.000000
vt 0.423915 0.759501 0.000000
vt 0.421598 0.759997 0.000000
vt 0.422727 0.761311 0.000000
vt 0.420073 0.760801 0.000000
vt 0.420942 0.762274 0.000000
vt 0.418212 0.761870 0.000000
vt 0.419721 0.763171 0.000000
vt 0.417303 0.763597 0.000000
vt 0.418859 0.764755 0.000000
vt 0.416580 0.764846 0.000000
vt 0.417410 0.766529 0.000000
vt 0.407862 0.766662 0.000000
vt 0.407922 0.768573 0.000000
vt 0.399370 0.764795 0.000000
vt 0.398343 0.766297 0.000000
vt 0.398111 0.761879 0.000000
vt 0.396290 0.762313 0.000000
vt 0.398168 0.758762 0.000000
vt 0.396669 0.757838 0.000000
vt 0.400941 0.756573 0.000000
vt 0.399991 0.755094 0.000000
vt 0.404342 0.753940 0.000000
vt 0.402751 0.752976 0.000000
vt 0.405863 0.747813 0.000000
vt 0.404013 0.747770 0.000000
vt 0.403965 0.741756 0.000000
vt 0.402565 0.743056 0.000000
vt 0.400411 0.739755 0.000000
vt 0.399402 0.741443 0.000000
vt 0.397970 0.737753 0.000000
vt 0.396290 0.738381 0.000000
vt 0.398173 0.734486 0.000000
vt 0.396407 0.733922 0.000000
vt 0.399751 0.731847 0.000000
vt 0.399100 0.730154 0.000000
vt 0.409019 0.731133 0.000000
vt 0.409180 0.729234 0.000000
vt 0.418013 0.733143 0.000000
vt 0.418927 0.731574 0.000000
vt 0.418952 0.734458 0.000000
vt 0.420311 0.733312 0.000000
vt 0.420219 0.736122 0.000000
vt 0.421465 0.734591 0.000000
vt 0.421959 0.737118 0.000000
vt 0.423090 0.735516 0.000000
vt 0.423342 0.737871 0.000000
vt 0.424809 0.736943 0.000000
vt 0.423947 0.739482 0.000000
vt 0.425585 0.738883 0.000000
vt 0.424595 0.741475 0.000000
vt 0.426260 0.740404 0.000000
vt 0.018346 0.975409 0.000000
vt 0.018557 0.977365 0.000000
vt 0.019988 0.977151 0.000000
vt 0.020710 0.975552 0.000000
vt 0.021160 0.978186 0.000000
vt 0.022545 0.976938 0.000000
vt 0.022026 0.979291 0.000000
vt 0.023689 0.979037 0.000000
vt 0.021773 0.980965 0.000000
vt 0.023494 0.981199 0.000000
vt 0.021297 0.983008 0.000000
vt 0.023298 0.982900 0.000000
vt 0.021710 0.984929 0.000000
vt 0.023689 0.984759 0.000000
vt 0.021940 0.986372 0.000000
vt 0.023624 0.987114 0.000000
vt 0.019758 0.988911 0.000000
vt 0.020881 0.990433 0.000000
vt 0.016948 0.990244 0.000000
vt 0.016696 0.992047 0.000000
vt 0.012447 0.987659 0.000000
vt 0.011140 0.989052 0.000000
vt 0.009753 0.983408 0.000000
vt 0.007953 0.983544 0.000000
vt 0.010950 0.980290 0.000000
vt 0.009288 0.979350 0.000000
vt 0.013044 0.977841 0.000000
vt 0.012372 0.976238 0.000000
vt 0.014699 0.977785 0.000000
vt 0.014591 0.976008 0.000000
vt 0.016739 0.977877 0.000000
vt 0.016410 0.975901 0.000000
vt 0.079198 0.942200 0.000000
vt 0.079198 0.936648 0.000000
vt 0.075497 0.936648 0.000000
vt 0.075497 0.942200 0.000000
vt 0.079198 0.947752 0.000000
vt 0.075497 0.947752 0.000000
vt 0.064392 0.949603 0.000000
vt 0.066243 0.951454 0.000000
vt 0.068093 0.947752 0.000000
vt 0.064392 0.947752 0.000000
vt 0.068093 0.936648 0.000000
vt 0.066243 0.932946 0.000000
vt 0.064392 0.934797 0.000000
vt 0.064392 0.936648 0.000000
vt 0.068093 0.945902 0.000000
vt 0.066243 0.944051 0.000000
vt 0.064392 0.944051 0.000000
vt 0.066243 0.940349 0.000000
vt 0.068093 0.938498 0.000000
vt 0.064392 0.940349 0.000000
vt 0.068093 0.932946 0.000000
vt 0.077347 0.929244 0.000000
vt 0.068093 0.931095 0.000000
vt 0.060690 0.942200 0.000000
vt 0.062541 0.936648 0.000000
vt 0.060690 0.936648 0.000000
vt 0.082900 0.947752 0.000000
vt 0.077347 0.955156 0.000000
vt 0.086601 0.951454 0.000000
vt 0.071795 0.947752 0.000000
vt 0.068093 0.951454 0.000000
vt 0.082900 0.936648 0.000000
vt 0.086601 0.932946 0.000000
vt 0.062541 0.947752 0.000000
vt 0.060690 0.947752 0.000000
vt 0.071795 0.936648 0.000000
vt 0.064392 0.942200 0.000000
vt 0.068093 0.944051 0.000000
vt 0.068093 0.940349 0.000000
vt 0.064392 0.932946 0.000000
vt 0.064392 0.951454 0.000000
vt 0.086601 0.936648 0.000000
vt 0.086601 0.947752 0.000000
vt 0.068093 0.929244 0.000000
vt 0.068093 0.953305 0.000000
vt 0.068093 0.955156 0.000000
vt 0.086601 0.929244 0.000000
vt 0.086601 0.955156 0.000000
vt 0.424043 0.699223 0.000000
vt 0.422386 0.698173 0.000000
vt 0.421714 0.699497 0.000000
vt 0.422665 0.701086 0.000000
vt 0.414752 0.701917 0.000000
vt 0.415265 0.703753 0.000000
vt 0.407675 0.703183 0.000000
vt 0.407435 0.704969 0.000000
vt 0.406344 0.702328 0.000000
vt 0.405477 0.703886 0.000000
vt 0.404712 0.701178 0.000000
vt 0.403906 0.702986 0.000000
vt 0.402985 0.700615 0.000000
vt 0.402037 0.702287 0.000000
vt 0.401746 0.699977 0.000000
vt 0.400227 0.700783 0.000000
vt 0.401475 0.698564 0.000000
vt 0.399691 0.698491 0.000000
vt 0.401670 0.697311 0.000000
vt 0.400405 0.696116 0.000000
vt 0.404704 0.695732 0.000000
vt 0.404017 0.693972 0.000000
vt 0.407908 0.694997 0.000000
vt 0.408219 0.693301 0.000000
vt 0.409386 0.695842 0.000000
vt 0.410114 0.694305 0.000000
vt 0.411332 0.696846 0.000000
vt 0.411549 0.695001 0.000000
vt 0.415500 0.696230 0.000000
vt 0.414925 0.694504 0.000000
vt 0.419050 0.693713 0.000000
vt 0.417499 0.692730 0.000000
vt 0.419788 0.689425 0.000000
vt 0.417975 0.689568 0.000000
vt 0.418006 0.685370 0.000000
vt 0.416793 0.686772 0.000000
vt 0.410596 0.682265 0.000000
vt 0.410196 0.684181 0.000000
vt 0.403608 0.680359 0.000000
vt 0.402654 0.681888 0.000000
vt 0.402683 0.679028 0.000000
vt 0.401314 0.680144 0.000000
vt 0.401513 0.677325 0.000000
vt 0.400219 0.678824 0.000000
vt 0.399884 0.676289 0.000000
vt 0.398633 0.677799 0.000000
vt 0.398705 0.675422 0.000000
vt 0.397041 0.676141 0.000000
vt 0.398195 0.671981 0.000000
vt 0.396290 0.672086 0.000000
vt 0.398451 0.668740 0.000000
vt 0.396946 0.667898 0.000000
vt 0.399708 0.667642 0.000000
vt 0.398499 0.666391 0.000000
vt 0.401312 0.666321 0.000000
vt 0.399707 0.665186 0.000000
vt 0.402206 0.664556 0.000000
vt 0.400533 0.663532 0.000000
vt 0.402839 0.663226 0.000000
vt 0.401872 0.661634 0.000000
vt 0.411587 0.660216 0.000000
vt 0.411114 0.658372 0.000000
vt 0.420623 0.658997 0.000000
vt 0.420885 0.657199 0.000000
vt 0.421910 0.659896 0.000000
vt 0.422836 0.658369 0.000000
vt 0.423475 0.661126 0.000000
vt 0.424387 0.659374 0.000000
vt 0.425158 0.661816 0.000000
vt 0.426220 0.660217 0.000000
vt 0.426351 0.662555 0.000000
vt 0.427925 0.661865 0.000000
vt 0.426522 0.663996 0.000000
vt 0.428294 0.664204 0.000000
vt 0.426240 0.665241 0.000000
vt 0.427408 0.666531 0.000000
vt 0.423108 0.666603 0.000000
vt 0.423655 0.668411 0.000000
vt 0.419871 0.667110 0.000000
vt 0.419429 0.668776 0.000000
vt 0.418469 0.666162 0.000000
vt 0.417631 0.667639 0.000000
vt 0.416592 0.665010 0.000000
vt 0.416294 0.666846 0.000000
vt 0.410537 0.665599 0.000000
vt 0.411019 0.667389 0.000000
vt 0.405267 0.668888 0.000000
vt 0.406753 0.669969 0.000000
vt 0.404516 0.673249 0.000000
vt 0.406325 0.673100 0.000000
vt 0.406359 0.677312 0.000000
vt 0.407562 0.675898 0.000000
vt 0.413814 0.680429 0.000000
vt 0.414207 0.678512 0.000000
vt 0.420856 0.682341 0.000000
vt 0.421796 0.680801 0.000000
vt 0.421799 0.683676 0.000000
vt 0.423157 0.682548 0.000000
vt 0.422995 0.685382 0.000000
vt 0.424271 0.683871 0.000000
vt 0.424651 0.686412 0.000000
vt 0.425875 0.684883 0.000000
vt 0.425861 0.687259 0.000000
vt 0.427516 0.686518 0.000000
vt 0.426396 0.690699 0.000000
vt 0.428294 0.690613 0.000000
vt 0.426122 0.693980 0.000000
vt 0.427634 0.694819 0.000000
vt 0.424881 0.695091 0.000000
vt 0.426091 0.696344 0.000000
vt 0.423275 0.696410 0.000000
vt 0.424881 0.697555 0.000000
vt 0.442048 0.865233 0.000000
vt 0.440197 0.861532 0.000000
vt 0.438346 0.863382 0.000000
vt 0.438346 0.865233 0.000000
vt 0.456854 0.876338 0.000000
vt 0.456854 0.880040 0.000000
vt 0.458705 0.880040 0.000000
vt 0.460556 0.878189 0.000000
vt 0.453153 0.865233 0.000000
vt 0.456854 0.868935 0.000000
vt 0.460556 0.865233 0.000000
vt 0.456854 0.861532 0.000000
vt 0.438346 0.872636 0.000000
vt 0.436495 0.880040 0.000000
vt 0.438346 0.880040 0.000000
vt 0.442048 0.876338 0.000000
vt 0.453153 0.878189 0.000000
vt 0.453153 0.876338 0.000000
vt 0.445749 0.863382 0.000000
vt 0.445749 0.861532 0.000000
vt 0.442048 0.861532 0.000000
vt 0.436495 0.872636 0.000000
vt 0.434645 0.876338 0.000000
vt 0.453153 0.880040 0.000000
vt 0.447600 0.880040 0.000000
vt 0.447600 0.883741 0.000000
vt 0.456854 0.881890 0.000000
vt 0.442048 0.880040 0.000000
vt 0.438346 0.881890 0.000000
vt 0.449451 0.857830 0.000000
vt 0.453153 0.861532 0.000000
vt 0.456854 0.859681 0.000000
vt 0.456854 0.857830 0.000000
vt 0.442048 0.859681 0.000000
vt 0.442048 0.857830 0.000000
vt 0.438346 0.870786 0.000000
vt 0.442048 0.872636 0.000000
vt 0.445749 0.868935 0.000000
vt 0.438346 0.868935 0.000000
vt 0.456854 0.870786 0.000000
vt 0.453153 0.868935 0.000000
vt 0.449451 0.872636 0.000000
vt 0.456854 0.872636 0.000000
vt 0.438346 0.861532 0.000000
vt 0.460556 0.880040 0.000000
vt 0.460556 0.876338 0.000000
vt 0.434645 0.880040 0.000000
vt 0.434645 0.872636 0.000000
vt 0.460556 0.861532 0.000000
vt 0.458705 0.861532 0.000000
vt 0.445749 0.865233 0.000000
vt 0.458705 0.868935 0.000000
vt 0.460556 0.868935 0.000000
vt 0.449451 0.861532 0.000000
vt 0.438346 0.883741 0.000000
vt 0.456854 0.883741 0.000000
vt 0.479830 0.526040 0.000000
vt 0.479367 0.527909 0.000000
vt 0.491187 0.534007 0.000000
vt 0.492611 0.532832 0.000000
vt 0.491602 0.537036 0.000000
vt 0.493418 0.537421 0.000000
vt 0.490434 0.539701 0.000000
vt 0.491235 0.541311 0.000000
vt 0.485438 0.540338 0.000000
vt 0.485384 0.542112 0.000000
vt 0.479707 0.541837 0.000000
vt 0.480839 0.543317 0.000000
vt 0.478773 0.544161 0.000000
vt 0.480424 0.544550 0.000000
vt 0.479151 0.546668 0.000000
vt 0.480848 0.545793 0.000000
vt 0.480784 0.548297 0.000000
vt 0.482194 0.546892 0.000000
vt 0.482201 0.549306 0.000000
vt 0.483768 0.548501 0.000000
vt 0.482795 0.551058 0.000000
vt 0.484430 0.550510 0.000000
vt 0.483613 0.553198 0.000000
vt 0.485148 0.551939 0.000000
vt 0.485398 0.554523 0.000000
vt 0.486659 0.552975 0.000000
vt 0.486869 0.555399 0.000000
vt 0.488374 0.554487 0.000000
vt 0.487548 0.557095 0.000000
vt 0.489184 0.556476 0.000000
vt 0.488358 0.559161 0.000000
vt 0.489972 0.557977 0.000000
vt 0.489935 0.560573 0.000000
vt 0.491415 0.559252 0.000000
vt 0.491174 0.561644 0.000000
vt 0.492945 0.561058 0.000000
vt 0.491530 0.565060 0.000000
vt 0.493418 0.565379 0.000000
vt 0.490554 0.567948 0.000000
vt 0.491572 0.569350 0.000000
vt 0.489262 0.568231 0.000000
vt 0.489324 0.570042 0.000000
vt 0.488047 0.568115 0.000000
vt 0.487052 0.569422 0.000000
vt 0.487189 0.566730 0.000000
vt 0.485794 0.567716 0.000000
vt 0.486218 0.564894 0.000000
vt 0.484892 0.566365 0.000000
vt 0.484561 0.563790 0.000000
vt 0.483443 0.565452 0.000000
vt 0.483244 0.563050 0.000000
vt 0.481810 0.564055 0.000000
vt 0.482667 0.561417 0.000000
vt 0.481094 0.562126 0.000000
vt 0.481902 0.559386 0.000000
vt 0.480453 0.560747 0.000000
vt 0.480241 0.558185 0.000000
vt 0.479082 0.559814 0.000000
vt 0.478903 0.557422 0.000000
vt 0.477478 0.558435 0.000000
vt 0.478258 0.555788 0.000000
vt 0.476758 0.556538 0.000000
vt 0.477256 0.553819 0.000000
vt 0.476094 0.555258 0.000000
vt 0.475112 0.553034 0.000000
vt 0.474803 0.554760 0.000000
vt 0.472767 0.553272 0.000000
vt 0.473583 0.555022 0.000000
vt 0.471184 0.554728 0.000000
vt 0.472503 0.556219 0.000000
vt 0.470211 0.555998 0.000000
vt 0.470916 0.557614 0.000000
vt 0.468551 0.556387 0.000000
vt 0.468976 0.558074 0.000000
vt 0.466495 0.556902 0.000000
vt 0.467556 0.558584 0.000000
vt 0.465068 0.558374 0.000000
vt 0.466407 0.559859 0.000000
vt 0.464100 0.559591 0.000000
vt 0.464749 0.561232 0.000000
vt 0.462449 0.559873 0.000000
vt 0.462764 0.561609 0.000000
vt 0.460417 0.560178 0.000000
vt 0.461230 0.562028 0.000000
vt 0.458906 0.561254 0.000000
vt 0.459661 0.563057 0.000000
vt 0.457687 0.561905 0.000000
vt 0.457461 0.563638 0.000000
vt 0.456433 0.561317 0.000000
vt 0.455345 0.562758 0.000000
vt 0.455588 0.560493 0.000000
vt 0.453822 0.560784 0.000000
vt 0.456647 0.555144 0.000000
vt 0.454773 0.554735 0.000000
vt 0.458566 0.550047 0.000000
vt 0.457105 0.548992 0.000000
vt 0.460076 0.549154 0.000000
vt 0.459008 0.547739 0.000000
vt 0.461966 0.547994 0.000000
vt 0.460437 0.546709 0.000000
vt 0.463117 0.546248 0.000000
vt 0.461456 0.545139 0.000000
vt 0.463976 0.544863 0.000000
vt 0.462974 0.543435 0.000000
vt 0.465735 0.544162 0.000000
vt 0.464993 0.542672 0.000000
vt 0.467808 0.543017 0.000000
vt 0.466346 0.541906 0.000000
vt 0.468605 0.540745 0.000000
vt 0.466894 0.540521 0.000000
vt 0.468310 0.538302 0.000000
vt 0.466698 0.539270 0.000000
vt 0.465432 0.535493 0.000000
vt 0.464147 0.537040 0.000000
vt 0.463304 0.533242 0.000000
vt 0.461546 0.533695 0.000000
vt 0.463937 0.530040 0.000000
vt 0.462212 0.529326 0.000000
vt 0.465810 0.527547 0.000000
vt 0.465290 0.525767 0.000000
vt 0.504039 0.905219 0.000000
vt 0.502188 0.905219 0.000000
vt 0.502188 0.908921 0.000000
vt 0.505890 0.907070 0.000000
vt 0.498487 0.897816 0.000000
vt 0.496636 0.897816 0.000000
vt 0.496636 0.905219 0.000000
vt 0.498487 0.905219 0.000000
vt 0.505890 0.908921 0.000000
vt 0.502188 0.910772 0.000000
vt 0.504039 0.912623 0.000000
vt 0.498487 0.907070 0.000000
vt 0.500337 0.908921 0.000000
vt 0.494785 0.897816 0.000000
vt 0.494785 0.905219 0.000000
vt 0.502188 0.894115 0.000000
vt 0.500337 0.894115 0.000000
vt 0.498487 0.895965 0.000000
vt 0.507741 0.908921 0.000000
vt 0.505890 0.912623 0.000000
vt 0.509591 0.910772 0.000000
vt 0.513293 0.914473 0.000000
vt 0.511442 0.912623 0.000000
vt 0.509591 0.916324 0.000000
vt 0.513293 0.916324 0.000000
vt 0.505890 0.899667 0.000000
vt 0.505890 0.897816 0.000000
vt 0.494785 0.910772 0.000000
vt 0.487382 0.903369 0.000000
vt 0.491083 0.916324 0.000000
vt 0.509591 0.894115 0.000000
vt 0.507741 0.890413 0.000000
vt 0.502188 0.892264 0.000000
vt 0.511442 0.894115 0.000000
vt 0.513293 0.892264 0.000000
vt 0.509591 0.912623 0.000000
vt 0.505890 0.914473 0.000000
vt 0.505890 0.916324 0.000000
vt 0.502188 0.901518 0.000000
vt 0.502188 0.903369 0.000000
vt 0.491083 0.890413 0.000000
vt 0.487382 0.890413 0.000000
vt 0.509591 0.895965 0.000000
vt 0.504039 0.901518 0.000000
vt 0.498487 0.908921 0.000000
vt 0.513293 0.912623 0.000000
vt 0.507741 0.897816 0.000000
vt 0.509591 0.897816 0.000000
vt 0.505890 0.901518 0.000000
vt 0.502188 0.912623 0.000000
vt 0.505890 0.905219 0.000000
vt 0.509591 0.908921 0.000000
vt 0.498487 0.894115 0.000000
vt 0.513293 0.894115 0.000000
vt 0.494785 0.894115 0.000000
vt 0.494785 0.890413 0.000000
vt 0.502188 0.890413 0.000000
vt 0.513293 0.890413 0.000000
vt 0.494785 0.916324 0.000000
vt 0.487382 0.916324 0.000000
vt 0.884161 0.632529 0.000000
vt 0.882851 0.633938 0.000000
vt 0.891414 0.644533 0.000000
vt 0.893224 0.644022 0.000000
vt 0.891312 0.657909 0.000000
vt 0.893224 0.658276 0.000000
vt 0.886471 0.669436 0.000000
vt 0.887661 0.670821 0.000000
vt 0.885421 0.669624 0.000000
vt 0.885111 0.671294 0.000000
vt 0.884489 0.669274 0.000000
vt 0.882841 0.670070 0.000000
vt 0.883871 0.660567 0.000000
vt 0.882029 0.660378 0.000000
vt 0.883658 0.650775 0.000000
vt 0.881911 0.651470 0.000000
vt 0.880516 0.647900 0.000000
vt 0.879596 0.649465 0.000000
vt 0.876245 0.647182 0.000000
vt 0.876850 0.648964 0.000000
vt 0.870189 0.652336 0.000000
vt 0.871615 0.653751 0.000000
vt 0.864792 0.656336 0.000000
vt 0.865000 0.658105 0.000000
vt 0.863772 0.655890 0.000000
vt 0.862652 0.657189 0.000000
vt 0.863146 0.655056 0.000000
vt 0.861336 0.654979 0.000000
vt 0.866132 0.648572 0.000000
vt 0.864602 0.647571 0.000000
vt 0.869664 0.641213 0.000000
vt 0.867778 0.641204 0.000000
vt 0.867603 0.635546 0.000000
vt 0.865823 0.636468 0.000000
vt 0.866198 0.630811 0.000000
vt 0.864395 0.630533 0.000000
vt 0.868227 0.628286 0.000000
vt 0.867037 0.626847 0.000000
vt 0.871084 0.626994 0.000000
vt 0.871515 0.625187 0.000000
vt 0.977951 0.771773 0.000000
vt 0.973509 0.765850 0.000000
vt 0.970548 0.768071 0.000000
vt 0.974990 0.773994 0.000000
vt 0.980912 0.778806 0.000000
vt 0.982393 0.777695 0.000000
vt 0.967586 0.761038 0.000000
vt 0.977951 0.762519 0.000000
vt 0.980172 0.756226 0.000000
vt 0.957222 0.768812 0.000000
vt 0.964625 0.772513 0.000000
vt 0.967586 0.770292 0.000000
vt 0.974249 0.788430 0.000000
vt 0.970178 0.779916 0.000000
vt 0.964995 0.779176 0.000000
vt 0.972769 0.789540 0.000000
vt 0.982393 0.759187 0.000000
vt 0.979432 0.779916 0.000000
vt 0.975730 0.787320 0.000000
vt 0.977951 0.753265 0.000000
vt 0.950125 0.712166 0.000000
vt 0.948542 0.713343 0.000000
vt 0.949567 0.714431 0.000000
vt 0.951381 0.714094 0.000000
vt 0.949452 0.719806 0.000000
vt 0.951356 0.720002 0.000000
vt 0.948487 0.724904 0.000000
vt 0.950019 0.725814 0.000000
vt 0.947208 0.725894 0.000000
vt 0.948389 0.727191 0.000000
vt 0.945585 0.727188 0.000000
vt 0.947210 0.728312 0.000000
vt 0.944748 0.728995 0.000000
vt 0.946492 0.729925 0.000000
vt 0.944175 0.730420 0.000000
vt 0.945304 0.731735 0.000000
vt 0.942650 0.731225 0.000000
vt 0.943519 0.732697 0.000000
vt 0.940789 0.732293 0.000000
vt 0.942299 0.733594 0.000000
vt 0.939881 0.734021 0.000000
vt 0.941436 0.735178 0.000000
vt 0.939157 0.735269 0.000000
vt 0.939987 0.736952 0.000000
vt 0.930440 0.737086 0.000000
vt 0.930499 0.738996 0.000000
vt 0.921947 0.735219 0.000000
vt 0.920921 0.736721 0.000000
vt 0.920688 0.732303 0.000000
vt 0.918868 0.732736 0.000000
vt 0.920745 0.729186 0.000000
vt 0.919246 0.728261 0.000000
vt 0.923518 0.726996 0.000000
vt 0.922568 0.725518 0.000000
vt 0.926920 0.724363 0.000000
vt 0.925328 0.723399 0.000000
vt 0.928440 0.718236 0.000000
vt 0.926590 0.718193 0.000000
vt 0.926542 0.712179 0.000000
vt 0.925142 0.713479 0.000000
vt 0.922989 0.710179 0.000000
vt 0.921980 0.711867 0.000000
vt 0.920547 0.708176 0.000000
vt 0.918868 0.708805 0.000000
vt 0.920750 0.704910 0.000000
vt 0.918984 0.704346 0.000000
vt 0.922328 0.702271 0.000000
vt 0.921677 0.700578 0.000000
vt 0.931596 0.701557 0.000000
vt 0.931757 0.699657 0.000000
vt 0.940590 0.703566 0.000000
vt 0.941504 0.701997 0.000000
vt 0.941529 0.704882 0.000000
vt 0.942888 0.703735 0.000000
vt 0.942796 0.706546 0.000000
vt 0.944043 0.705015 0.000000
vt 0.944536 0.707542 0.000000
vt 0.945667 0.705940 0.000000
vt 0.945920 0.708294 0.000000
vt 0.947386 0.707367 0.000000
vt 0.946524 0.709906 0.000000
vt 0.948163 0.709306 0.000000
vt 0.947172 0.711899 0.000000
vt 0.948837 0.710828 0.000000
vt 0.919672 0.964332 0.000000
vt 0.919883 0.966288 0.000000
vt 0.921314 0.966074 0.000000
vt 0.922036 0.964476 0.000000
vt 0.922486 0.967110 0.000000
vt 0.923871 0.965862 0.000000
vt 0.923352 0.968214 0.000000
vt 0.925015 0.967961 0.000000
vt 0.923099 0.969889 0.000000
vt 0.924820 0.970122 0.000000
vt 0.922623 0.971931 0.000000
vt 0.924624 0.971824 0.000000
vt 0.923036 0.973852 0.000000
vt 0.925015 0.973683 0.000000
vt 0.923266 0.975296 0.000000
vt 0.924950 0.976037 0.000000
vt 0.921084 0.977835 0.000000
vt 0.922207 0.979357 0.000000
vt 0.918274 0.979167 0.000000
vt 0.918022 0.980970 0.000000
vt 0.913773 0.976582 0.000000
vt 0.912466 0.977975 0.000000
vt 0.911079 0.972332 0.000000
vt 0.909279 0.972467 0.000000
vt 0.912276 0.969213 0.000000
vt 0.910614 0.968274 0.000000
vt 0.914370 0.966764 0.000000
vt 0.913698 0.965161 0.000000
vt 0.916025 0.966708 0.000000
vt 0.915917 0.964932 0.000000
vt 0.918065 0.966801 0.000000
vt 0.917736 0.964825 0.000000
vt 0.170290 0.892021 0.000000
vt 0.170290 0.886469 0.000000
vt 0.166588 0.886469 0.000000
vt 0.166588 0.892021 0.000000
vt 0.170290 0.897574 0.000000
vt 0.166588 0.897574 0.000000
vt 0.155483 0.899424 0.000000
vt 0.157334 0.901275 0.000000
vt 0.159185 0.897574 0.000000
vt 0.155483 0.897574 0.000000
vt 0.159185 0.886469 0.000000
vt 0.157334 0.882767 0.000000
vt 0.155483 0.884618 0.000000
vt 0.155483 0.886469 0.000000
vt 0.159185 0.895723 0.000000
vt 0.157334 0.893872 0.000000
vt 0.155483 0.893872 0.000000
vt 0.157334 0.890170 0.000000
vt 0.159185 0.888320 0.000000
vt 0.155483 0.890170 0.000000
vt 0.159185 0.882767 0.000000
vt 0.168439 0.879066 0.000000
vt 0.159185 0.880916 0.000000
vt 0.151782 0.892021 0.000000
vt 0.153633 0.886469 0.000000
vt 0.151782 0.886469 0.000000
vt 0.173991 0.897574 0.000000
vt 0.168439 0.904977 0.000000
vt 0.177693 0.901275 0.000000
vt 0.162887 0.897574 0.000000
vt 0.159185 0.901275 0.000000
vt 0.173991 0.886469 0.000000
vt 0.177693 0.882767 0.000000
vt 0.153633 0.897574 0.000000
vt 0.151782 0.897574 0.000000
vt 0.162887 0.886469 0.000000
vt 0.155483 0.892021 0.000000
vt 0.159185 0.893872 0.000000
vt 0.159185 0.890170 0.000000
vt 0.155483 0.882767 0.000000
vt 0.155483 0.901275 0.000000
vt 0.177693 0.886469 0.000000
vt 0.177693 0.897574 0.000000
vt 0.159185 0.879066 0.000000
vt 0.159185 0.903126 0.000000
vt 0.159185 0.904977 0.000000
vt 0.177693 0.879066 0.000000
vt 0.177693 0.904977 0.000000
vt 0.363682 0.814818 0.000000
vt 0.361935 0.814668 0.000000
vt 0.361706 0.815772 0.000000
vt 0.362656 0.817368 0.000000
vt 0.350996 0.818412 0.000000
vt 0.350888 0.820348 0.000000
vt 0.340830 0.814705 0.000000
vt 0.339597 0.816093 0.000000
vt 0.340495 0.813581 0.000000
vt 0.338759 0.813558 0.000000
vt 0.340778 0.812408 0.000000
vt 0.339597 0.811120 0.000000
vt 0.343957 0.811063 0.000000
vt 0.343465 0.809382 0.000000
vt 0.347991 0.809464 0.000000
vt 0.346556 0.808239 0.000000
vt 0.351169 0.799708 0.000000
vt 0.349264 0.799666 0.000000
vt 0.347750 0.790063 0.000000
vt 0.346252 0.791283 0.000000
vt 0.343869 0.788072 0.000000
vt 0.343040 0.789923 0.000000
vt 0.340952 0.786463 0.000000
vt 0.339432 0.787401 0.000000
vt 0.340666 0.785172 0.000000
vt 0.338941 0.784885 0.000000
vt 0.340978 0.784084 0.000000
vt 0.340119 0.782441 0.000000
vt 0.351726 0.781938 0.000000
vt 0.351875 0.780004 0.000000
vt 0.361726 0.785841 0.000000
vt 0.362988 0.784486 0.000000
vt 0.361987 0.786935 0.000000
vt 0.363682 0.787103 0.000000
vt 0.361553 0.788071 0.000000
vt 0.362597 0.789454 0.000000
vt 0.358177 0.789196 0.000000
vt 0.358629 0.790895 0.000000
vt 0.354101 0.790901 0.000000
vt 0.355564 0.792091 0.000000
vt 0.350888 0.800672 0.000000
vt 0.352791 0.800696 0.000000
vt 0.354536 0.810243 0.000000
vt 0.355970 0.808941 0.000000
vt 0.358543 0.811985 0.000000
vt 0.359231 0.810067 0.000000
vt 0.361546 0.813394 0.000000
vt 0.362995 0.812338 0.000000
vt 0.439862 0.971143 0.000000
vt 0.439862 0.961889 0.000000
vt 0.432459 0.961889 0.000000
vt 0.432459 0.971143 0.000000
vt 0.439862 0.980397 0.000000
vt 0.432459 0.980397 0.000000
vt 0.436161 0.958187 0.000000
vt 0.443564 0.961889 0.000000
vt 0.447266 0.960038 0.000000
vt 0.443564 0.980397 0.000000
vt 0.436161 0.984099 0.000000
vt 0.447266 0.982248 0.000000
vt 0.428758 0.980397 0.000000
vt 0.425056 0.982248 0.000000
vt 0.425056 0.960038 0.000000
vt 0.428758 0.961889 0.000000
vt 0.447266 0.980397 0.000000
vt 0.425056 0.961889 0.000000
vt 0.447266 0.961889 0.000000
vt 0.425056 0.980397 0.000000
vt 0.447266 0.958187 0.000000
vt 0.447266 0.984099 0.000000
vt 0.425056 0.984099 0.000000
vt 0.425056 0.958187 0.000000
vt 0.584118 0.808510 0.000000
vt 0.582329 0.807799 0.000000
vt 0.575732 0.818022 0.000000
vt 0.576754 0.819546 0.000000
vt 0.572899 0.817931 0.000000
vt 0.572323 0.819669 0.000000
vt 0.570652 0.816278 0.000000
vt 0.568885 0.816728 0.000000
vt 0.571823 0.805174 0.000000
vt 0.570013 0.804714 0.000000
vt 0.574124 0.793320 0.000000
vt 0.572236 0.793485 0.000000
vt 0.571635 0.785705 0.000000
vt 0.569826 0.786505 0.000000
vt 0.570585 0.778866 0.000000
vt 0.568885 0.778401 0.000000
vt 0.571510 0.777980 0.000000
vt 0.570757 0.776474 0.000000
vt 0.572634 0.777620 0.000000
vt 0.573480 0.775997 0.000000
vt 0.580507 0.785232 0.000000
vt 0.582163 0.784311 0.000000
vt 0.584995 0.795353 0.000000
vt 0.586872 0.795295 0.000000
vt 0.298680 0.869354 0.000000
vt 0.295600 0.858061 0.000000
vt 0.288414 0.860628 0.000000
vt 0.295600 0.871407 0.000000
vt 0.295600 0.844715 0.000000
vt 0.300734 0.839068 0.000000
vt 0.299707 0.837528 0.000000
vt 0.290467 0.843688 0.000000
vt 0.289441 0.848821 0.000000
vt 0.281227 0.849848 0.000000
vt 0.301760 0.840608 0.000000
vt 0.301760 0.867301 0.000000
vt 0.892435 0.521534 0.000000
vt 0.890517 0.521726 0.000000
vt 0.890299 0.535227 0.000000
vt 0.891987 0.536032 0.000000
vt 0.881414 0.544909 0.000000
vt 0.882570 0.546468 0.000000
vt 0.870229 0.549981 0.000000
vt 0.870162 0.551800 0.000000
vt 0.869355 0.549393 0.000000
vt 0.867998 0.550407 0.000000
vt 0.868931 0.548492 0.000000
vt 0.867184 0.547961 0.000000
vt 0.874482 0.541626 0.000000
vt 0.873260 0.540242 0.000000
vt 0.881068 0.534244 0.000000
vt 0.879319 0.533568 0.000000
vt 0.880754 0.529983 0.000000
vt 0.879029 0.530507 0.000000
vt 0.878078 0.526578 0.000000
vt 0.877390 0.528316 0.000000
vt 0.870197 0.526699 0.000000
vt 0.870435 0.528689 0.000000
vt 0.863544 0.526478 0.000000
vt 0.862626 0.528002 0.000000
vt 0.863013 0.525489 0.000000
vt 0.861336 0.525851 0.000000
vt 0.863018 0.524442 0.000000
vt 0.861628 0.523288 0.000000
vt 0.869364 0.521112 0.000000
vt 0.868781 0.519399 0.000000
vt 0.876452 0.517053 0.000000
vt 0.874887 0.516034 0.000000
vt 0.876920 0.512763 0.000000
vt 0.875066 0.512964 0.000000
vt 0.875581 0.508817 0.000000
vt 0.874091 0.510026 0.000000
vt 0.868359 0.502795 0.000000
vt 0.867175 0.504385 0.000000
vt 0.863070 0.496473 0.000000
vt 0.861336 0.496927 0.000000
vt 0.863456 0.495412 0.000000
vt 0.862071 0.494450 0.000000
vt 0.864273 0.494712 0.000000
vt 0.864270 0.492862 0.000000
vt 0.876729 0.499319 0.000000
vt 0.877773 0.497722 0.000000
vt 0.887098 0.508399 0.000000
vt 0.888721 0.507432 0.000000
vt 0.292332 0.906767 0.000000
vt 0.292332 0.914170 0.000000
vt 0.296034 0.914170 0.000000
vt 0.296034 0.906767 0.000000
vt 0.294183 0.899363 0.000000
vt 0.296034 0.899363 0.000000
vt 0.288631 0.914170 0.000000
vt 0.284929 0.914170 0.000000
vt 0.281227 0.921573 0.000000
vt 0.294183 0.921573 0.000000
vt 0.299735 0.914170 0.000000
vt 0.307139 0.921573 0.000000
vt 0.303437 0.914170 0.000000
vt 0.305288 0.895662 0.000000
vt 0.303437 0.904916 0.000000
vt 0.307139 0.908617 0.000000
vt 0.307139 0.895662 0.000000
vt 0.281227 0.908617 0.000000
vt 0.284929 0.904916 0.000000
vt 0.283078 0.895662 0.000000
vt 0.281227 0.895662 0.000000
vt 0.292332 0.899363 0.000000
vt 0.303437 0.895662 0.000000
vt 0.284929 0.895662 0.000000
vt 0.488021 0.750614 0.000000
vt 0.486137 0.750362 0.000000
vt 0.481926 0.761547 0.000000
vt 0.483171 0.762882 0.000000
vt 0.473613 0.763830 0.000000
vt 0.473895 0.765714 0.000000
vt 0.464909 0.763082 0.000000
vt 0.464283 0.764775 0.000000
vt 0.463837 0.761866 0.000000
vt 0.462678 0.763205 0.000000
vt 0.462461 0.760316 0.000000
vt 0.461413 0.761972 0.000000
vt 0.460712 0.759405 0.000000
vt 0.459777 0.761135 0.000000
vt 0.459341 0.758715 0.000000
vt 0.457989 0.759791 0.000000
vt 0.458674 0.757081 0.000000
vt 0.457099 0.757824 0.000000
vt 0.457972 0.755060 0.000000
vt 0.456387 0.756240 0.000000
vt 0.456611 0.753603 0.000000
vt 0.455105 0.754873 0.000000
vt 0.455611 0.752482 0.000000
vt 0.453822 0.752914 0.000000
vt 0.455728 0.746820 0.000000
vt 0.453822 0.746701 0.000000
vt 0.456777 0.741406 0.000000
vt 0.455224 0.740542 0.000000
vt 0.458111 0.740294 0.000000
vt 0.456907 0.739018 0.000000
vt 0.459789 0.738894 0.000000
vt 0.458171 0.737767 0.000000
vt 0.460722 0.737021 0.000000
vt 0.459012 0.736046 0.000000
vt 0.461416 0.735541 0.000000
vt 0.460364 0.734158 0.000000
vt 0.463034 0.734800 0.000000
vt 0.462341 0.733174 0.000000
vt 0.465011 0.734099 0.000000
vt 0.464029 0.732396 0.000000
vt 0.466604 0.732893 0.000000
vt 0.465635 0.731196 0.000000
vt 0.467843 0.732010 0.000000
vt 0.467839 0.730144 0.000000
vt 0.476963 0.733781 0.000000
vt 0.477708 0.732031 0.000000
vt 0.484631 0.738229 0.000000
vt 0.486257 0.737380 0.000000
vt 0.502099 0.960610 0.000000
vt 0.500317 0.959748 0.000000
vt 0.499745 0.961073 0.000000
vt 0.500814 0.962565 0.000000
vt 0.496567 0.962133 0.000000
vt 0.496743 0.964006 0.000000
vt 0.493509 0.961789 0.000000
vt 0.492253 0.963128 0.000000
vt 0.489235 0.953684 0.000000
vt 0.487382 0.954175 0.000000
vt 0.489085 0.944707 0.000000
vt 0.487407 0.943984 0.000000
vt 0.491627 0.942830 0.000000
vt 0.490880 0.941106 0.000000
vt 0.494714 0.942233 0.000000
vt 0.495209 0.940590 0.000000
vt 0.496040 0.943213 0.000000
vt 0.497032 0.941776 0.000000
vt 0.497641 0.944535 0.000000
vt 0.498451 0.942713 0.000000
vt 0.499542 0.945028 0.000000
vt 0.500264 0.943183 0.000000
vt 0.500954 0.945432 0.000000
vt 0.502352 0.944191 0.000000
vt 0.503283 0.950099 0.000000
vt 0.505135 0.949614 0.000000
vt 0.503467 0.955169 0.000000
vt 0.505135 0.955754 0.000000
vt 0.502358 0.956389 0.000000
vt 0.503755 0.957465 0.000000
vt 0.500932 0.957915 0.000000
vt 0.502720 0.958820 0.000000
vt 0.639706 0.933557 0.000000
vt 0.639706 0.937259 0.000000
vt 0.641557 0.937259 0.000000
vt 0.643408 0.935408 0.000000
vt 0.656364 0.929856 0.000000
vt 0.654513 0.929856 0.000000
vt 0.654513 0.933557 0.000000
vt 0.658214 0.931707 0.000000
vt 0.639706 0.931707 0.000000
vt 0.643408 0.933557 0.000000
vt 0.641557 0.929856 0.000000
vt 0.658214 0.933557 0.000000
vt 0.654513 0.935408 0.000000
vt 0.656364 0.937259 0.000000
vt 0.658214 0.937259 0.000000
vt 0.636005 0.942811 0.000000
vt 0.639706 0.940961 0.000000
vt 0.637856 0.933557 0.000000
vt 0.658214 0.940961 0.000000
vt 0.661916 0.942811 0.000000
vt 0.660065 0.933557 0.000000
vt 0.643408 0.929856 0.000000
vt 0.648960 0.933557 0.000000
vt 0.648960 0.926154 0.000000
vt 0.643408 0.928005 0.000000
vt 0.654513 0.928005 0.000000
vt 0.639706 0.944662 0.000000
vt 0.636005 0.952065 0.000000
vt 0.648960 0.952065 0.000000
vt 0.648960 0.944662 0.000000
vt 0.658214 0.944662 0.000000
vt 0.661916 0.952065 0.000000
vt 0.643408 0.937259 0.000000
vt 0.658214 0.929856 0.000000
vt 0.654513 0.937259 0.000000
vt 0.639706 0.929856 0.000000
vt 0.654513 0.926154 0.000000
vt 0.643408 0.926154 0.000000
vt 0.636005 0.933557 0.000000
vt 0.661916 0.933557 0.000000
vt 0.668552 0.633265 0.000000
vt 0.666894 0.632215 0.000000
vt 0.666223 0.633539 0.000000
vt 0.667174 0.635127 0.000000
vt 0.659260 0.635959 0.000000
vt 0.659774 0.637795 0.000000
vt 0.652184 0.637224 0.000000
vt 0.651944 0.639011 0.000000
vt 0.650853 0.636370 0.000000
vt 0.649986 0.637927 0.000000
vt 0.649221 0.635219 0.000000
vt 0.648415 0.637028 0.000000
vt 0.647493 0.634656 0.000000
vt 0.646546 0.636329 0.000000
vt 0.646254 0.634019 0.000000
vt 0.644736 0.634824 0.000000
vt 0.645983 0.632605 0.000000
vt 0.644200 0.632533 0.000000
vt 0.646178 0.631353 0.000000
vt 0.644914 0.630158 0.000000
vt 0.649213 0.629773 0.000000
vt 0.648525 0.628014 0.000000
vt 0.652417 0.629039 0.000000
vt 0.652728 0.627343 0.000000
vt 0.653895 0.629884 0.000000
vt 0.654623 0.628347 0.000000
vt 0.655840 0.630887 0.000000
vt 0.656057 0.629043 0.000000
vt 0.660009 0.630272 0.000000
vt 0.659434 0.628546 0.000000
vt 0.663559 0.627755 0.000000
vt 0.662008 0.626771 0.000000
vt 0.664297 0.623466 0.000000
vt 0.662484 0.623610 0.000000
vt 0.662514 0.619411 0.000000
vt 0.661301 0.620813 0.000000
vt 0.655105 0.616307 0.000000
vt 0.654704 0.618222 0.000000
vt 0.648117 0.614400 0.000000
vt 0.647163 0.615930 0.000000
vt 0.647192 0.613070 0.000000
vt 0.645823 0.614185 0.000000
vt 0.646021 0.611366 0.000000
vt 0.644728 0.612865 0.000000
vt 0.644392 0.610331 0.000000
vt 0.643142 0.611841 0.000000
vt 0.643213 0.609464 0.000000
vt 0.641549 0.610182 0.000000
vt 0.642703 0.606023 0.000000
vt 0.640799 0.606127 0.000000
vt 0.642960 0.602781 0.000000
vt 0.641455 0.601940 0.000000
vt 0.644217 0.601683 0.000000
vt 0.643007 0.600433 0.000000
vt 0.645821 0.600363 0.000000
vt 0.644216 0.599228 0.000000
vt 0.646715 0.598598 0.000000
vt 0.645042 0.597574 0.000000
vt 0.647348 0.597268 0.000000
vt 0.646381 0.595676 0.000000
vt 0.656095 0.594258 0.000000
vt 0.655623 0.592414 0.000000
vt 0.665131 0.593038 0.000000
vt 0.665393 0.591241 0.000000
vt 0.666419 0.593937 0.000000
vt 0.667345 0.592411 0.000000
vt 0.667984 0.595168 0.000000
vt 0.668895 0.593415 0.000000
vt 0.669667 0.595857 0.000000
vt 0.670729 0.594259 0.000000
vt 0.670860 0.596596 0.000000
vt 0.672433 0.595907 0.000000
vt 0.671031 0.598037 0.000000
vt 0.672803 0.598246 0.000000
vt 0.670748 0.599283 0.000000
vt 0.671916 0.600572 0.000000
vt 0.667617 0.600645 0.000000
vt 0.668164 0.602453 0.000000
vt 0.664380 0.601151 0.000000
vt 0.663938 0.602818 0.000000
vt 0.662977 0.600204 0.000000
vt 0.662140 0.601681 0.000000
vt 0.661101 0.599051 0.000000
vt 0.660802 0.600888 0.000000
vt 0.655046 0.599640 0.000000
vt 0.655528 0.601431 0.000000
vt 0.649775 0.602929 0.000000
vt 0.651262 0.604011 0.000000
vt 0.649025 0.607291 0.000000
vt 0.650834 0.607141 0.000000
vt 0.650867 0.611353 0.000000
vt 0.652071 0.609940 0.000000
vt 0.658323 0.614471 0.000000
vt 0.658715 0.612554 0.000000
vt 0.665365 0.616382 0.000000
vt 0.666305 0.614843 0.000000
vt 0.666307 0.617718 0.000000
vt 0.667666 0.616590 0.000000
vt 0.667504 0.619424 0.000000
vt 0.668779 0.617913 0.000000
vt 0.669160 0.620453 0.000000
vt 0.670383 0.618924 0.000000
vt 0.670369 0.621301 0.000000
vt 0.672025 0.620559 0.000000
vt 0.670905 0.624740 0.000000
vt 0.672803 0.624654 0.000000
vt 0.670631 0.628021 0.000000
vt 0.672143 0.628860 0.000000
vt 0.669390 0.629133 0.000000
vt 0.670599 0.630386 0.000000
vt 0.667784 0.630452 0.000000
vt 0.669389 0.631597 0.000000
vt 0.894227 0.842299 0.000000
vt 0.896078 0.846001 0.000000
vt 0.897929 0.844150 0.000000
vt 0.897929 0.842299 0.000000
vt 0.879421 0.831194 0.000000
vt 0.879421 0.827493 0.000000
vt 0.877570 0.827493 0.000000
vt 0.875719 0.829344 0.000000
vt 0.883122 0.842299 0.000000
vt 0.879421 0.838598 0.000000
vt 0.875719 0.842299 0.000000
vt 0.879421 0.846001 0.000000
vt 0.897929 0.834896 0.000000
vt 0.899779 0.827493 0.000000
vt 0.897929 0.827493 0.000000
vt 0.894227 0.831194 0.000000
vt 0.883122 0.829344 0.000000
vt 0.883122 0.831194 0.000000
vt 0.890525 0.844150 0.000000
vt 0.890525 0.846001 0.000000
vt 0.894227 0.846001 0.000000
vt 0.899779 0.834896 0.000000
vt 0.901630 0.831194 0.000000
vt 0.883122 0.827493 0.000000
vt 0.888675 0.827493 0.000000
vt 0.888675 0.823791 0.000000
vt 0.879421 0.825642 0.000000
vt 0.894227 0.827493 0.000000
vt 0.897929 0.825642 0.000000
vt 0.886824 0.849702 0.000000
vt 0.883122 0.846001 0.000000
vt 0.879421 0.847852 0.000000
vt 0.879421 0.849702 0.000000
vt 0.894227 0.847852 0.000000
vt 0.894227 0.849702 0.000000
vt 0.897929 0.836747 0.000000
vt 0.894227 0.834896 0.000000
vt 0.890525 0.838598 0.000000
vt 0.897929 0.838598 0.000000
vt 0.879421 0.836747 0.000000
vt 0.883122 0.838598 0.000000
vt 0.886824 0.834896 0.000000
vt 0.879421 0.834896 0.000000
vt 0.897929 0.846001 0.000000
vt 0.875719 0.827493 0.000000
vt 0.875719 0.831194 0.000000
vt 0.901630 0.827493 0.000000
vt 0.901630 0.834896 0.000000
vt 0.875719 0.846001 0.000000
vt 0.877570 0.846001 0.000000
vt 0.890525 0.842299 0.000000
vt 0.877570 0.838598 0.000000
vt 0.875719 0.838598 0.000000
vt 0.886824 0.846001 0.000000
vt 0.897929 0.823791 0.000000
vt 0.879421 0.823791 0.000000
vt 0.875795 0.740748 0.000000
vt 0.875402 0.738869 0.000000
vt 0.864708 0.739195 0.000000
vt 0.863960 0.740861 0.000000
vt 0.863109 0.736843 0.000000
vt 0.861336 0.737306 0.000000
vt 0.863148 0.734154 0.000000
vt 0.861814 0.732912 0.000000
vt 0.872722 0.729376 0.000000
vt 0.872132 0.727620 0.000000
vt 0.883113 0.724203 0.000000
vt 0.881709 0.722994 0.000000
vt 0.884468 0.718274 0.000000
vt 0.882603 0.718258 0.000000
vt 0.882729 0.712440 0.000000
vt 0.881391 0.713739 0.000000
vt 0.872241 0.707487 0.000000
vt 0.871560 0.709328 0.000000
vt 0.863153 0.702353 0.000000
vt 0.861657 0.703403 0.000000
vt 0.863086 0.699550 0.000000
vt 0.861336 0.699019 0.000000
vt 0.864633 0.697311 0.000000
vt 0.864152 0.695555 0.000000
vt 0.875638 0.698250 0.000000
vt 0.876019 0.696379 0.000000
vt 0.885927 0.702753 0.000000
vt 0.887019 0.701286 0.000000
vt 0.886658 0.704274 0.000000
vt 0.888168 0.703322 0.000000
vt 0.887600 0.706197 0.000000
vt 0.889107 0.704922 0.000000
vt 0.889049 0.707609 0.000000
vt 0.890513 0.706298 0.000000
vt 0.890136 0.708708 0.000000
vt 0.891948 0.708246 0.000000
vt 0.890644 0.718503 0.000000
vt 0.892559 0.718521 0.000000
vt 0.889740 0.728135 0.000000
vt 0.891448 0.728785 0.000000
vt 0.888581 0.729356 0.000000
vt 0.889931 0.730519 0.000000
vt 0.887111 0.730909 0.000000
vt 0.888798 0.731946 0.000000
vt 0.886326 0.732791 0.000000
vt 0.888016 0.733770 0.000000
vt 0.885706 0.734245 0.000000
vt 0.886749 0.735816 0.000000
vt 0.845192 0.877934 0.000000
vt 0.841490 0.889039 0.000000
vt 0.848893 0.889039 0.000000
vt 0.847042 0.877934 0.000000
vt 0.822982 0.889039 0.000000
vt 0.830385 0.889039 0.000000
vt 0.826684 0.877934 0.000000
vt 0.824833 0.877934 0.000000
vt 0.826684 0.900144 0.000000
vt 0.830385 0.900144 0.000000
vt 0.845192 0.900144 0.000000
vt 0.848893 0.900144 0.000000
vt 0.841490 0.877934 0.000000
vt 0.845192 0.876083 0.000000
vt 0.835938 0.874233 0.000000
vt 0.835938 0.877934 0.000000
vt 0.830385 0.877934 0.000000
vt 0.826684 0.876083 0.000000
vt 0.845192 0.874233 0.000000
vt 0.826684 0.874233 0.000000
vt 0.848893 0.877934 0.000000
vt 0.822982 0.877934 0.000000
vt 0.841490 0.900144 0.000000
vt 0.822982 0.900144 0.000000
vt 0.651028 0.701949 0.000000
vt 0.649509 0.700703 0.000000
vt 0.648657 0.701965 0.000000
vt 0.649444 0.703640 0.000000
vt 0.641389 0.703762 0.000000
vt 0.641741 0.705634 0.000000
vt 0.634127 0.704464 0.000000
vt 0.633744 0.706223 0.000000
vt 0.632843 0.703513 0.000000
vt 0.631856 0.704995 0.000000
vt 0.631283 0.702246 0.000000
vt 0.630338 0.703983 0.000000
vt 0.629580 0.701557 0.000000
vt 0.628506 0.703148 0.000000
vt 0.628371 0.700832 0.000000
vt 0.626795 0.701514 0.000000
vt 0.628186 0.699411 0.000000
vt 0.626416 0.699198 0.000000
vt 0.628452 0.698187 0.000000
vt 0.627288 0.696897 0.000000
vt 0.631544 0.696869 0.000000
vt 0.630999 0.695062 0.000000
vt 0.634739 0.696405 0.000000
vt 0.635182 0.694741 0.000000
vt 0.636118 0.697370 0.000000
vt 0.636964 0.695897 0.000000
vt 0.637950 0.698529 0.000000
vt 0.638311 0.696709 0.000000
vt 0.642092 0.698260 0.000000
vt 0.641659 0.696485 0.000000
vt 0.645782 0.696155 0.000000
vt 0.644319 0.694869 0.000000
vt 0.646699 0.694232 0.000000
vt 0.644949 0.693339 0.000000
vt 0.647218 0.692729 0.000000
vt 0.646021 0.691484 0.000000
vt 0.648698 0.691797 0.000000
vt 0.647748 0.690424 0.000000
vt 0.650528 0.690516 0.000000
vt 0.648938 0.689590 0.000000
vt 0.651792 0.684559 0.000000
vt 0.649934 0.684548 0.000000
vt 0.649893 0.678687 0.000000
vt 0.648341 0.679855 0.000000
vt 0.648080 0.677448 0.000000
vt 0.646911 0.679016 0.000000
vt 0.646652 0.676683 0.000000
vt 0.645221 0.677653 0.000000
vt 0.645954 0.675059 0.000000
vt 0.644424 0.675762 0.000000
vt 0.644996 0.673058 0.000000
vt 0.643728 0.674399 0.000000
vt 0.641171 0.671191 0.000000
vt 0.640655 0.672958 0.000000
vt 0.636864 0.671126 0.000000
vt 0.637374 0.673021 0.000000
vt 0.635036 0.672115 0.000000
vt 0.635805 0.673910 0.000000
vt 0.633667 0.672874 0.000000
vt 0.633665 0.674713 0.000000
vt 0.630399 0.672001 0.000000
vt 0.629511 0.673667 0.000000
vt 0.628045 0.670039 0.000000
vt 0.626416 0.670548 0.000000
vt 0.628205 0.668675 0.000000
vt 0.626502 0.668153 0.000000
vt 0.628723 0.667512 0.000000
vt 0.627839 0.666157 0.000000
vt 0.630299 0.667116 0.000000
vt 0.629877 0.665468 0.000000
vt 0.632302 0.666853 0.000000
vt 0.631543 0.665051 0.000000
vt 0.633968 0.665865 0.000000
vt 0.633114 0.664099 0.000000
vt 0.635202 0.665118 0.000000
vt 0.635261 0.663274 0.000000
vt 0.642288 0.666940 0.000000
vt 0.642815 0.665113 0.000000
vt 0.649013 0.669512 0.000000
vt 0.650072 0.668055 0.000000
vt 0.649852 0.670936 0.000000
vt 0.651250 0.669884 0.000000
vt 0.651021 0.672718 0.000000
vt 0.652251 0.671188 0.000000
vt 0.652785 0.673713 0.000000
vt 0.653811 0.672040 0.000000
vt 0.654180 0.674407 0.000000
vt 0.655559 0.673363 0.000000
vt 0.654870 0.676005 0.000000
vt 0.656438 0.675264 0.000000
vt 0.655647 0.677975 0.000000
vt 0.657187 0.676745 0.000000
vt 0.657112 0.679316 0.000000
vt 0.658544 0.677969 0.000000
vt 0.658208 0.680322 0.000000
vt 0.659959 0.679769 0.000000
vt 0.658581 0.685797 0.000000
vt 0.660485 0.685761 0.000000
vt 0.658074 0.691098 0.000000
vt 0.659695 0.691817 0.000000
vt 0.656874 0.692266 0.000000
vt 0.658185 0.693426 0.000000
vt 0.655353 0.693740 0.000000
vt 0.657054 0.694720 0.000000
vt 0.654599 0.695629 0.000000
vt 0.656393 0.696434 0.000000
vt 0.654073 0.697124 0.000000
vt 0.655270 0.698370 0.000000
vt 0.652558 0.698017 0.000000
vt 0.653465 0.699489 0.000000
vt 0.650674 0.699041 0.000000
vt 0.652075 0.700426 0.000000
vt 0.395956 0.922815 0.000000
vt 0.394105 0.922815 0.000000
vt 0.394105 0.926517 0.000000
vt 0.397807 0.924666 0.000000
vt 0.408911 0.922815 0.000000
vt 0.410762 0.926517 0.000000
vt 0.412613 0.924666 0.000000
vt 0.412613 0.922815 0.000000
vt 0.390403 0.909859 0.000000
vt 0.390403 0.911710 0.000000
vt 0.394105 0.911710 0.000000
vt 0.392254 0.908009 0.000000
vt 0.394105 0.908009 0.000000
vt 0.395956 0.911710 0.000000
vt 0.397807 0.909859 0.000000
vt 0.390403 0.922815 0.000000
vt 0.390403 0.924666 0.000000
vt 0.392254 0.926517 0.000000
vt 0.412613 0.909859 0.000000
vt 0.410762 0.908009 0.000000
vt 0.408911 0.911710 0.000000
vt 0.412613 0.911710 0.000000
vt 0.386702 0.917263 0.000000
vt 0.394105 0.917263 0.000000
vt 0.388553 0.911710 0.000000
vt 0.388553 0.922815 0.000000
vt 0.405210 0.924666 0.000000
vt 0.408911 0.926517 0.000000
vt 0.405210 0.922815 0.000000
vt 0.408911 0.908009 0.000000
vt 0.405210 0.909859 0.000000
vt 0.405210 0.911710 0.000000
vt 0.397807 0.926517 0.000000
vt 0.394105 0.928367 0.000000
vt 0.397807 0.908009 0.000000
vt 0.394105 0.906158 0.000000
vt 0.408911 0.906158 0.000000
vt 0.405210 0.908009 0.000000
vt 0.405210 0.926517 0.000000
vt 0.408911 0.928367 0.000000
vt 0.401508 0.904307 0.000000
vt 0.401508 0.908009 0.000000
vt 0.401508 0.926517 0.000000
vt 0.401508 0.930218 0.000000
vt 0.412613 0.926517 0.000000
vt 0.397807 0.911710 0.000000
vt 0.390403 0.926517 0.000000
vt 0.397807 0.922815 0.000000
vt 0.390403 0.908009 0.000000
vt 0.412613 0.908009 0.000000
vt 0.386702 0.922815 0.000000
vt 0.386702 0.911710 0.000000
vt 0.408911 0.904307 0.000000
vt 0.408911 0.930218 0.000000
vt 0.394105 0.930218 0.000000
vt 0.394105 0.904307 0.000000
vt 0.535965 0.706736 0.000000
vt 0.534446 0.705490 0.000000
vt 0.533594 0.706753 0.000000
vt 0.534381 0.708428 0.000000
vt 0.526326 0.708549 0.000000
vt 0.526678 0.710421 0.000000
vt 0.519064 0.709251 0.000000
vt 0.518681 0.711011 0.000000
vt 0.517780 0.708300 0.000000
vt 0.516794 0.709782 0.000000
vt 0.516220 0.707033 0.000000
vt 0.515275 0.708771 0.000000
vt 0.514517 0.706344 0.000000
vt 0.513443 0.707935 0.000000
vt 0.513308 0.705619 0.000000
vt 0.511732 0.706302 0.000000
vt 0.513123 0.704198 0.000000
vt 0.511353 0.703985 0.000000
vt 0.513389 0.702974 0.000000
vt 0.512225 0.701685 0.000000
vt 0.516482 0.701656 0.000000
vt 0.515936 0.699850 0.000000
vt 0.519677 0.701193 0.000000
vt 0.520120 0.699529 0.000000
vt 0.521055 0.702157 0.000000
vt 0.521901 0.700685 0.000000
vt 0.522887 0.703316 0.000000
vt 0.523248 0.701496 0.000000
vt 0.527029 0.703048 0.000000
vt 0.526596 0.701272 0.000000
vt 0.530719 0.700943 0.000000
vt 0.529256 0.699656 0.000000
vt 0.531636 0.699019 0.000000
vt 0.529886 0.698126 0.000000
vt 0.532156 0.697516 0.000000
vt 0.530958 0.696271 0.000000
vt 0.533636 0.696584 0.000000
vt 0.532685 0.695212 0.000000
vt 0.535465 0.695303 0.000000
vt 0.533875 0.694377 0.000000
vt 0.536729 0.689346 0.000000
vt 0.534871 0.689336 0.000000
vt 0.534830 0.683475 0.000000
vt 0.533279 0.684642 0.000000
vt 0.533017 0.682236 0.000000
vt 0.531848 0.683803 0.000000
vt 0.531590 0.681470 0.000000
vt 0.530158 0.682441 0.000000
vt 0.530891 0.679847 0.000000
vt 0.529361 0.680550 0.000000
vt 0.529933 0.677846 0.000000
vt 0.528666 0.679186 0.000000
vt 0.526108 0.675978 0.000000
vt 0.525592 0.677745 0.000000
vt 0.521801 0.675913 0.000000
vt 0.522311 0.677809 0.000000
vt 0.519973 0.676902 0.000000
vt 0.520742 0.678697 0.000000
vt 0.518604 0.677662 0.000000
vt 0.518602 0.679500 0.000000
vt 0.515336 0.676788 0.000000
vt 0.514448 0.678454 0.000000
vt 0.512982 0.674827 0.000000
vt 0.511353 0.675335 0.000000
vt 0.513142 0.673462 0.000000
vt 0.511439 0.672940 0.000000
vt 0.513660 0.672300 0.000000
vt 0.512776 0.670944 0.000000
vt 0.515236 0.671904 0.000000
vt 0.514814 0.670255 0.000000
vt 0.517239 0.671640 0.000000
vt 0.516480 0.669839 0.000000
vt 0.518905 0.670653 0.000000
vt 0.518051 0.668886 0.000000
vt 0.520139 0.669905 0.000000
vt 0.520198 0.668061 0.000000
vt 0.527225 0.671727 0.000000
vt 0.527752 0.669900 0.000000
vt 0.533950 0.674299 0.000000
vt 0.535009 0.672843 0.000000
vt 0.534789 0.675723 0.000000
vt 0.536187 0.674671 0.000000
vt 0.535958 0.677505 0.000000
vt 0.537189 0.675976 0.000000
vt 0.537722 0.678500 0.000000
vt 0.538748 0.676827 0.000000
vt 0.539117 0.679194 0.000000
vt 0.540496 0.678150 0.000000
vt 0.539807 0.680792 0.000000
vt 0.541375 0.680051 0.000000
vt 0.540585 0.682762 0.000000
vt 0.542124 0.681533 0.000000
vt 0.542049 0.684103 0.000000
vt 0.543481 0.682757 0.000000
vt 0.543145 0.685109 0.000000
vt 0.544896 0.684556 0.000000
vt 0.543518 0.690584 0.000000
vt 0.545422 0.690548 0.000000
vt 0.543012 0.695885 0.000000
vt 0.544632 0.696604 0.000000
vt 0.541811 0.697053 0.000000
vt 0.543122 0.698213 0.000000
vt 0.540290 0.698527 0.000000
vt 0.541991 0.699508 0.000000
vt 0.539536 0.700417 0.000000
vt 0.541330 0.701221 0.000000
vt 0.539010 0.701911 0.000000
vt 0.540207 0.703157 0.000000
vt 0.537495 0.702804 0.000000
vt 0.538402 0.704276 0.000000
vt 0.535611 0.703828 0.000000
vt 0.537012 0.705213 0.000000
vt 0.935859 0.923407 0.000000
vt 0.935859 0.921557 0.000000
vt 0.932158 0.921557 0.000000
vt 0.934009 0.925258 0.000000
vt 0.935859 0.936363 0.000000
vt 0.932158 0.938214 0.000000
vt 0.934009 0.940065 0.000000
vt 0.935859 0.940065 0.000000
vt 0.948815 0.917855 0.000000
vt 0.946964 0.917855 0.000000
vt 0.946964 0.921557 0.000000
vt 0.950666 0.919706 0.000000
vt 0.950666 0.921557 0.000000
vt 0.946964 0.923407 0.000000
vt 0.948815 0.925258 0.000000
vt 0.935859 0.917855 0.000000
vt 0.934009 0.917855 0.000000
vt 0.932158 0.919706 0.000000
vt 0.948815 0.940065 0.000000
vt 0.950666 0.938214 0.000000
vt 0.946964 0.936363 0.000000
vt 0.946964 0.940065 0.000000
vt 0.941412 0.914154 0.000000
vt 0.941412 0.921557 0.000000
vt 0.946964 0.916004 0.000000
vt 0.935859 0.916004 0.000000
vt 0.934009 0.932661 0.000000
vt 0.932158 0.936363 0.000000
vt 0.935859 0.932661 0.000000
vt 0.950666 0.936363 0.000000
vt 0.948815 0.932661 0.000000
vt 0.946964 0.932661 0.000000
vt 0.932158 0.925258 0.000000
vt 0.930307 0.921557 0.000000
vt 0.950666 0.925258 0.000000
vt 0.952517 0.921557 0.000000
vt 0.952517 0.936363 0.000000
vt 0.950666 0.932661 0.000000
vt 0.932158 0.932661 0.000000
vt 0.930307 0.936363 0.000000
vt 0.954367 0.928960 0.000000
vt 0.950666 0.928960 0.000000
vt 0.932158 0.928960 0.000000
vt 0.928456 0.928960 0.000000
vt 0.932158 0.940065 0.000000
vt 0.946964 0.925258 0.000000
vt 0.932158 0.917855 0.000000
vt 0.935859 0.925258 0.000000
vt 0.950666 0.917855 0.000000
vt 0.950666 0.940065 0.000000
vt 0.935859 0.914154 0.000000
vt 0.946964 0.914154 0.000000
vt 0.954367 0.936363 0.000000
vt 0.928456 0.936363 0.000000
vt 0.928456 0.921557 0.000000
vt 0.954367 0.921557 0.000000
vt 0.427389 0.554437 0.000000
vt 0.425472 0.554629 0.000000
vt 0.425253 0.568130 0.000000
vt 0.426941 0.568936 0.000000
vt 0.416369 0.577812 0.000000
vt 0.417524 0.579371 0.000000
vt 0.405183 0.582884 0.000000
vt 0.405116 0.584704 0.000000
vt 0.404309 0.582296 0.000000
vt 0.402952 0.583310 0.000000
vt 0.403885 0.581395 0.000000
vt 0.402139 0.580864 0.000000
vt 0.409436 0.574529 0.000000
vt 0.408214 0.573145 0.000000
vt 0.416022 0.567147 0.000000
vt 0.414274 0.566471 0.000000
vt 0.415708 0.562886 0.000000
vt 0.413983 0.563410 0.000000
vt 0.413032 0.559481 0.000000
vt 0.412344 0.561219 0.000000
vt 0.405151 0.559602 0.000000
vt 0.405389 0.561592 0.000000
vt 0.398498 0.559381 0.000000
vt 0.397580 0.560905 0.000000
vt 0.397967 0.558392 0.000000
vt 0.396290 0.558754 0.000000
vt 0.397972 0.557346 0.000000
vt 0.396582 0.556191 0.000000
vt 0.404319 0.554015 0.000000
vt 0.403735 0.552302 0.000000
vt 0.411406 0.549957 0.000000
vt 0.409841 0.548937 0.000000
vt 0.411875 0.545666 0.000000
vt 0.410020 0.545867 0.000000
vt 0.410535 0.541720 0.000000
vt 0.409045 0.542929 0.000000
vt 0.403313 0.535698 0.000000
vt 0.402129 0.537289 0.000000
vt 0.398024 0.529376 0.000000
vt 0.396290 0.529831 0.000000
vt 0.398410 0.528315 0.000000
vt 0.397025 0.527353 0.000000
vt 0.399227 0.527615 0.000000
vt 0.399224 0.525765 0.000000
vt 0.411684 0.532222 0.000000
vt 0.412728 0.530625 0.000000
vt 0.422052 0.541302 0.000000
vt 0.423675 0.540335 0.000000
vt 0.554925 0.940172 0.000000
vt 0.547522 0.940172 0.000000
vt 0.547522 0.943874 0.000000
vt 0.554925 0.943874 0.000000
vt 0.562329 0.942023 0.000000
vt 0.562329 0.943874 0.000000
vt 0.547522 0.936471 0.000000
vt 0.547522 0.932769 0.000000
vt 0.540119 0.929068 0.000000
vt 0.540119 0.942023 0.000000
vt 0.547522 0.947576 0.000000
vt 0.540119 0.954979 0.000000
vt 0.547522 0.951277 0.000000
vt 0.566030 0.953128 0.000000
vt 0.556776 0.951277 0.000000
vt 0.553075 0.954979 0.000000
vt 0.566030 0.954979 0.000000
vt 0.553075 0.929068 0.000000
vt 0.556776 0.932769 0.000000
vt 0.566030 0.930918 0.000000
vt 0.566030 0.929068 0.000000
vt 0.562329 0.940172 0.000000
vt 0.566030 0.951277 0.000000
vt 0.566030 0.932769 0.000000
vt 0.980181 0.670879 0.000000
vt 0.978523 0.669828 0.000000
vt 0.977852 0.671152 0.000000
vt 0.978802 0.672741 0.000000
vt 0.970889 0.673572 0.000000
vt 0.971402 0.675408 0.000000
vt 0.963813 0.674838 0.000000
vt 0.963572 0.676624 0.000000
vt 0.962481 0.673983 0.000000
vt 0.961615 0.675541 0.000000
vt 0.960850 0.672833 0.000000
vt 0.960044 0.674642 0.000000
vt 0.959122 0.672270 0.000000
vt 0.958175 0.673942 0.000000
vt 0.957883 0.671632 0.000000
vt 0.956364 0.672438 0.000000
vt 0.957612 0.670219 0.000000
vt 0.955829 0.670146 0.000000
vt 0.957807 0.668966 0.000000
vt 0.956542 0.667771 0.000000
vt 0.960841 0.667387 0.000000
vt 0.960154 0.665627 0.000000
vt 0.964046 0.666652 0.000000
vt 0.964356 0.664956 0.000000
vt 0.965523 0.667497 0.000000
vt 0.966252 0.665960 0.000000
vt 0.967469 0.668501 0.000000
vt 0.967686 0.666657 0.000000
vt 0.971638 0.667885 0.000000
vt 0.971062 0.666159 0.000000
vt 0.975188 0.665368 0.000000
vt 0.973637 0.664385 0.000000
vt 0.975925 0.661080 0.000000
vt 0.974113 0.661223 0.000000
vt 0.974143 0.657025 0.000000
vt 0.972930 0.658427 0.000000
vt 0.966734 0.653920 0.000000
vt 0.966333 0.655836 0.000000
vt 0.959745 0.652014 0.000000
vt 0.958792 0.653543 0.000000
vt 0.958820 0.650683 0.000000
vt 0.957452 0.651799 0.000000
vt 0.957650 0.648980 0.000000
vt 0.956357 0.650479 0.000000
vt 0.956021 0.647944 0.000000
vt 0.954771 0.649454 0.000000
vt 0.954842 0.647077 0.000000
vt 0.953178 0.647796 0.000000
vt 0.954332 0.643636 0.000000
vt 0.952428 0.643741 0.000000
vt 0.954589 0.640395 0.000000
vt 0.953083 0.639553 0.000000
vt 0.955845 0.639297 0.000000
vt 0.954636 0.638047 0.000000
vt 0.957449 0.637976 0.000000
vt 0.955845 0.636841 0.000000
vt 0.958343 0.636212 0.000000
vt 0.956670 0.635187 0.000000
vt 0.958976 0.634881 0.000000
vt 0.958010 0.633289 0.000000
vt 0.967724 0.631871 0.000000
vt 0.967251 0.630027 0.000000
vt 0.976760 0.630652 0.000000
vt 0.977022 0.628854 0.000000
vt 0.978048 0.631551 0.000000
vt 0.978974 0.630025 0.000000
vt 0.979612 0.632781 0.000000
vt 0.980524 0.631029 0.000000
vt 0.981295 0.633471 0.000000
vt 0.982357 0.631872 0.000000
vt 0.982489 0.634210 0.000000
vt 0.984062 0.633520 0.000000
vt 0.982660 0.635651 0.000000
vt 0.984431 0.635859 0.000000
vt 0.982377 0.636896 0.000000
vt 0.983545 0.638186 0.000000
vt 0.979245 0.638258 0.000000
vt 0.979792 0.640066 0.000000
vt 0.976008 0.638765 0.000000
vt 0.975567 0.640431 0.000000
vt 0.974606 0.637817 0.000000
vt 0.973768 0.639294 0.000000
vt 0.972730 0.636665 0.000000
vt 0.972431 0.638501 0.000000
vt 0.966675 0.637254 0.000000
vt 0.967156 0.639044 0.000000
vt 0.961404 0.640543 0.000000
vt 0.962891 0.641625 0.000000
vt 0.960654 0.644905 0.000000
vt 0.962463 0.644755 0.000000
vt 0.962496 0.648967 0.000000
vt 0.963699 0.647554 0.000000
vt 0.969951 0.652085 0.000000
vt 0.970344 0.650168 0.000000
vt 0.976993 0.653996 0.000000
vt 0.977933 0.652457 0.000000
vt 0.977936 0.655332 0.000000
vt 0.979295 0.654203 0.000000
vt 0.979133 0.657038 0.000000
vt 0.980408 0.655527 0.000000
vt 0.980788 0.658067 0.000000
vt 0.982012 0.656538 0.000000
vt 0.981998 0.658914 0.000000
vt 0.983653 0.658173 0.000000
vt 0.982533 0.662354 0.000000
vt 0.984431 0.662268 0.000000
vt 0.982260 0.665635 0.000000
vt 0.983772 0.666474 0.000000
vt 0.981018 0.666747 0.000000
vt 0.982228 0.667999 0.000000
vt 0.979413 0.668065 0.000000
vt 0.981018 0.669210 0.000000
vt 0.015356 0.943738 0.000000
vt 0.011655 0.945589 0.000000
vt 0.013506 0.947440 0.000000
vt 0.015356 0.947440 0.000000
vt 0.026461 0.928932 0.000000
vt 0.030163 0.928932 0.000000
vt 0.030163 0.927081 0.000000
vt 0.028312 0.925230 0.000000
vt 0.015356 0.932633 0.000000
vt 0.019058 0.928932 0.000000
vt 0.015356 0.925230 0.000000
vt 0.011655 0.928932 0.000000
vt 0.022760 0.947440 0.000000
vt 0.030163 0.949291 0.000000
vt 0.030163 0.947440 0.000000
vt 0.026461 0.943738 0.000000
vt 0.028312 0.932633 0.000000
vt 0.026461 0.932633 0.000000
vt 0.013506 0.940037 0.000000
vt 0.011655 0.940037 0.000000
vt 0.011655 0.943738 0.000000
vt 0.022760 0.949291 0.000000
vt 0.026461 0.951141 0.000000
vt 0.030163 0.932633 0.000000
vt 0.030163 0.938186 0.000000
vt 0.033864 0.938186 0.000000
vt 0.032014 0.928932 0.000000
vt 0.030163 0.943738 0.000000
vt 0.032014 0.947440 0.000000
vt 0.007953 0.936335 0.000000
vt 0.011655 0.932633 0.000000
vt 0.009804 0.928932 0.000000
vt 0.007953 0.928932 0.000000
vt 0.009804 0.943738 0.000000
vt 0.007953 0.943738 0.000000
vt 0.020909 0.947440 0.000000
vt 0.022760 0.943738 0.000000
vt 0.019058 0.940037 0.000000
vt 0.019058 0.947440 0.000000
vt 0.020909 0.928932 0.000000
vt 0.019058 0.932633 0.000000
vt 0.022760 0.936335 0.000000
vt 0.022760 0.928932 0.000000
vt 0.011655 0.947440 0.000000
vt 0.030163 0.925230 0.000000
vt 0.026461 0.925230 0.000000
vt 0.030163 0.951141 0.000000
vt 0.022760 0.951141 0.000000
vt 0.011655 0.925230 0.000000
vt 0.011655 0.927081 0.000000
vt 0.015356 0.940037 0.000000
vt 0.019058 0.927081 0.000000
vt 0.019058 0.925230 0.000000
vt 0.011655 0.936335 0.000000
vt 0.033864 0.947440 0.000000
vt 0.033864 0.928932 0.000000
vt 0.596638 0.643550 0.000000
vt 0.594980 0.642499 0.000000
vt 0.594309 0.643824 0.000000
vt 0.595259 0.645412 0.000000
vt 0.587346 0.646243 0.000000
vt 0.587859 0.648079 0.000000
vt 0.580270 0.647509 0.000000
vt 0.580029 0.649295 0.000000
vt 0.578938 0.646654 0.000000
vt 0.578072 0.648212 0.000000
vt 0.577307 0.645504 0.000000
vt 0.576501 0.647313 0.000000
vt 0.575579 0.644941 0.000000
vt 0.574632 0.646614 0.000000
vt 0.574340 0.644303 0.000000
vt 0.572821 0.645109 0.000000
vt 0.574069 0.642890 0.000000
vt 0.572286 0.642817 0.000000
vt 0.574264 0.641637 0.000000
vt 0.572999 0.640443 0.000000
vt 0.577298 0.640058 0.000000
vt 0.576611 0.638298 0.000000
vt 0.580503 0.639324 0.000000
vt 0.580813 0.637627 0.000000
vt 0.581980 0.640169 0.000000
vt 0.582709 0.638632 0.000000
vt 0.583926 0.641172 0.000000
vt 0.584143 0.639328 0.000000
vt 0.588095 0.640557 0.000000
vt 0.587520 0.638830 0.000000
vt 0.591645 0.638040 0.000000
vt 0.590094 0.637056 0.000000
vt 0.592382 0.633751 0.000000
vt 0.590570 0.633895 0.000000
vt 0.590600 0.629696 0.000000
vt 0.589387 0.631098 0.000000
vt 0.583191 0.626591 0.000000
vt 0.582790 0.628507 0.000000
vt 0.576202 0.624685 0.000000
vt 0.575249 0.626214 0.000000
vt 0.575277 0.623355 0.000000
vt 0.573909 0.624470 0.000000
vt 0.574107 0.621651 0.000000
vt 0.572814 0.623150 0.000000
vt 0.572478 0.620615 0.000000
vt 0.571228 0.622125 0.000000
vt 0.571299 0.619748 0.000000
vt 0.569635 0.620467 0.000000
vt 0.570789 0.616308 0.000000
vt 0.568885 0.616412 0.000000
vt 0.571046 0.613066 0.000000
vt 0.569540 0.612224 0.000000
vt 0.572302 0.611968 0.000000
vt 0.571093 0.610718 0.000000
vt 0.573906 0.610647 0.000000
vt 0.572302 0.609512 0.000000
vt 0.574800 0.608883 0.000000
vt 0.573127 0.607858 0.000000
vt 0.575433 0.607552 0.000000
vt 0.574467 0.605960 0.000000
vt 0.584181 0.604542 0.000000
vt 0.583708 0.602698 0.000000
vt 0.593217 0.603323 0.000000
vt 0.593479 0.601525 0.000000
vt 0.594505 0.604222 0.000000
vt 0.595431 0.602696 0.000000
vt 0.596069 0.605453 0.000000
vt 0.596981 0.603700 0.000000
vt 0.597752 0.606142 0.000000
vt 0.598814 0.604543 0.000000
vt 0.598946 0.606881 0.000000
vt 0.600519 0.606192 0.000000
vt 0.599117 0.608322 0.000000
vt 0.600888 0.608531 0.000000
vt 0.598834 0.609568 0.000000
vt 0.600002 0.610857 0.000000
vt 0.595702 0.610930 0.000000
vt 0.596249 0.612738 0.000000
vt 0.592465 0.611436 0.000000
vt 0.592024 0.613103 0.000000
vt 0.591063 0.610488 0.000000
vt 0.590226 0.611965 0.000000
vt 0.589187 0.609336 0.000000
vt 0.588888 0.611173 0.000000
vt 0.583132 0.609925 0.000000
vt 0.583613 0.611715 0.000000
vt 0.577861 0.613214 0.000000
vt 0.579348 0.614296 0.000000
vt 0.577111 0.617576 0.000000
vt 0.578920 0.617426 0.000000
vt 0.578953 0.621638 0.000000
vt 0.580156 0.620225 0.000000
vt 0.586408 0.624756 0.000000
vt 0.586801 0.622839 0.000000
vt 0.593450 0.626667 0.000000
vt 0.594390 0.625128 0.000000
vt 0.594393 0.628003 0.000000
vt 0.595752 0.626875 0.000000
vt 0.595590 0.629709 0.000000
vt 0.596865 0.628198 0.000000
vt 0.597245 0.630738 0.000000
vt 0.598469 0.629209 0.000000
vt 0.598455 0.631585 0.000000
vt 0.600110 0.630844 0.000000
vt 0.598990 0.635025 0.000000
vt 0.600888 0.634939 0.000000
vt 0.598717 0.638306 0.000000
vt 0.600229 0.639145 0.000000
vt 0.597475 0.639418 0.000000
vt 0.598685 0.640670 0.000000
vt 0.595870 0.640737 0.000000
vt 0.597475 0.641881 0.000000
vt 0.542728 0.862444 0.000000
vt 0.539026 0.864295 0.000000
vt 0.540877 0.866145 0.000000
vt 0.542728 0.866145 0.000000
vt 0.553833 0.847637 0.000000
vt 0.557534 0.847637 0.000000
vt 0.557534 0.845787 0.000000
vt 0.555683 0.843936 0.000000
vt 0.542728 0.851339 0.000000
vt 0.546430 0.847637 0.000000
vt 0.542728 0.843936 0.000000
vt 0.539026 0.847637 0.000000
vt 0.550131 0.866145 0.000000
vt 0.557534 0.867996 0.000000
vt 0.557534 0.866145 0.000000
vt 0.553833 0.862444 0.000000
vt 0.555683 0.851339 0.000000
vt 0.553833 0.851339 0.000000
vt 0.540877 0.858742 0.000000
vt 0.539026 0.858742 0.000000
vt 0.539026 0.862444 0.000000
vt 0.550131 0.867996 0.000000
vt 0.553833 0.869847 0.000000
vt 0.557534 0.851339 0.000000
vt 0.557534 0.856891 0.000000
vt 0.561236 0.856891 0.000000
vt 0.559385 0.847637 0.000000
vt 0.557534 0.862444 0.000000
vt 0.559385 0.866145 0.000000
vt 0.535325 0.855041 0.000000
vt 0.539026 0.851339 0.000000
vt 0.537175 0.847637 0.000000
vt 0.535325 0.847637 0.000000
vt 0.537175 0.862444 0.000000
vt 0.535325 0.862444 0.000000
vt 0.548280 0.866145 0.000000
vt 0.550131 0.862444 0.000000
vt 0.546430 0.858742 0.000000
vt 0.546430 0.866145 0.000000
vt 0.548280 0.847637 0.000000
vt 0.546430 0.851339 0.000000
vt 0.550131 0.855041 0.000000
vt 0.550131 0.847637 0.000000
vt 0.539026 0.866145 0.000000
vt 0.557534 0.843936 0.000000
vt 0.553833 0.843936 0.000000
vt 0.557534 0.869847 0.000000
vt 0.550131 0.869847 0.000000
vt 0.539026 0.843936 0.000000
vt 0.539026 0.845787 0.000000
vt 0.542728 0.858742 0.000000
vt 0.546430 0.845787 0.000000
vt 0.546430 0.843936 0.000000
vt 0.539026 0.855041 0.000000
vt 0.561236 0.866145 0.000000
vt 0.561236 0.847637 0.000000
vt 0.476647 0.667119 0.000000
vt 0.475337 0.668527 0.000000
vt 0.483899 0.679123 0.000000
vt 0.485709 0.678612 0.000000
vt 0.483797 0.692499 0.000000
vt 0.485709 0.692865 0.000000
vt 0.478957 0.704026 0.000000
vt 0.480147 0.705411 0.000000
vt 0.477906 0.704213 0.000000
vt 0.477597 0.705883 0.000000
vt 0.476974 0.703863 0.000000
vt 0.475326 0.704660 0.000000
vt 0.476357 0.695156 0.000000
vt 0.474514 0.694968 0.000000
vt 0.476144 0.685365 0.000000
vt 0.474397 0.686059 0.000000
vt 0.473002 0.682489 0.000000
vt 0.472082 0.684055 0.000000
vt 0.468730 0.681772 0.000000
vt 0.469335 0.683553 0.000000
vt 0.462675 0.686926 0.000000
vt 0.464101 0.688341 0.000000
vt 0.457278 0.690925 0.000000
vt 0.457485 0.692695 0.000000
vt 0.456258 0.690480 0.000000
vt 0.455137 0.691779 0.000000
vt 0.455632 0.689646 0.000000
vt 0.453822 0.689568 0.000000
vt 0.458618 0.683162 0.000000
vt 0.457088 0.682160 0.000000
vt 0.462150 0.675802 0.000000
vt 0.460263 0.675794 0.000000
vt 0.460089 0.670136 0.000000
vt 0.458308 0.671057 0.000000
vt 0.458683 0.665401 0.000000
vt 0.456881 0.665122 0.000000
vt 0.460712 0.662875 0.000000
vt 0.459522 0.661437 0.000000
vt 0.463569 0.661584 0.000000
vt 0.464000 0.659776 0.000000
vt 0.910831 0.781768 0.000000
vt 0.906389 0.775845 0.000000
vt 0.903428 0.778066 0.000000
vt 0.907870 0.783989 0.000000
vt 0.913792 0.788801 0.000000
vt 0.915273 0.787691 0.000000
vt 0.900466 0.771033 0.000000
vt 0.910831 0.772514 0.000000
vt 0.913052 0.766221 0.000000
vt 0.890102 0.778807 0.000000
vt 0.897505 0.782508 0.000000
vt 0.900466 0.780287 0.000000
vt 0.907129 0.798425 0.000000
vt 0.903058 0.789912 0.000000
vt 0.897875 0.789171 0.000000
vt 0.905649 0.799536 0.000000
vt 0.915273 0.769183 0.000000
vt 0.912312 0.789912 0.000000
vt 0.908610 0.797315 0.000000
vt 0.910831 0.763260 0.000000
vt 0.022412 0.792645 0.000000
vt 0.022019 0.790766 0.000000
vt 0.011325 0.791093 0.000000
vt 0.010577 0.792758 0.000000
vt 0.009726 0.788740 0.000000
vt 0.007953 0.789203 0.000000
vt 0.009765 0.786051 0.000000
vt 0.008431 0.784810 0.000000
vt 0.019339 0.781273 0.000000
vt 0.018749 0.779517 0.000000
vt 0.029730 0.776100 0.000000
vt 0.028326 0.774891 0.000000
vt 0.031085 0.770171 0.000000
vt 0.029220 0.770155 0.000000
vt 0.029346 0.764337 0.000000
vt 0.028008 0.765636 0.000000
vt 0.018858 0.759384 0.000000
vt 0.018177 0.761225 0.000000
vt 0.009770 0.754250 0.000000
vt 0.008274 0.755300 0.000000
vt 0.009703 0.751447 0.000000
vt 0.007953 0.750916 0.000000
vt 0.011250 0.749208 0.000000
vt 0.010769 0.747452 0.000000
vt 0.022255 0.750148 0.000000
vt 0.022636 0.748276 0.000000
vt 0.032544 0.754650 0.000000
vt 0.033636 0.753183 0.000000
vt 0.033275 0.756172 0.000000
vt 0.034785 0.755219 0.000000
vt 0.034217 0.758094 0.000000
vt 0.035724 0.756819 0.000000
vt 0.035666 0.759506 0.000000
vt 0.037130 0.758195 0.000000
vt 0.036753 0.760605 0.000000
vt 0.038565 0.760143 0.000000
vt 0.037261 0.770400 0.000000
vt 0.039176 0.770418 0.000000
vt 0.036357 0.780032 0.000000
vt 0.038065 0.780682 0.000000
vt 0.035198 0.781253 0.000000
vt 0.036548 0.782416 0.000000
vt 0.033727 0.782806 0.000000
vt 0.035415 0.783843 0.000000
vt 0.032943 0.784688 0.000000
vt 0.034633 0.785667 0.000000
vt 0.032323 0.786142 0.000000
vt 0.033366 0.787713 0.000000
vt 0.941746 0.836006 0.000000
vt 0.945448 0.824901 0.000000
vt 0.938045 0.824901 0.000000
vt 0.939896 0.836006 0.000000
vt 0.963956 0.824901 0.000000
vt 0.956553 0.824901 0.000000
vt 0.960254 0.836006 0.000000
vt 0.962105 0.836006 0.000000
vt 0.960254 0.813796 0.000000
vt 0.956553 0.813796 0.000000
vt 0.941746 0.813796 0.000000
vt 0.938045 0.813796 0.000000
vt 0.945448 0.836006 0.000000
vt 0.941746 0.837856 0.000000
vt 0.951000 0.839707 0.000000
vt 0.951000 0.836006 0.000000
vt 0.956553 0.836006 0.000000
vt 0.960254 0.837856 0.000000
vt 0.941746 0.839707 0.000000
vt 0.960254 0.839707 0.000000
vt 0.938045 0.836006 0.000000
vt 0.963956 0.836006 0.000000
vt 0.945448 0.813796 0.000000
vt 0.963956 0.813796 0.000000
vt 0.023186 0.849538 0.000000
vt 0.021397 0.848826 0.000000
vt 0.014800 0.859049 0.000000
vt 0.015823 0.860574 0.000000
vt 0.011967 0.858958 0.000000
vt 0.011391 0.860696 0.000000
vt 0.009721 0.857306 0.000000
vt 0.007953 0.857756 0.000000
vt 0.010892 0.846201 0.000000
vt 0.009082 0.845742 0.000000
vt 0.013192 0.834347 0.000000
vt 0.011305 0.834512 0.000000
vt 0.010703 0.826732 0.000000
vt 0.008894 0.827533 0.000000
vt 0.009653 0.819894 0.000000
vt 0.007953 0.819428 0.000000
vt 0.010579 0.819007 0.000000
vt 0.009825 0.817502 0.000000
vt 0.011702 0.818647 0.000000
vt 0.012548 0.817024 0.000000
vt 0.019575 0.826260 0.000000
vt 0.021232 0.825339 0.000000
vt 0.024064 0.836380 0.000000
vt 0.025940 0.836323 0.000000
vt 0.408949 0.824659 0.000000
vt 0.405869 0.813366 0.000000
vt 0.398683 0.815932 0.000000
vt 0.405869 0.826712 0.000000
vt 0.405869 0.800019 0.000000
vt 0.411002 0.794373 0.000000
vt 0.409976 0.792833 0.000000
vt 0.400736 0.798993 0.000000
vt 0.399709 0.804126 0.000000
vt 0.391496 0.805153 0.000000
vt 0.412029 0.795913 0.000000
vt 0.412029 0.822605 0.000000
vt 0.459466 0.822404 0.000000
vt 0.457677 0.821693 0.000000
vt 0.451080 0.831916 0.000000
vt 0.452103 0.833440 0.000000
vt 0.448247 0.831825 0.000000
vt 0.447671 0.833563 0.000000
vt 0.446001 0.830172 0.000000
vt 0.444233 0.830622 0.000000
vt 0.447172 0.819068 0.000000
vt 0.445362 0.818608 0.000000
vt 0.449472 0.807214 0.000000
vt 0.447585 0.807379 0.000000
vt 0.446983 0.799599 0.000000
vt 0.445174 0.800399 0.000000
vt 0.445933 0.792760 0.000000
vt 0.444233 0.792295 0.000000
vt 0.446859 0.791874 0.000000
vt 0.446105 0.790368 0.000000
vt 0.447982 0.791514 0.000000
vt 0.448829 0.789891 0.000000
vt 0.455855 0.799126 0.000000
vt 0.457512 0.798205 0.000000
vt 0.460344 0.809247 0.000000
vt 0.462220 0.809189 0.000000
vt 0.504835 0.835762 0.000000
vt 0.501755 0.824469 0.000000
vt 0.494568 0.827036 0.000000
vt 0.501755 0.837816 0.000000
vt 0.501755 0.811123 0.000000
vt 0.506888 0.805476 0.000000
vt 0.505861 0.803937 0.000000
vt 0.496622 0.810096 0.000000
vt 0.495595 0.815230 0.000000
vt 0.487382 0.816256 0.000000
vt 0.507915 0.807016 0.000000
vt 0.507915 0.833709 0.000000
vt 0.590534 0.715393 0.000000
vt 0.590385 0.717307 0.000000
vt 0.595135 0.718724 0.000000
vt 0.596436 0.717474 0.000000
vt 0.596048 0.721714 0.000000
vt 0.597918 0.721616 0.000000
vt 0.595470 0.724637 0.000000
vt 0.596728 0.725921 0.000000
vt 0.590592 0.726764 0.000000
vt 0.591093 0.728486 0.000000
vt 0.585024 0.729476 0.000000
vt 0.586444 0.730658 0.000000
vt 0.584028 0.733786 0.000000
vt 0.585857 0.733731 0.000000
vt 0.585637 0.737905 0.000000
vt 0.586936 0.736545 0.000000
vt 0.591152 0.740484 0.000000
vt 0.591837 0.738609 0.000000
vt 0.595652 0.742796 0.000000
vt 0.597153 0.741768 0.000000
vt 0.596064 0.745879 0.000000
vt 0.597918 0.746110 0.000000
vt 0.594963 0.748647 0.000000
vt 0.595960 0.750140 0.000000
vt 0.589751 0.749825 0.000000
vt 0.589950 0.751732 0.000000
vt 0.584473 0.749417 0.000000
vt 0.583752 0.751045 0.000000
vt 0.583310 0.748186 0.000000
vt 0.582126 0.749504 0.000000
vt 0.581837 0.746629 0.000000
vt 0.580823 0.748340 0.000000
vt 0.579944 0.745830 0.000000
vt 0.579096 0.747633 0.000000
vt 0.578453 0.745261 0.000000
vt 0.577165 0.746441 0.000000
vt 0.577577 0.743684 0.000000
vt 0.576117 0.744585 0.000000
vt 0.576434 0.741713 0.000000
vt 0.575284 0.743227 0.000000
vt 0.570909 0.739067 0.000000
vt 0.570187 0.740924 0.000000
vt 0.566409 0.736449 0.000000
vt 0.564885 0.737439 0.000000
vt 0.565967 0.733179 0.000000
vt 0.564090 0.733025 0.000000
vt 0.566815 0.730161 0.000000
vt 0.565655 0.728777 0.000000
vt 0.571767 0.728207 0.000000
vt 0.571377 0.726443 0.000000
vt 0.577443 0.725891 0.000000
vt 0.576190 0.724386 0.000000
vt 0.578622 0.724014 0.000000
vt 0.576992 0.722894 0.000000
vt 0.579343 0.722537 0.000000
vt 0.578305 0.721121 0.000000
vt 0.580948 0.721782 0.000000
vt 0.580194 0.720205 0.000000
vt 0.582913 0.720890 0.000000
vt 0.581623 0.719370 0.000000
vt 0.584195 0.719299 0.000000
vt 0.582778 0.717916 0.000000
vt 0.585143 0.718064 0.000000
vt 0.584447 0.716318 0.000000
vt 0.384516 0.960038 0.000000
vt 0.384516 0.965591 0.000000
vt 0.391920 0.965591 0.000000
vt 0.391920 0.960038 0.000000
vt 0.384516 0.969292 0.000000
vt 0.382666 0.965591 0.000000
vt 0.380815 0.967441 0.000000
vt 0.380815 0.969292 0.000000
vt 0.391920 0.969292 0.000000
vt 0.395621 0.967441 0.000000
vt 0.393770 0.965591 0.000000
vt 0.399323 0.974845 0.000000
vt 0.397472 0.969292 0.000000
vt 0.395621 0.969292 0.000000
vt 0.391920 0.974845 0.000000
vt 0.377113 0.974845 0.000000
vt 0.384516 0.974845 0.000000
vt 0.378964 0.969292 0.000000
vt 0.380815 0.980397 0.000000
vt 0.384516 0.980397 0.000000
vt 0.395621 0.980397 0.000000
vt 0.399323 0.980397 0.000000
vt 0.388218 0.954486 0.000000
vt 0.391920 0.954486 0.000000
vt 0.388218 0.969292 0.000000
vt 0.395621 0.965591 0.000000
vt 0.380815 0.965591 0.000000
vt 0.399323 0.969292 0.000000
vt 0.377113 0.969292 0.000000
vt 0.391920 0.980397 0.000000
vt 0.377113 0.980397 0.000000
vt 0.384516 0.954486 0.000000
vt 0.399935 0.608968 0.000000
vt 0.400569 0.610796 0.000000
vt 0.403672 0.610559 0.000000
vt 0.404607 0.608982 0.000000
vt 0.405580 0.613258 0.000000
vt 0.407408 0.612624 0.000000
vt 0.405823 0.616358 0.000000
vt 0.407404 0.617287 0.000000
vt 0.403129 0.618270 0.000000
vt 0.403771 0.620096 0.000000
vt 0.400029 0.618519 0.000000
vt 0.399103 0.620101 0.000000
vt 0.398117 0.615818 0.000000
vt 0.396290 0.616458 0.000000
vt 0.397871 0.612711 0.000000
vt 0.396290 0.611783 0.000000
vt 0.154391 0.112750 0.000000
vt 0.150689 0.109048 0.000000
vt 0.146987 0.112750 0.000000
vt 0.150689 0.116452 0.000000
vt 0.154391 0.109048 0.000000
vt 0.146987 0.116452 0.000000
vt 0.146987 0.109048 0.000000
vt 0.154391 0.116452 0.000000
# 2352 texture coordinates

o TEXT_1
usemtl TASK FAILED
f 1540/1591/3 1556/1590/3 1555/1589/3 1539/1588/3
f 1541/1593/4 1557/1592/4 1556/1590/4 1540/1591/4
f 1542/1595/4 1558/1594/4 1557/1592/4 1541/1593/4
f 1543/1597/2 1559/1596/2 1558/1594/2 1542/1595/2
f 1544/1599/2 1560/1598/2 1559/1596/2 1543/1597/2
f 1545/1601/5 1561/1600/5 1560/1598/5 1544/1599/5
f 1546/1603/5 1562/1602/5 1561/1600/5 1545/1601/5
f 1547/1605/2 1563/1604/2 1562/1602/2 1546/1603/2
f 1548/1607/2 1564/1606/2 1563/1604/2 1547/1605/2
f 1549/1609/5 1565/1608/5 1564/1606/5 1548/1607/5
f 1550/1611/5 1566/1610/5 1565/1608/5 1549/1609/5
f 1551/1613/3 1567/1612/3 1566/1610/3 1550/1611/3
f 1552/1615/3 1568/1614/3 1567/1612/3 1551/1613/3
f 1553/1617/5 1569/1616/5 1568/1614/5 1552/1615/5
f 1554/1619/5 1570/1618/5 1569/1616/5 1553/1617/5
f 1539/1588/3 1555/1589/3 1570/1618/3 1554/1619/3
f 3115/1623/1 3114/1622/1 3120/1621/1 3119/1620/1
f 3121/1626/1 3120/1621/1 3109/1625/1 3108/1624/1
f 3109/1625/1 3114/1622/1 3113/1628/1 3110/1627/1
f 3116/1630/1 3115/1623/1 3119/1620/1 3117/1629/1
f 3113/1628/1 3112/1632/6 3111/1631/1
f 3107/1634/1 3122/1633/1 3121/1626/1
f 3119/1620/1 3118/1635/1 3117/1629/1
f 3113/1628/1 3111/1631/1 3110/1627/1
f 3108/1624/1 3107/1634/1 3121/1626/1
f 3109/1625/1 3120/1621/1 3114/1622/1
f 1572/1639/3 1620/1638/3 1619/1637/3 1571/1636/3
f 1573/1641/4 1621/1640/4 1620/1638/4 1572/1639/4
f 1574/1643/4 1622/1642/4 1621/1640/4 1573/1641/4
f 1575/1645/2 1623/1644/2 1622/1642/2 1574/1643/2
f 1576/1647/2 1624/1646/2 1623/1644/2 1575/1645/2
f 1577/1649/4 1625/1648/4 1624/1646/4 1576/1647/4
f 1578/1651/4 1626/1650/4 1625/1648/4 1577/1649/4
f 1579/1653/2 1627/1652/2 1626/1650/2 1578/1651/2
f 1580/1655/2 1628/1654/2 1627/1652/2 1579/1653/2
f 1581/1657/4 1629/1656/4 1628/1654/4 1580/1655/4
f 1582/1659/4 1630/1658/4 1629/1656/4 1581/1657/4
f 1583/1661/2 1631/1660/2 1630/1658/2 1582/1659/2
f 1584/1663/2 1632/1662/2 1631/1660/2 1583/1661/2
f 1585/1665/5 1633/1664/5 1632/1662/5 1584/1663/5
f 1586/1667/5 1634/1666/5 1633/1664/5 1585/1665/5
f 1587/1669/3 1635/1668/3 1634/1666/3 1586/1667/3
f 1588/1671/3 1636/1670/3 1635/1668/3 1587/1669/3
f 1589/1673/5 1637/1672/5 1636/1670/5 1588/1671/5
f 1590/1675/5 1638/1674/5 1637/1672/5 1589/1673/5
f 1591/1677/2 1639/1676/2 1638/1674/2 1590/1675/2
f 1592/1679/2 1640/1678/2 1639/1676/2 1591/1677/2
f 1593/1681/5 1641/1680/5 1640/1678/5 1592/1679/5
f 1594/1683/5 1642/1682/5 1641/1680/5 1593/1681/5
f 1595/1685/3 1643/1684/3 1642/1682/3 1594/1683/3
f 1596/1687/3 1644/1686/3 1643/1684/3 1595/1685/3
f 1597/1689/4 1645/1688/4 1644/1686/4 1596/1687/4
f 1598/1691/4 1646/1690/4 1645/1688/4 1597/1689/4
f 1599/1693/3 1647/1692/3 1646/1690/3 1598/1691/3
f 1600/1695/3 1648/1694/3 1647/1692/3 1599/1693/3
f 1601/1697/4 1649/1696/4 1648/1694/4 1600/1695/4
f 1602/1699/4 1650/1698/4 1649/1696/4 1601/1697/4
f 1571/1636/3 1619/1637/3 1650/1698/3 1602/1699/3
f 1604/1703/3 1652/1702/3 1651/1701/3 1603/1700/3
f 1605/1705/5 1653/1704/5 1652/1702/5 1604/1703/5
f 1606/1707/5 1654/1706/5 1653/1704/5 1605/1705/5
f 1607/1709/2 1655/1708/2 1654/1706/2 1606/1707/2
f 1608/1711/2 1656/1710/2 1655/1708/2 1607/1709/2
f 1609/1713/5 1657/1712/5 1656/1710/5 1608/1711/5
f 1610/1715/5 1658/1714/5 1657/1712/5 1609/1713/5
f 1611/1717/2 1659/1716/2 1658/1714/2 1610/1715/2
f 1612/1719/2 1660/1718/2 1659/1716/2 1611/1717/2
f 1613/1721/4 1661/1720/4 1660/1718/4 1612/1719/4
f 1614/1723/4 1662/1722/4 1661/1720/4 1613/1721/4
f 1615/1725/3 1663/1724/3 1662/1722/3 1614/1723/3
f 1616/1727/3 1664/1726/3 1663/1724/3 1615/1725/3
f 1617/1729/5 1665/1728/5 1664/1726/5 1616/1727/5
f 1618/1731/5 1666/1730/5 1665/1728/5 1617/1729/5
f 1603/1700/3 1651/1701/3 1666/1730/3 1618/1731/3
f 3165/1735/1 3164/1734/1 3142/1733/1 3141/1732/1
f 3166/1737/1 3165/1735/1 3141/1732/1 3140/1736/1
f 3128/1741/1 3168/1740/1 3131/1739/1 3129/1738/1
f 3154/1745/1 3153/1744/1 3151/1743/1 3162/1742/1
f 3156/1748/1 3155/1747/1 3169/1746/1 3128/1741/1
f 3158/1751/1 3154/1745/1 3161/1750/1 3159/1749/1
f 3149/1754/1 3147/1753/1 3164/1734/1 3150/1752/1
f 3124/1757/1 3123/1756/1 3158/1751/1 3125/1755/1
f 3137/1760/1 3135/1759/1 3140/1736/1 3139/1758/1
f 3132/1762/1 3167/1761/1 3166/1737/1 3135/1759/1
f 3145/1764/1 3143/1763/1 3142/1733/1 3147/1753/1
f 3126/1766/1 3125/1755/1 3156/1748/1 3127/1765/1
f 3131/1739/1 3168/1740/1 3167/1761/1 3132/1762/1
f 3151/1743/1 3150/1752/1 3163/1767/1 3162/1742/1
f 3157/1768/1 3156/1748/1 3125/1755/1
f 3155/1747/1 3170/1769/1 3169/1746/1
f 3161/1750/1 3160/1770/6 3159/1749/1
f 3153/1744/1 3152/1771/1 3151/1743/1
f 3131/1739/1 3130/1772/1 3129/1738/1
f 3158/1751/1 3157/1768/1 3125/1755/1
f 3145/1764/1 3144/1773/6 3143/1763/1
f 3139/1758/1 3138/1774/1 3137/1760/1
f 3128/1741/1 3127/1765/1 3156/1748/1
f 3128/1741/1 3169/1746/1 3168/1740/1
f 3158/1751/1 3123/1756/1 3154/1745/1
f 3162/1742/1 3161/1750/1 3154/1745/1
f 3149/1754/1 3148/1775/1 3147/1753/1
f 3135/1759/1 3134/1777/1 3133/1776/1
f 3147/1753/1 3146/1778/1 3145/1764/1
f 3137/1760/1 3136/1779/6 3135/1759/1
f 3135/1759/1 3133/1776/1 3132/1762/1
f 3140/1736/1 3135/1759/1 3166/1737/1
f 3147/1753/1 3142/1733/1 3164/1734/1
f 3163/1767/1 3150/1752/1 3164/1734/1
f 1668/1783/3 1724/1782/3 1723/1781/3 1667/1780/3
f 1669/1785/4 1725/1784/4 1724/1782/4 1668/1783/4
f 1670/1787/4 1726/1786/4 1725/1784/4 1669/1785/4
f 1671/1789/2 1727/1788/2 1726/1786/2 1670/1787/2
f 1672/1791/2 1728/1790/2 1727/1788/2 1671/1789/2
f 1673/1793/4 1729/1792/4 1728/1790/4 1672/1791/4
f 1674/1795/4 1730/1794/4 1729/1792/4 1673/1793/4
f 1675/1797/2 1731/1796/2 1730/1794/2 1674/1795/2
f 1676/1799/2 1732/1798/2 1731/1796/2 1675/1797/2
f 1677/1801/5 1733/1800/5 1732/1798/5 1676/1799/5
f 1678/1803/5 1734/1802/5 1733/1800/5 1677/1801/5
f 1679/1805/3 1735/1804/3 1734/1802/3 1678/1803/3
f 1680/1807/3 1736/1806/3 1735/1804/3 1679/1805/3
f 1681/1809/5 1737/1808/5 1736/1806/5 1680/1807/5
f 1682/1811/5 1738/1810/5 1737/1808/5 1681/1809/5
f 1683/1813/2 1739/1812/2 1738/1810/2 1682/1811/2
f 1684/1815/2 1740/1814/2 1739/1812/2 1683/1813/2
f 1685/1817/4 1741/1816/4 1740/1814/4 1684/1815/4
f 1686/1819/4 1742/1818/4 1741/1816/4 1685/1817/4
f 1687/1821/2 1743/1820/2 1742/1818/2 1686/1819/2
f 1688/1823/2 1744/1822/2 1743/1820/2 1687/1821/2
f 1689/1825/4 1745/1824/4 1744/1822/4 1688/1823/4
f 1690/1827/4 1746/1826/4 1745/1824/4 1689/1825/4
f 1691/1829/2 1747/1828/2 1746/1826/2 1690/1827/2
f 1692/1831/2 1748/1830/2 1747/1828/2 1691/1829/2
f 1693/1833/5 1749/1832/5 1748/1830/5 1692/1831/5
f 1694/1835/5 1750/1834/5 1749/1832/5 1693/1833/5
f 1695/1837/2 1751/1836/2 1750/1834/2 1694/1835/2
f 1696/1839/2 1752/1838/2 1751/1836/2 1695/1837/2
f 1697/1841/5 1753/1840/5 1752/1838/5 1696/1839/5
f 1698/1843/5 1754/1842/5 1753/1840/5 1697/1841/5
f 1699/1845/3 1755/1844/3 1754/1842/3 1698/1843/3
f 1700/1847/3 1756/1846/3 1755/1844/3 1699/1845/3
f 1701/1849/5 1757/1848/5 1756/1846/5 1700/1847/5
f 1702/1851/5 1758/1850/5 1757/1848/5 1701/1849/5
f 1703/1853/3 1759/1852/3 1758/1850/3 1702/1851/3
f 1704/1855/3 1760/1854/3 1759/1852/3 1703/1853/3
f 1705/1857/4 1761/1856/4 1760/1854/4 1704/1855/4
f 1706/1859/4 1762/1858/4 1761/1856/4 1705/1857/4
f 1707/1861/2 1763/1860/2 1762/1858/2 1706/1859/2
f 1708/1863/2 1764/1862/2 1763/1860/2 1707/1861/2
f 1709/1865/4 1765/1864/4 1764/1862/4 1708/1863/4
f 1710/1867/4 1766/1866/4 1765/1864/4 1709/1865/4
f 1711/1869/3 1767/1868/3 1766/1866/3 1710/1867/3
f 1712/1871/3 1768/1870/3 1767/1868/3 1711/1869/3
f 1713/1873/5 1769/1872/5 1768/1870/5 1712/1871/5
f 1714/1875/5 1770/1874/5 1769/1872/5 1713/1873/5
f 1715/1877/3 1771/1876/3 1770/1874/3 1714/1875/3
f 1716/1879/3 1772/1878/3 1771/1876/3 1715/1877/3
f 1717/1881/5 1773/1880/5 1772/1878/5 1716/1879/5
f 1718/1883/5 1774/1882/5 1773/1880/5 1717/1881/5
f 1719/1885/3 1775/1884/3 1774/1882/3 1718/1883/3
f 1720/1887/3 1776/1886/3 1775/1884/3 1719/1885/3
f 1721/1889/4 1777/1888/4 1776/1886/4 1720/1887/4
f 1722/1891/4 1778/1890/4 1777/1888/4 1721/1889/4
f 1667/1780/3 1723/1781/3 1778/1890/3 1722/1891/3
f 3180/1895/1 3179/1894/1 3177/1893/1 3181/1892/1
f 3207/1899/1 3205/1898/1 3204/1897/1 3209/1896/1
f 3226/1903/1 3223/1902/1 3220/1901/1 3187/1900/1
f 3215/1907/1 3198/1906/1 3197/1905/1 3192/1904/1
f 3210/1909/1 3209/1896/1 3204/1897/1 3211/1908/1
f 3181/1892/1 3176/1912/1 3184/1911/1 3183/1910/1
f 3197/1905/1 3195/1914/1 3193/1913/1 3192/1904/1
f 3203/1918/1 3201/1917/1 3213/1916/1 3212/1915/1
f 3213/1916/1 3201/1917/1 3199/1920/1 3214/1919/1
f 3211/1908/1 3204/1897/1 3203/1918/1 3212/1915/1
f 3172/1924/1 3171/1923/1 3186/1922/1 3173/1921/1
f 3174/1926/1 3173/1921/1 3184/1911/1 3175/1925/1
f 3190/1930/1 3189/1929/1 3216/1928/1 3191/1927/1
f 3218/1934/1 3217/1933/1 3188/1932/1 3219/1931/1
f 3191/1927/1 3216/1928/1 3215/1907/1 3192/1904/1
f 3171/1923/1 3226/1903/1 3187/1900/1 3186/1922/1
f 3187/1900/1 3220/1901/1 3219/1931/1 3188/1932/1
f 3199/1920/1 3198/1906/1 3215/1907/1 3214/1919/1
f 3188/1932/1 3217/1933/1 3216/1928/1 3189/1929/1
f 3179/1894/1 3178/1935/1 3177/1893/1
f 3207/1899/1 3206/1936/1 3205/1898/1
f 3181/1892/1 3177/1893/1 3176/1912/1
f 3209/1896/1 3208/1937/1 3207/1899/1
f 3197/1905/1 3196/1938/6 3195/1914/1
f 3195/1914/1 3194/1939/1 3193/1913/1
f 3225/1941/1 3224/1940/1 3223/1902/1
f 3183/1910/1 3182/1942/1 3181/1892/1
f 3184/1911/1 3176/1912/1 3175/1925/1
f 3223/1902/1 3222/1944/1 3221/1943/1
f 3185/1945/1 3184/1911/1 3173/1921/1
f 3186/1922/1 3185/1945/1 3173/1921/1
f 3201/1917/1 3200/1946/6 3199/1920/1
f 3203/1918/1 3202/1947/1 3201/1917/1
f 3226/1903/1 3225/1941/1 3223/1902/1
f 3223/1902/1 3221/1943/1 3220/1901/1
f 1780/1951/3 1840/1950/3 1839/1949/3 1779/1948/3
f 1781/1953/4 1841/1952/4 1840/1950/4 1780/1951/4
f 1782/1955/4 1842/1954/4 1841/1952/4 1781/1953/4
f 1783/1957/2 1843/1956/2 1842/1954/2 1782/1955/2
f 1784/1959/2 1844/1958/2 1843/1956/2 1783/1957/2
f 1785/1961/4 1845/1960/4 1844/1958/4 1784/1959/4
f 1786/1963/4 1846/1962/4 1845/1960/4 1785/1961/4
f 1787/1965/3 1847/1964/3 1846/1962/3 1786/1963/3
f 1788/1967/3 1848/1966/3 1847/1964/3 1787/1965/3
f 1789/1969/4 1849/1968/4 1848/1966/4 1788/1967/4
f 1790/1971/4 1850/1970/4 1849/1968/4 1789/1969/4
f 1791/1973/3 1851/1972/3 1850/1970/3 1790/1971/3
f 1792/1975/3 1852/1974/3 1851/1972/3 1791/1973/3
f 1793/1977/4 1853/1976/4 1852/1974/4 1792/1975/4
f 1794/1979/4 1854/1978/4 1853/1976/4 1793/1977/4
f 1795/1981/3 1855/1980/3 1854/1978/3 1794/1979/3
f 1796/1983/3 1856/1982/3 1855/1980/3 1795/1981/3
f 1797/1985/4 1857/1984/4 1856/1982/4 1796/1983/4
f 1798/1987/4 1858/1986/4 1857/1984/4 1797/1985/4
f 1799/1989/2 1859/1988/2 1858/1986/2 1798/1987/2
f 1800/1991/2 1860/1990/2 1859/1988/2 1799/1989/2
f 1801/1993/5 1861/1992/5 1860/1990/5 1800/1991/5
f 1802/1995/5 1862/1994/5 1861/1992/5 1801/1993/5
f 1803/1997/2 1863/1996/2 1862/1994/2 1802/1995/2
f 1804/1999/2 1864/1998/2 1863/1996/2 1803/1997/2
f 1805/2001/5 1865/2000/5 1864/1998/5 1804/1999/5
f 1806/2003/5 1866/2002/5 1865/2000/5 1805/2001/5
f 1807/2005/2 1867/2004/2 1866/2002/2 1806/2003/2
f 1808/2007/2 1868/2006/2 1867/2004/2 1807/2005/2
f 1809/2009/5 1869/2008/5 1868/2006/5 1808/2007/5
f 1810/2011/5 1870/2010/5 1869/2008/5 1809/2009/5
f 1811/2013/2 1871/2012/2 1870/2010/2 1810/2011/2
f 1812/2015/2 1872/2014/2 1871/2012/2 1811/2013/2
f 1813/2017/4 1873/2016/4 1872/2014/4 1812/2015/4
f 1814/2019/4 1874/2018/4 1873/2016/4 1813/2017/4
f 1815/2021/2 1875/2020/2 1874/2018/2 1814/2019/2
f 1816/2023/2 1876/2022/2 1875/2020/2 1815/2021/2
f 1817/2025/4 1877/2024/4 1876/2022/4 1816/2023/4
f 1818/2027/4 1878/2026/4 1877/2024/4 1817/2025/4
f 1819/2029/2 1879/2028/2 1878/2026/2 1818/2027/2
f 1820/2031/2 1880/2030/2 1879/2028/2 1819/2029/2
f 1821/2033/4 1881/2032/4 1880/2030/4 1820/2031/4
f 1822/2035/4 1882/2034/4 1881/2032/4 1821/2033/4
f 1823/2037/2 1883/2036/2 1882/2034/2 1822/2035/2
f 1824/2039/2 1884/2038/2 1883/2036/2 1823/2037/2
f 1825/2041/5 1885/2040/5 1884/2038/5 1824/2039/5
f 1826/2043/5 1886/2042/5 1885/2040/5 1825/2041/5
f 1827/2045/3 1887/2044/3 1886/2042/3 1826/2043/3
f 1828/2047/3 1888/2046/3 1887/2044/3 1827/2045/3
f 1829/2049/5 1889/2048/5 1888/2046/5 1828/2047/5
f 1830/2051/5 1890/2050/5 1889/2048/5 1829/2049/5
f 1831/2053/3 1891/2052/3 1890/2050/3 1830/2051/3
f 1832/2055/3 1892/2054/3 1891/2052/3 1831/2053/3
f 1833/2057/5 1893/2056/5 1892/2054/5 1832/2055/5
f 1834/2059/5 1894/2058/5 1893/2056/5 1833/2057/5
f 1835/2061/2 1895/2060/2 1894/2058/2 1834/2059/2
f 1836/2063/2 1896/2062/2 1895/2060/2 1835/2061/2
f 1837/2065/5 1897/2064/5 1896/2062/5 1836/2063/5
f 1838/2067/5 1898/2066/5 1897/2064/5 1837/2065/5
f 1779/1948/3 1839/1949/3 1898/2066/3 1838/2067/3
f 3255/2071/1 3238/2070/1 3258/2069/1 3257/2068/1
f 3234/2075/1 3233/2074/1 3281/2073/1 3280/2072/1
f 3241/2078/1 3239/2077/1 3238/2070/1 3254/2076/1
f 3237/2080/1 3235/2079/1 3234/2075/1 3258/2069/1
f 3233/2074/1 3232/2082/1 3282/2081/1 3281/2073/1
f 3279/2085/1 3277/2084/1 3276/2083/1 3280/2072/1
f 3251/2088/1 3242/2087/1 3254/2076/1 3253/2086/1
f 3246/2092/1 3245/2091/1 3249/2090/1 3247/2089/1
f 3276/2083/1 3264/2094/1 3263/2093/1 3280/2072/1
f 3229/2097/1 3227/2096/1 3232/2082/1 3231/2095/1
f 3275/2100/1 3273/2099/1 3268/2098/1 3276/2083/1
f 3271/2102/1 3269/2101/1 3268/2098/1 3273/2099/1
f 3244/2105/1 3243/2104/1 3250/2103/1 3245/2091/1
f 3259/2107/1 3234/2075/1 3280/2072/1 3260/2106/1
f 3286/2109/1 3285/2108/1 3282/2081/1 3227/2096/1
f 3243/2104/1 3242/2087/1 3251/2088/1 3250/2103/1
f 3268/2098/1 3267/2110/1 3264/2094/1 3276/2083/1
f 3261/2111/1 3260/2106/1 3280/2072/1 3263/2093/1
f 3237/2080/1 3236/2112/1 3235/2079/1
f 3249/2090/1 3248/2113/6 3247/2089/1
f 3267/2110/1 3266/2115/1 3265/2114/1
f 3263/2093/1 3262/2116/1 3261/2111/1
f 3241/2078/1 3240/2117/1 3239/2077/1
f 3257/2068/1 3256/2118/6 3255/2071/1
f 3253/2086/1 3252/2119/6 3251/2088/1
f 3279/2085/1 3278/2120/1 3277/2084/1
f 3271/2102/1 3270/2121/1 3269/2101/1
f 3250/2103/1 3249/2090/1 3245/2091/1
f 3254/2076/1 3242/2087/1 3241/2078/1
f 3255/2071/1 3254/2076/1 3238/2070/1
f 3258/2069/1 3238/2070/1 3237/2080/1
f 3259/2107/1 3258/2069/1 3234/2075/1
f 3285/2108/1 3284/2123/6 3283/2122/1
f 3275/2100/1 3274/2124/1 3273/2099/1
f 3273/2099/1 3272/2125/6 3271/2102/1
f 3231/2095/1 3230/2126/1 3229/2097/1
f 3229/2097/1 3228/2127/1 3227/2096/1
f 3267/2110/1 3265/2114/1 3264/2094/1
f 3282/2081/1 3232/2082/1 3227/2096/1
f 3283/2122/1 3282/2081/1 3285/2108/1
f 1900/2131/3 1920/2130/3 1919/2129/3 1899/2128/3
f 1901/2133/4 1921/2132/4 1920/2130/4 1900/2131/4
f 1902/2135/4 1922/2134/4 1921/2132/4 1901/2133/4
f 1903/2137/2 1923/2136/2 1922/2134/2 1902/2135/2
f 1904/2139/2 1924/2138/2 1923/2136/2 1903/2137/2
f 1905/2141/5 1925/2140/5 1924/2138/5 1904/2139/5
f 1906/2143/5 1926/2142/5 1925/2140/5 1905/2141/5
f 1907/2145/2 1927/2144/2 1926/2142/2 1906/2143/2
f 1908/2147/2 1928/2146/2 1927/2144/2 1907/2145/2
f 1909/2149/4 1929/2148/4 1928/2146/4 1908/2147/4
f 1910/2151/4 1930/2150/4 1929/2148/4 1909/2149/4
f 1911/2153/2 1931/2152/2 1930/2150/2 1910/2151/2
f 1912/2155/2 1932/2154/2 1931/2152/2 1911/2153/2
f 1913/2157/5 1933/2156/5 1932/2154/5 1912/2155/5
f 1914/2159/5 1934/2158/5 1933/2156/5 1913/2157/5
f 1915/2161/2 1935/2160/2 1934/2158/2 1914/2159/2
f 1916/2163/2 1936/2162/2 1935/2160/2 1915/2161/2
f 1917/2165/5 1937/2164/5 1936/2162/5 1916/2163/5
f 1918/2167/5 1938/2166/5 1937/2164/5 1917/2165/5
f 1899/2128/3 1919/2129/3 1938/2166/3 1918/2167/3
f 3297/2171/1 3296/2170/1 3302/2169/1 3301/2168/1
f 3300/2173/1 3299/2172/1 3297/2171/1 3301/2168/1
f 3305/2176/1 3303/2175/1 3302/2169/1 3287/2174/1
f 3287/2174/1 3295/2179/1 3294/2178/1 3288/2177/1
f 3290/2183/1 3289/2182/1 3293/2181/1 3291/2180/1
f 3293/2181/1 3289/2182/1 3288/2177/1 3294/2178/1
f 3305/2176/1 3304/2184/6 3303/2175/1
f 3299/2172/1 3298/2185/1 3297/2171/1
f 3293/2181/1 3292/2186/6 3291/2180/1
f 3287/2174/1 3306/2187/1 3305/2176/1
f 3287/2174/1 3302/2169/1 3296/2170/1
f 3287/2174/1 3296/2170/1 3295/2179/1
f 1940/2191/3 1988/2190/3 1987/2189/3 1939/2188/3
f 1941/2193/4 1989/2192/4 1988/2190/4 1940/2191/4
f 1942/2195/4 1990/2194/4 1989/2192/4 1941/2193/4
f 1943/2197/2 1991/2196/2 1990/2194/2 1942/2195/2
f 1944/2199/2 1992/2198/2 1991/2196/2 1943/2197/2
f 1945/2201/4 1993/2200/4 1992/2198/4 1944/2199/4
f 1946/2203/4 1994/2202/4 1993/2200/4 1945/2201/4
f 1947/2205/2 1995/2204/2 1994/2202/2 1946/2203/2
f 1948/2207/2 1996/2206/2 1995/2204/2 1947/2205/2
f 1949/2209/4 1997/2208/4 1996/2206/4 1948/2207/4
f 1950/2211/4 1998/2210/4 1997/2208/4 1949/2209/4
f 1951/2213/2 1999/2212/2 1998/2210/2 1950/2211/2
f 1952/2215/2 2000/2214/2 1999/2212/2 1951/2213/2
f 1953/2217/5 2001/2216/5 2000/2214/5 1952/2215/5
f 1954/2219/5 2002/2218/5 2001/2216/5 1953/2217/5
f 1955/2221/3 2003/2220/3 2002/2218/3 1954/2219/3
f 1956/2223/3 2004/2222/3 2003/2220/3 1955/2221/3
f 1957/2225/5 2005/2224/5 2004/2222/5 1956/2223/5
f 1958/2227/5 2006/2226/5 2005/2224/5 1957/2225/5
f 1959/2229/2 2007/2228/2 2006/2226/2 1958/2227/2
f 1960/2231/2 2008/2230/2 2007/2228/2 1959/2229/2
f 1961/2233/5 2009/2232/5 2008/2230/5 1960/2231/5
f 1962/2235/5 2010/2234/5 2009/2232/5 1961/2233/5
f 1963/2237/3 2011/2236/3 2010/2234/3 1962/2235/3
f 1964/2239/3 2012/2238/3 2011/2236/3 1963/2237/3
f 1965/2241/4 2013/2240/4 2012/2238/4 1964/2239/4
f 1966/2243/4 2014/2242/4 2013/2240/4 1965/2241/4
f 1967/2245/3 2015/2244/3 2014/2242/3 1966/2243/3
f 1968/2247/3 2016/2246/3 2015/2244/3 1967/2245/3
f 1969/2249/4 2017/2248/4 2016/2246/4 1968/2247/4
f 1970/2251/4 2018/2250/4 2017/2248/4 1969/2249/4
f 1939/2188/3 1987/2189/3 2018/2250/3 1970/2251/3
f 1972/2255/3 2020/2254/3 2019/2253/3 1971/2252/3
f 1973/2257/5 2021/2256/5 2020/2254/5 1972/2255/5
f 1974/2259/5 2022/2258/5 2021/2256/5 1973/2257/5
f 1975/2261/2 2023/2260/2 2022/2258/2 1974/2259/2
f 1976/2263/2 2024/2262/2 2023/2260/2 1975/2261/2
f 1977/2265/5 2025/2264/5 2024/2262/5 1976/2263/5
f 1978/2267/5 2026/2266/5 2025/2264/5 1977/2265/5
f 1979/2269/2 2027/2268/2 2026/2266/2 1978/2267/2
f 1980/2271/2 2028/2270/2 2027/2268/2 1979/2269/2
f 1981/2273/4 2029/2272/4 2028/2270/4 1980/2271/4
f 1982/2275/4 2030/2274/4 2029/2272/4 1981/2273/4
f 1983/2277/3 2031/2276/3 2030/2274/3 1982/2275/3
f 1984/2279/3 2032/2278/3 2031/2276/3 1983/2277/3
f 1985/2281/5 2033/2280/5 2032/2278/5 1984/2279/5
f 1986/2283/5 2034/2282/5 2033/2280/5 1985/2281/5
f 1971/2252/3 2019/2253/3 2034/2282/3 1986/2283/3
f 3349/2287/1 3348/2286/1 3326/2285/1 3325/2284/1
f 3350/2289/1 3349/2287/1 3325/2284/1 3324/2288/1
f 3312/2293/1 3352/2292/1 3315/2291/1 3313/2290/1
f 3338/2297/1 3337/2296/1 3335/2295/1 3346/2294/1
f 3340/2300/1 3339/2299/1 3353/2298/1 3312/2293/1
f 3342/2303/1 3338/2297/1 3345/2302/1 3343/2301/1
f 3333/2306/1 3331/2305/1 3348/2286/1 3334/2304/1
f 3308/2309/1 3307/2308/1 3342/2303/1 3309/2307/1
f 3321/2312/1 3319/2311/1 3324/2288/1 3323/2310/1
f 3316/2314/1 3351/2313/1 3350/2289/1 3319/2311/1
f 3329/2316/1 3327/2315/1 3326/2285/1 3331/2305/1
f 3310/2318/1 3309/2307/1 3340/2300/1 3311/2317/1
f 3315/2291/1 3352/2292/1 3351/2313/1 3316/2314/1
f 3335/2295/1 3334/2304/1 3347/2319/1 3346/2294/1
f 3341/2320/1 3340/2300/1 3309/2307/1
f 3339/2299/1 3354/2321/1 3353/2298/1
f 3345/2302/1 3344/2322/6 3343/2301/1
f 3337/2296/1 3336/2323/1 3335/2295/1
f 3315/2291/1 3314/2324/1 3313/2290/1
f 3342/2303/1 3341/2320/1 3309/2307/1
f 3329/2316/1 3328/2325/6 3327/2315/1
f 3323/2310/1 3322/2326/1 3321/2312/1
f 3312/2293/1 3311/2317/1 3340/2300/1
f 3312/2293/1 3353/2298/1 3352/2292/1
f 3342/2303/1 3307/2308/1 3338/2297/1
f 3346/2294/1 3345/2302/1 3338/2297/1
f 3333/2306/1 3332/2327/1 3331/2305/1
f 3319/2311/1 3318/2329/1 3317/2328/1
f 3331/2305/1 3330/2330/1 3329/2316/1
f 3321/2312/1 3320/2331/6 3319/2311/1
f 3319/2311/1 3317/2328/1 3316/2314/1
f 3324/2288/1 3319/2311/1 3350/2289/1
f 3331/2305/1 3326/2285/1 3348/2286/1
f 3347/2319/1 3334/2304/1 3348/2286/1
f 2036/2335/3 2060/2334/3 2059/2333/3 2035/2332/3
f 2037/2337/4 2061/2336/4 2060/2334/4 2036/2335/4
f 2038/2339/4 2062/2338/4 2061/2336/4 2037/2337/4
f 2039/2341/2 2063/2340/2 2062/2338/2 2038/2339/2
f 2040/2343/2 2064/2342/2 2063/2340/2 2039/2341/2
f 2041/2345/5 2065/2344/5 2064/2342/5 2040/2343/5
f 2042/2347/5 2066/2346/5 2065/2344/5 2041/2345/5
f 2043/2349/2 2067/2348/2 2066/2346/2 2042/2347/2
f 2044/2351/2 2068/2350/2 2067/2348/2 2043/2349/2
f 2045/2353/4 2069/2352/4 2068/2350/4 2044/2351/4
f 2046/2355/4 2070/2354/4 2069/2352/4 2045/2353/4
f 2047/2357/2 2071/2356/2 2070/2354/2 2046/2355/2
f 2048/2359/2 2072/2358/2 2071/2356/2 2047/2357/2
f 2049/2361/5 2073/2360/5 2072/2358/5 2048/2359/5
f 2050/2363/5 2074/2362/5 2073/2360/5 2049/2361/5
f 2051/2365/3 2075/2364/3 2074/2362/3 2050/2363/3
f 2052/2367/3 2076/2366/3 2075/2364/3 2051/2365/3
f 2053/2369/4 2077/2368/4 2076/2366/4 2052/2367/4
f 2054/2371/4 2078/2370/4 2077/2368/4 2053/2369/4
f 2055/2373/3 2079/2372/3 2078/2370/3 2054/2371/3
f 2056/2375/3 2080/2374/3 2079/2372/3 2055/2373/3
f 2057/2377/5 2081/2376/5 2080/2374/5 2056/2375/5
f 2058/2379/5 2082/2378/5 2081/2376/5 2057/2377/5
f 2035/2332/3 2059/2333/3 2082/2378/3 2058/2379/3
f 3375/2383/1 3374/2382/1 3364/2381/1 3363/2380/1
f 3376/2385/1 3375/2383/1 3363/2380/1 3362/2384/1
f 3367/2388/1 3365/2387/1 3364/2381/1 3369/2386/1
f 3359/2391/1 3357/2390/1 3362/2384/1 3361/2389/1
f 3355/2393/1 3377/2392/1 3376/2385/1 3357/2390/1
f 3369/2386/1 3374/2382/1 3373/2395/1 3371/2394/1
f 3361/2389/1 3360/2396/6 3359/2391/1
f 3373/2395/1 3372/2397/1 3371/2394/1
f 3367/2388/1 3366/2398/1 3365/2387/1
f 3355/2393/1 3378/2399/1 3377/2392/1
f 3369/2386/1 3368/2400/6 3367/2388/1
f 3359/2391/1 3358/2401/1 3357/2390/1
f 3357/2390/1 3356/2402/1 3355/2393/1
f 3371/2394/1 3370/2403/1 3369/2386/1
f 3362/2384/1 3357/2390/1 3376/2385/1
f 3369/2386/1 3364/2381/1 3374/2382/1
f 2084/2407/3 2096/2406/3 2095/2405/3 2083/2404/3
f 2085/2409/4 2097/2408/4 2096/2406/4 2084/2407/4
f 2086/2411/4 2098/2410/4 2097/2408/4 2085/2409/4
f 2087/2413/2 2099/2412/2 2098/2410/2 2086/2411/2
f 2088/2415/2 2100/2414/2 2099/2412/2 2087/2413/2
f 2089/2417/4 2101/2416/4 2100/2414/4 2088/2415/4
f 2090/2419/4 2102/2418/4 2101/2416/4 2089/2417/4
f 2091/2421/2 2103/2420/2 2102/2418/2 2090/2419/2
f 2092/2423/2 2104/2422/2 2103/2420/2 2091/2421/2
f 2093/2425/5 2105/2424/5 2104/2422/5 2092/2423/5
f 2094/2427/5 2106/2426/5 2105/2424/5 2093/2425/5
f 2083/2404/3 2095/2405/3 2106/2426/3 2094/2427/3
f 3380/2431/1 3379/2430/1 3383/2429/1 3381/2428/1
f 3389/2435/1 3388/2434/1 3387/2433/1 3385/2432/1
f 3383/2429/1 3379/2430/1 3390/2437/1 3384/2436/1
f 3390/2437/1 3389/2435/1 3385/2432/1 3384/2436/1
f 3387/2433/1 3386/2438/1 3385/2432/1
f 3383/2429/1 3382/2439/1 3381/2428/1
f 2108/2443/3 2132/2442/3 2131/2441/3 2107/2440/3
f 2109/2445/4 2133/2444/4 2132/2442/4 2108/2443/4
f 2110/2447/4 2134/2446/4 2133/2444/4 2109/2445/4
f 2111/2449/2 2135/2448/2 2134/2446/2 2110/2447/2
f 2112/2451/2 2136/2450/2 2135/2448/2 2111/2449/2
f 2113/2453/5 2137/2452/5 2136/2450/5 2112/2451/5
f 2114/2455/5 2138/2454/5 2137/2452/5 2113/2453/5
f 2115/2457/2 2139/2456/2 2138/2454/2 2114/2455/2
f 2116/2459/2 2140/2458/2 2139/2456/2 2115/2457/2
f 2117/2461/4 2141/2460/4 2140/2458/4 2116/2459/4
f 2118/2463/4 2142/2462/4 2141/2460/4 2117/2461/4
f 2119/2465/2 2143/2464/2 2142/2462/2 2118/2463/2
f 2120/2467/2 2144/2466/2 2143/2464/2 2119/2465/2
f 2121/2469/5 2145/2468/5 2144/2466/5 2120/2467/5
f 2122/2471/5 2146/2470/5 2145/2468/5 2121/2469/5
f 2123/2473/2 2147/2472/2 2146/2470/2 2122/2471/2
f 2124/2475/2 2148/2474/2 2147/2472/2 2123/2473/2
f 2125/2477/4 2149/2476/4 2148/2474/4 2124/2475/4
f 2126/2479/4 2150/2478/4 2149/2476/4 2125/2477/4
f 2127/2481/2 2151/2480/2 2150/2478/2 2126/2479/2
f 2128/2483/2 2152/2482/2 2151/2480/2 2127/2481/2
f 2129/2485/5 2153/2484/5 2152/2482/5 2128/2483/5
f 2130/2487/5 2154/2486/5 2153/2484/5 2129/2485/5
f 2107/2440/3 2131/2441/3 2154/2486/3 2130/2487/3
f 3401/2491/1 3400/2490/1 3406/2489/1 3405/2488/1
f 3402/2493/1 3401/2491/1 3405/2488/1 3403/2492/1
f 3391/2497/1 3414/2496/1 3408/2495/1 3407/2494/1
f 3398/2500/1 3392/2499/1 3391/2497/1 3399/2498/1
f 3394/2504/1 3393/2503/1 3397/2502/1 3395/2501/1
f 3412/2508/1 3411/2507/1 3409/2506/1 3413/2505/1
f 3397/2502/1 3393/2503/1 3392/2499/1 3398/2500/1
f 3409/2506/1 3408/2495/1 3414/2496/1 3413/2505/1
f 3405/2488/1 3404/2509/6 3403/2492/1
f 3397/2502/1 3396/2510/6 3395/2501/1
f 3411/2507/1 3410/2511/1 3409/2506/1
f 3400/2490/1 3399/2498/1 3391/2497/1
f 3406/2489/1 3400/2490/1 3391/2497/1
f 3407/2494/1 3406/2489/1 3391/2497/1
f 2156/2515/3 2196/2514/3 2195/2513/3 2155/2512/3
f 2157/2517/4 2197/2516/4 2196/2514/4 2156/2515/4
f 2158/2519/4 2198/2518/4 2197/2516/4 2157/2517/4
f 2159/2521/2 2199/2520/2 2198/2518/2 2158/2519/2
f 2160/2523/2 2200/2522/2 2199/2520/2 2159/2521/2
f 2161/2525/4 2201/2524/4 2200/2522/4 2160/2523/4
f 2162/2527/4 2202/2526/4 2201/2524/4 2161/2525/4
f 2163/2529/2 2203/2528/2 2202/2526/2 2162/2527/2
f 2164/2531/2 2204/2530/2 2203/2528/2 2163/2529/2
f 2165/2533/4 2205/2532/4 2204/2530/4 2164/2531/4
f 2166/2535/4 2206/2534/4 2205/2532/4 2165/2533/4
f 2167/2537/2 2207/2536/2 2206/2534/2 2166/2535/2
f 2168/2539/2 2208/2538/2 2207/2536/2 2167/2537/2
f 2169/2541/5 2209/2540/5 2208/2538/5 2168/2539/5
f 2170/2543/5 2210/2542/5 2209/2540/5 2169/2541/5
f 2171/2545/2 2211/2544/2 2210/2542/2 2170/2543/2
f 2172/2547/2 2212/2546/2 2211/2544/2 2171/2545/2
f 2173/2549/5 2213/2548/5 2212/2546/5 2172/2547/5
f 2174/2551/5 2214/2550/5 2213/2548/5 2173/2549/5
f 2175/2553/2 2215/2552/2 2214/2550/2 2174/2551/2
f 2176/2555/2 2216/2554/2 2215/2552/2 2175/2553/2
f 2177/2557/5 2217/2556/5 2216/2554/5 2176/2555/5
f 2178/2559/5 2218/2558/5 2217/2556/5 2177/2557/5
f 2155/2512/3 2195/2513/3 2218/2558/3 2178/2559/3
f 2180/2563/3 2220/2562/3 2219/2561/3 2179/2560/3
f 2181/2565/5 2221/2564/5 2220/2562/5 2180/2563/5
f 2182/2567/5 2222/2566/5 2221/2564/5 2181/2565/5
f 2183/2569/2 2223/2568/2 2222/2566/2 2182/2567/2
f 2184/2571/2 2224/2570/2 2223/2568/2 2183/2569/2
f 2185/2573/4 2225/2572/4 2224/2570/4 2184/2571/4
f 2186/2575/4 2226/2574/4 2225/2572/4 2185/2573/4
f 2187/2577/3 2227/2576/3 2226/2574/3 2186/2575/3
f 2188/2579/3 2228/2578/3 2227/2576/3 2187/2577/3
f 2189/2581/4 2229/2580/4 2228/2578/4 2188/2579/4
f 2190/2583/4 2230/2582/4 2229/2580/4 2189/2581/4
f 2191/2585/3 2231/2584/3 2230/2582/3 2190/2583/3
f 2192/2587/3 2232/2586/3 2231/2584/3 2191/2585/3
f 2193/2589/5 2233/2588/5 2232/2586/5 2192/2587/5
f 2194/2591/5 2234/2590/5 2233/2588/5 2193/2589/5
f 2179/2560/3 2219/2561/3 2234/2590/3 2194/2591/3
f 3449/2595/1 3447/2594/1 3446/2593/1 3434/2592/1
f 3421/2599/1 3452/2598/1 3424/2597/1 3423/2596/1
f 3431/2602/1 3450/2601/1 3434/2592/1 3433/2600/1
f 3440/2606/1 3439/2605/1 3453/2604/1 3420/2603/1
f 3435/2609/1 3446/2593/1 3445/2608/1 3437/2607/1
f 3419/2612/1 3417/2611/1 3441/2610/1 3440/2606/1
f 3429/2616/1 3427/2615/1 3451/2614/1 3430/2613/1
f 3425/2617/1 3424/2597/1 3451/2614/1 3427/2615/1
f 3443/2621/1 3415/2620/1 3438/2619/1 3444/2618/1
f 3416/2623/1 3415/2620/1 3443/2621/1 3442/2622/1
f 3453/2604/1 3452/2598/1 3421/2599/1 3420/2603/1
f 3451/2614/1 3450/2601/1 3431/2602/1 3430/2613/1
f 3441/2610/1 3417/2611/1 3416/2623/1 3442/2622/1
f 3438/2619/1 3437/2607/1 3445/2608/1 3444/2618/1
f 3449/2595/1 3448/2624/1 3447/2594/1
f 3423/2596/1 3422/2625/1 3421/2599/1
f 3439/2605/1 3454/2626/1 3453/2604/1
f 3433/2600/1 3432/2627/6 3431/2602/1
f 3440/2606/1 3420/2603/1 3419/2612/1
f 3427/2615/1 3426/2628/1 3425/2617/1
f 3429/2616/1 3428/2629/6 3427/2615/1
f 3424/2597/1 3452/2598/1 3451/2614/1
f 3437/2607/1 3436/2630/6 3435/2609/1
f 3419/2612/1 3418/2631/1 3417/2611/1
f 3434/2592/1 3450/2601/1 3449/2595/1
f 3435/2609/1 3434/2592/1 3446/2593/1
f 2236/2635/3 2292/2634/3 2291/2633/3 2235/2632/3
f 2237/2637/4 2293/2636/4 2292/2634/4 2236/2635/4
f 2238/2639/4 2294/2638/4 2293/2636/4 2237/2637/4
f 2239/2641/2 2295/2640/2 2294/2638/2 2238/2639/2
f 2240/2643/2 2296/2642/2 2295/2640/2 2239/2641/2
f 2241/2645/4 2297/2644/4 2296/2642/4 2240/2643/4
f 2242/2647/4 2298/2646/4 2297/2644/4 2241/2645/4
f 2243/2649/2 2299/2648/2 2298/2646/2 2242/2647/2
f 2244/2651/2 2300/2650/2 2299/2648/2 2243/2649/2
f 2245/2653/5 2301/2652/5 2300/2650/5 2244/2651/5
f 2246/2655/5 2302/2654/5 2301/2652/5 2245/2653/5
f 2247/2657/3 2303/2656/3 2302/2654/3 2246/2655/3
f 2248/2659/3 2304/2658/3 2303/2656/3 2247/2657/3
f 2249/2661/5 2305/2660/5 2304/2658/5 2248/2659/5
f 2250/2663/5 2306/2662/5 2305/2660/5 2249/2661/5
f 2251/2665/2 2307/2664/2 2306/2662/2 2250/2663/2
f 2252/2667/2 2308/2666/2 2307/2664/2 2251/2665/2
f 2253/2669/4 2309/2668/4 2308/2666/4 2252/2667/4
f 2254/2671/4 2310/2670/4 2309/2668/4 2253/2669/4
f 2255/2673/2 2311/2672/2 2310/2670/2 2254/2671/2
f 2256/2675/2 2312/2674/2 2311/2672/2 2255/2673/2
f 2257/2677/4 2313/2676/4 2312/2674/4 2256/2675/4
f 2258/2679/4 2314/2678/4 2313/2676/4 2257/2677/4
f 2259/2681/2 2315/2680/2 2314/2678/2 2258/2679/2
f 2260/2683/2 2316/2682/2 2315/2680/2 2259/2681/2
f 2261/2685/5 2317/2684/5 2316/2682/5 2260/2683/5
f 2262/2687/5 2318/2686/5 2317/2684/5 2261/2685/5
f 2263/2689/2 2319/2688/2 2318/2686/2 2262/2687/2
f 2264/2691/2 2320/2690/2 2319/2688/2 2263/2689/2
f 2265/2693/5 2321/2692/5 2320/2690/5 2264/2691/5
f 2266/2695/5 2322/2694/5 2321/2692/5 2265/2693/5
f 2267/2697/3 2323/2696/3 2322/2694/3 2266/2695/3
f 2268/2699/3 2324/2698/3 2323/2696/3 2267/2697/3
f 2269/2701/5 2325/2700/5 2324/2698/5 2268/2699/5
f 2270/2703/5 2326/2702/5 2325/2700/5 2269/2701/5
f 2271/2705/3 2327/2704/3 2326/2702/3 2270/2703/3
f 2272/2707/3 2328/2706/3 2327/2704/3 2271/2705/3
f 2273/2709/4 2329/2708/4 2328/2706/4 2272/2707/4
f 2274/2711/4 2330/2710/4 2329/2708/4 2273/2709/4
f 2275/2713/2 2331/2712/2 2330/2710/2 2274/2711/2
f 2276/2715/2 2332/2714/2 2331/2712/2 2275/2713/2
f 2277/2717/4 2333/2716/4 2332/2714/4 2276/2715/4
f 2278/2719/4 2334/2718/4 2333/2716/4 2277/2717/4
f 2279/2721/3 2335/2720/3 2334/2718/3 2278/2719/3
f 2280/2723/3 2336/2722/3 2335/2720/3 2279/2721/3
f 2281/2725/5 2337/2724/5 2336/2722/5 2280/2723/5
f 2282/2727/5 2338/2726/5 2337/2724/5 2281/2725/5
f 2283/2729/3 2339/2728/3 2338/2726/3 2282/2727/3
f 2284/2731/3 2340/2730/3 2339/2728/3 2283/2729/3
f 2285/2733/5 2341/2732/5 2340/2730/5 2284/2731/5
f 2286/2735/5 2342/2734/5 2341/2732/5 2285/2733/5
f 2287/2737/3 2343/2736/3 2342/2734/3 2286/2735/3
f 2288/2739/3 2344/2738/3 2343/2736/3 2287/2737/3
f 2289/2741/4 2345/2740/4 2344/2738/4 2288/2739/4
f 2290/2743/4 2346/2742/4 2345/2740/4 2289/2741/4
f 2235/2632/3 2291/2633/3 2346/2742/3 2290/2743/3
f 3464/2747/1 3463/2746/1 3461/2745/1 3465/2744/1
f 3491/2751/1 3489/2750/1 3488/2749/1 3493/2748/1
f 3510/2755/1 3507/2754/1 3504/2753/1 3471/2752/1
f 3499/2759/1 3482/2758/1 3481/2757/1 3476/2756/1
f 3494/2761/1 3493/2748/1 3488/2749/1 3495/2760/1
f 3465/2744/1 3460/2764/1 3468/2763/1 3467/2762/1
f 3481/2757/1 3479/2766/1 3477/2765/1 3476/2756/1
f 3487/2770/1 3485/2769/1 3497/2768/1 3496/2767/1
f 3497/2768/1 3485/2769/1 3483/2772/1 3498/2771/1
f 3495/2760/1 3488/2749/1 3487/2770/1 3496/2767/1
f 3456/2776/1 3455/2775/1 3470/2774/1 3457/2773/1
f 3458/2778/1 3457/2773/1 3468/2763/1 3459/2777/1
f 3474/2782/1 3473/2781/1 3500/2780/1 3475/2779/1
f 3502/2786/1 3501/2785/1 3472/2784/1 3503/2783/1
f 3475/2779/1 3500/2780/1 3499/2759/1 3476/2756/1
f 3455/2775/1 3510/2755/1 3471/2752/1 3470/2774/1
f 3471/2752/1 3504/2753/1 3503/2783/1 3472/2784/1
f 3483/2772/1 3482/2758/1 3499/2759/1 3498/2771/1
f 3472/2784/1 3501/2785/1 3500/2780/1 3473/2781/1
f 3463/2746/1 3462/2787/1 3461/2745/1
f 3491/2751/1 3490/2788/1 3489/2750/1
f 3465/2744/1 3461/2745/1 3460/2764/1
f 3493/2748/1 3492/2789/1 3491/2751/1
f 3481/2757/1 3480/2790/6 3479/2766/1
f 3479/2766/1 3478/2791/1 3477/2765/1
f 3509/2793/1 3508/2792/1 3507/2754/1
f 3467/2762/1 3466/2794/1 3465/2744/1
f 3468/2763/1 3460/2764/1 3459/2777/1
f 3507/2754/1 3506/2796/1 3505/2795/1
f 3469/2797/1 3468/2763/1 3457/2773/1
f 3470/2774/1 3469/2797/1 3457/2773/1
f 3485/2769/1 3484/2798/6 3483/2772/1
f 3487/2770/1 3486/2799/1 3485/2769/1
f 3510/2755/1 3509/2793/1 3507/2754/1
f 3507/2754/1 3505/2795/1 3504/2753/1
f 2348/2803/3 2372/2802/3 2371/2801/3 2347/2800/3
f 2349/2805/4 2373/2804/4 2372/2802/4 2348/2803/4
f 2350/2807/4 2374/2806/4 2373/2804/4 2349/2805/4
f 2351/2809/2 2375/2808/2 2374/2806/2 2350/2807/2
f 2352/2811/2 2376/2810/2 2375/2808/2 2351/2809/2
f 2353/2813/4 2377/2812/4 2376/2810/4 2352/2811/4
f 2354/2815/4 2378/2814/4 2377/2812/4 2353/2813/4
f 2355/2817/3 2379/2816/3 2378/2814/3 2354/2815/3
f 2356/2819/3 2380/2818/3 2379/2816/3 2355/2817/3
f 2357/2821/4 2381/2820/4 2380/2818/4 2356/2819/4
f 2358/2823/4 2382/2822/4 2381/2820/4 2357/2821/4
f 2359/2825/2 2383/2824/2 2382/2822/2 2358/2823/2
f 2360/2827/2 2384/2826/2 2383/2824/2 2359/2825/2
f 2361/2829/5 2385/2828/5 2384/2826/5 2360/2827/5
f 2362/2831/5 2386/2830/5 2385/2828/5 2361/2829/5
f 2363/2833/2 2387/2832/2 2386/2830/2 2362/2831/2
f 2364/2835/2 2388/2834/2 2387/2832/2 2363/2833/2
f 2365/2837/5 2389/2836/5 2388/2834/5 2364/2835/5
f 2366/2839/5 2390/2838/5 2389/2836/5 2365/2837/5
f 2367/2841/3 2391/2840/3 2390/2838/3 2366/2839/3
f 2368/2843/3 2392/2842/3 2391/2840/3 2367/2841/3
f 2369/2845/5 2393/2844/5 2392/2842/5 2368/2843/5
f 2370/2847/5 2394/2846/5 2393/2844/5 2369/2845/5
f 2347/2800/3 2371/2801/3 2394/2846/3 2370/2847/3
f 3525/2851/1 3523/2850/1 3519/2849/1 3526/2848/1
f 3533/2855/1 3532/2854/1 3515/2853/1 3511/2852/1
f 3514/2857/1 3513/2856/1 3511/2852/1 3515/2853/1
f 3522/2859/1 3521/2858/1 3519/2849/1 3523/2850/1
f 3517/2863/1 3529/2862/1 3527/2861/1 3518/2860/1
f 3531/2865/1 3529/2862/1 3517/2863/1 3516/2864/1
f 3527/2861/1 3526/2848/1 3519/2849/1 3518/2860/1
f 3515/2853/1 3532/2854/1 3531/2865/1 3516/2864/1
f 3529/2862/1 3528/2866/6 3527/2861/1
f 3531/2865/1 3530/2867/1 3529/2862/1
f 3525/2851/1 3524/2868/6 3523/2850/1
f 3511/2852/1 3534/2869/1 3533/2855/1
f 3521/2858/1 3520/2870/1 3519/2849/1
f 3513/2856/1 3512/2871/1 3511/2852/1
f 2396/2875/3 2452/2874/3 2451/2873/3 2395/2872/3
f 2397/2877/4 2453/2876/4 2452/2874/4 2396/2875/4
f 2398/2879/4 2454/2878/4 2453/2876/4 2397/2877/4
f 2399/2881/2 2455/2880/2 2454/2878/2 2398/2879/2
f 2400/2883/2 2456/2882/2 2455/2880/2 2399/2881/2
f 2401/2885/4 2457/2884/4 2456/2882/4 2400/2883/4
f 2402/2887/4 2458/2886/4 2457/2884/4 2401/2885/4
f 2403/2889/2 2459/2888/2 2458/2886/2 2402/2887/2
f 2404/2891/2 2460/2890/2 2459/2888/2 2403/2889/2
f 2405/2893/5 2461/2892/5 2460/2890/5 2404/2891/5
f 2406/2895/5 2462/2894/5 2461/2892/5 2405/2893/5
f 2407/2897/3 2463/2896/3 2462/2894/3 2406/2895/3
f 2408/2899/3 2464/2898/3 2463/2896/3 2407/2897/3
f 2409/2901/5 2465/2900/5 2464/2898/5 2408/2899/5
f 2410/2903/5 2466/2902/5 2465/2900/5 2409/2901/5
f 2411/2905/2 2467/2904/2 2466/2902/2 2410/2903/2
f 2412/2907/2 2468/2906/2 2467/2904/2 2411/2905/2
f 2413/2909/5 2469/2908/5 2468/2906/5 2412/2907/5
f 2414/2911/5 2470/2910/5 2469/2908/5 2413/2909/5
f 2415/2913/2 2471/2912/2 2470/2910/2 2414/2911/2
f 2416/2915/2 2472/2914/2 2471/2912/2 2415/2913/2
f 2417/2917/4 2473/2916/4 2472/2914/4 2416/2915/4
f 2418/2919/4 2474/2918/4 2473/2916/4 2417/2917/4
f 2419/2921/2 2475/2920/2 2474/2918/2 2418/2919/2
f 2420/2923/2 2476/2922/2 2475/2920/2 2419/2921/2
f 2421/2925/4 2477/2924/4 2476/2922/4 2420/2923/4
f 2422/2927/4 2478/2926/4 2477/2924/4 2421/2925/4
f 2423/2929/3 2479/2928/3 2478/2926/3 2422/2927/3
f 2424/2931/3 2480/2930/3 2479/2928/3 2423/2929/3
f 2425/2933/4 2481/2932/4 2480/2930/4 2424/2931/4
f 2426/2935/4 2482/2934/4 2481/2932/4 2425/2933/4
f 2427/2937/2 2483/2936/2 2482/2934/2 2426/2935/2
f 2428/2939/2 2484/2938/2 2483/2936/2 2427/2937/2
f 2429/2941/5 2485/2940/5 2484/2938/5 2428/2939/5
f 2430/2943/5 2486/2942/5 2485/2940/5 2429/2941/5
f 2431/2945/2 2487/2944/2 2486/2942/2 2430/2943/2
f 2432/2947/2 2488/2946/2 2487/2944/2 2431/2945/2
f 2433/2949/5 2489/2948/5 2488/2946/5 2432/2947/5
f 2434/2951/5 2490/2950/5 2489/2948/5 2433/2949/5
f 2435/2953/3 2491/2952/3 2490/2950/3 2434/2951/3
f 2436/2955/3 2492/2954/3 2491/2952/3 2435/2953/3
f 2437/2957/5 2493/2956/5 2492/2954/5 2436/2955/5
f 2438/2959/5 2494/2958/5 2493/2956/5 2437/2957/5
f 2439/2961/3 2495/2960/3 2494/2958/3 2438/2959/3
f 2440/2963/3 2496/2962/3 2495/2960/3 2439/2961/3
f 2441/2965/5 2497/2964/5 2496/2962/5 2440/2963/5
f 2442/2967/5 2498/2966/5 2497/2964/5 2441/2965/5
f 2443/2969/3 2499/2968/3 2498/2966/3 2442/2967/3
f 2444/2971/3 2500/2970/3 2499/2968/3 2443/2969/3
f 2445/2973/4 2501/2972/4 2500/2970/4 2444/2971/4
f 2446/2975/4 2502/2974/4 2501/2972/4 2445/2973/4
f 2447/2977/3 2503/2976/3 2502/2974/3 2446/2975/3
f 2448/2979/3 2504/2978/3 2503/2976/3 2447/2977/3
f 2449/2981/4 2505/2980/4 2504/2978/4 2448/2979/4
f 2450/2983/4 2506/2982/4 2505/2980/4 2449/2981/4
f 2395/2872/3 2451/2873/3 2506/2982/3 2450/2983/3
f 3551/2987/1 3590/2986/1 3554/2985/1 3553/2984/1
f 3544/2991/1 3543/2990/1 3541/2989/1 3545/2988/1
f 3577/2995/1 3556/2994/1 3580/2993/1 3579/2992/1
f 3559/2998/1 3557/2997/1 3556/2994/1 3576/2996/1
f 3589/3001/1 3587/3000/1 3586/2999/1 3554/2985/1
f 3566/3005/1 3565/3004/1 3569/3003/1 3567/3002/1
f 3581/3008/1 3580/2993/1 3555/3007/1 3583/3006/1
f 3555/3007/1 3586/2999/1 3585/3009/1 3583/3006/1
f 3546/3012/1 3545/2988/1 3540/3011/1 3547/3010/1
f 3564/3015/1 3563/3014/1 3570/3013/1 3565/3004/1
f 3535/3017/1 3590/2986/1 3551/2987/1 3550/3016/1
f 3575/3019/1 3560/3018/1 3559/2998/1 3576/2996/1
f 3563/3014/1 3562/3021/1 3571/3020/1 3570/3013/1
f 3547/3010/1 3540/3011/1 3539/3023/1 3548/3022/1
f 3571/3020/1 3562/3021/1 3561/3025/1 3573/3024/1
f 3539/3023/1 3537/3027/1 3549/3026/1 3548/3022/1
f 3549/3026/1 3537/3027/1 3535/3017/1 3550/3016/1
f 3561/3025/1 3560/3018/1 3575/3019/1 3573/3024/1
f 3543/2990/1 3542/3028/1 3541/2989/1
f 3559/2998/1 3558/3029/1 3557/2997/1
f 3589/3001/1 3588/3030/1 3587/3000/1
f 3553/2984/1 3552/3031/6 3551/2987/1
f 3579/2992/1 3578/3032/1 3577/2995/1
f 3569/3003/1 3568/3033/6 3567/3002/1
f 3545/2988/1 3541/2989/1 3540/3011/1
f 3570/3013/1 3569/3003/1 3565/3004/1
f 3585/3009/1 3584/3034/1 3583/3006/1
f 3583/3006/1 3582/3035/1 3581/3008/1
f 3573/3024/1 3572/3036/6 3571/3020/1
f 3539/3023/1 3538/3037/1 3537/3027/1
f 3537/3027/1 3536/3038/1 3535/3017/1
f 3554/2985/1 3590/2986/1 3589/3001/1
f 3555/3007/1 3554/2985/1 3586/2999/1
f 3575/3019/1 3574/3039/1 3573/3024/1
f 3577/2995/1 3576/2996/1 3556/2994/1
f 3580/2993/1 3556/2994/1 3555/3007/1
f 2508/3043/3 2564/3042/3 2563/3041/3 2507/3040/3
f 2509/3045/4 2565/3044/4 2564/3042/4 2508/3043/4
f 2510/3047/4 2566/3046/4 2565/3044/4 2509/3045/4
f 2511/3049/2 2567/3048/2 2566/3046/2 2510/3047/2
f 2512/3051/2 2568/3050/2 2567/3048/2 2511/3049/2
f 2513/3053/4 2569/3052/4 2568/3050/4 2512/3051/4
f 2514/3055/4 2570/3054/4 2569/3052/4 2513/3053/4
f 2515/3057/2 2571/3056/2 2570/3054/2 2514/3055/2
f 2516/3059/2 2572/3058/2 2571/3056/2 2515/3057/2
f 2517/3061/5 2573/3060/5 2572/3058/5 2516/3059/5
f 2518/3063/5 2574/3062/5 2573/3060/5 2517/3061/5
f 2519/3065/3 2575/3064/3 2574/3062/3 2518/3063/3
f 2520/3067/3 2576/3066/3 2575/3064/3 2519/3065/3
f 2521/3069/5 2577/3068/5 2576/3066/5 2520/3067/5
f 2522/3071/5 2578/3070/5 2577/3068/5 2521/3069/5
f 2523/3073/2 2579/3072/2 2578/3070/2 2522/3071/2
f 2524/3075/2 2580/3074/2 2579/3072/2 2523/3073/2
f 2525/3077/5 2581/3076/5 2580/3074/5 2524/3075/5
f 2526/3079/5 2582/3078/5 2581/3076/5 2525/3077/5
f 2527/3081/2 2583/3080/2 2582/3078/2 2526/3079/2
f 2528/3083/2 2584/3082/2 2583/3080/2 2527/3081/2
f 2529/3085/4 2585/3084/4 2584/3082/4 2528/3083/4
f 2530/3087/4 2586/3086/4 2585/3084/4 2529/3085/4
f 2531/3089/2 2587/3088/2 2586/3086/2 2530/3087/2
f 2532/3091/2 2588/3090/2 2587/3088/2 2531/3089/2
f 2533/3093/4 2589/3092/4 2588/3090/4 2532/3091/4
f 2534/3095/4 2590/3094/4 2589/3092/4 2533/3093/4
f 2535/3097/3 2591/3096/3 2590/3094/3 2534/3095/3
f 2536/3099/3 2592/3098/3 2591/3096/3 2535/3097/3
f 2537/3101/4 2593/3100/4 2592/3098/4 2536/3099/4
f 2538/3103/4 2594/3102/4 2593/3100/4 2537/3101/4
f 2539/3105/2 2595/3104/2 2594/3102/2 2538/3103/2
f 2540/3107/2 2596/3106/2 2595/3104/2 2539/3105/2
f 2541/3109/5 2597/3108/5 2596/3106/5 2540/3107/5
f 2542/3111/5 2598/3110/5 2597/3108/5 2541/3109/5
f 2543/3113/2 2599/3112/2 2598/3110/2 2542/3111/2
f 2544/3115/2 2600/3114/2 2599/3112/2 2543/3113/2
f 2545/3117/5 2601/3116/5 2600/3114/5 2544/3115/5
f 2546/3119/5 2602/3118/5 2601/3116/5 2545/3117/5
f 2547/3121/3 2603/3120/3 2602/3118/3 2546/3119/3
f 2548/3123/3 2604/3122/3 2603/3120/3 2547/3121/3
f 2549/3125/5 2605/3124/5 2604/3122/5 2548/3123/5
f 2550/3127/5 2606/3126/5 2605/3124/5 2549/3125/5
f 2551/3129/3 2607/3128/3 2606/3126/3 2550/3127/3
f 2552/3131/3 2608/3130/3 2607/3128/3 2551/3129/3
f 2553/3133/5 2609/3132/5 2608/3130/5 2552/3131/5
f 2554/3135/5 2610/3134/5 2609/3132/5 2553/3133/5
f 2555/3137/3 2611/3136/3 2610/3134/3 2554/3135/3
f 2556/3139/3 2612/3138/3 2611/3136/3 2555/3137/3
f 2557/3141/4 2613/3140/4 2612/3138/4 2556/3139/4
f 2558/3143/4 2614/3142/4 2613/3140/4 2557/3141/4
f 2559/3145/3 2615/3144/3 2614/3142/3 2558/3143/3
f 2560/3147/3 2616/3146/3 2615/3144/3 2559/3145/3
f 2561/3149/4 2617/3148/4 2616/3146/4 2560/3147/4
f 2562/3151/4 2618/3150/4 2617/3148/4 2561/3149/4
f 2507/3040/3 2563/3041/3 2618/3150/3 2562/3151/3
f 3607/3155/1 3646/3154/1 3610/3153/1 3609/3152/1
f 3600/3159/1 3599/3158/1 3597/3157/1 3601/3156/1
f 3633/3163/1 3612/3162/1 3636/3161/1 3635/3160/1
f 3615/3166/1 3613/3165/1 3612/3162/1 3632/3164/1
f 3645/3169/1 3643/3168/1 3642/3167/1 3610/3153/1
f 3622/3173/1 3621/3172/1 3625/3171/1 3623/3170/1
f 3637/3176/1 3636/3161/1 3611/3175/1 3639/3174/1
f 3611/3175/1 3642/3167/1 3641/3177/1 3639/3174/1
f 3602/3180/1 3601/3156/1 3596/3179/1 3603/3178/1
f 3620/3183/1 3619/3182/1 3626/3181/1 3621/3172/1
f 3591/3185/1 3646/3154/1 3607/3155/1 3606/3184/1
f 3631/3187/1 3616/3186/1 3615/3166/1 3632/3164/1
f 3619/3182/1 3618/3189/1 3627/3188/1 3626/3181/1
f 3603/3178/1 3596/3179/1 3595/3191/1 3604/3190/1
f 3627/3188/1 3618/3189/1 3617/3193/1 3629/3192/1
f 3595/3191/1 3593/3195/1 3605/3194/1 3604/3190/1
f 3605/3194/1 3593/3195/1 3591/3185/1 3606/3184/1
f 3617/3193/1 3616/3186/1 3631/3187/1 3629/3192/1
f 3599/3158/1 3598/3196/1 3597/3157/1
f 3615/3166/1 3614/3197/1 3613/3165/1
f 3645/3169/1 3644/3198/1 3643/3168/1
f 3609/3152/1 3608/3199/6 3607/3155/1
f 3635/3160/1 3634/3200/1 3633/3163/1
f 3625/3171/1 3624/3201/6 3623/3170/1
f 3601/3156/1 3597/3157/1 3596/3179/1
f 3626/3181/1 3625/3171/1 3621/3172/1
f 3641/3177/1 3640/3202/1 3639/3174/1
f 3639/3174/1 3638/3203/1 3637/3176/1
f 3629/3192/1 3628/3204/6 3627/3188/1
f 3595/3191/1 3594/3205/1 3593/3195/1
f 3593/3195/1 3592/3206/1 3591/3185/1
f 3610/3153/1 3646/3154/1 3645/3169/1
f 3611/3175/1 3610/3153/1 3642/3167/1
f 3631/3187/1 3630/3207/1 3629/3192/1
f 3633/3163/1 3632/3164/1 3612/3162/1
f 3636/3161/1 3612/3162/1 3611/3175/1
f 2620/3211/3 2644/3210/3 2643/3209/3 2619/3208/3
f 2621/3213/4 2645/3212/4 2644/3210/4 2620/3211/4
f 2622/3215/4 2646/3214/4 2645/3212/4 2621/3213/4
f 2623/3217/2 2647/3216/2 2646/3214/2 2622/3215/2
f 2624/3219/2 2648/3218/2 2647/3216/2 2623/3217/2
f 2625/3221/5 2649/3220/5 2648/3218/5 2624/3219/5
f 2626/3223/5 2650/3222/5 2649/3220/5 2625/3221/5
f 2627/3225/2 2651/3224/2 2650/3222/2 2626/3223/2
f 2628/3227/2 2652/3226/2 2651/3224/2 2627/3225/2
f 2629/3229/4 2653/3228/4 2652/3226/4 2628/3227/4
f 2630/3231/4 2654/3230/4 2653/3228/4 2629/3229/4
f 2631/3233/2 2655/3232/2 2654/3230/2 2630/3231/2
f 2632/3235/2 2656/3234/2 2655/3232/2 2631/3233/2
f 2633/3237/5 2657/3236/5 2656/3234/5 2632/3235/5
f 2634/3239/5 2658/3238/5 2657/3236/5 2633/3237/5
f 2635/3241/2 2659/3240/2 2658/3238/2 2634/3239/2
f 2636/3243/2 2660/3242/2 2659/3240/2 2635/3241/2
f 2637/3245/4 2661/3244/4 2660/3242/4 2636/3243/4
f 2638/3247/4 2662/3246/4 2661/3244/4 2637/3245/4
f 2639/3249/2 2663/3248/2 2662/3246/2 2638/3247/2
f 2640/3251/2 2664/3250/2 2663/3248/2 2639/3249/2
f 2641/3253/5 2665/3252/5 2664/3250/5 2640/3251/5
f 2642/3255/5 2666/3254/5 2665/3252/5 2641/3253/5
f 2619/3208/3 2643/3209/3 2666/3254/3 2642/3255/3
f 3657/3259/1 3656/3258/1 3662/3257/1 3661/3256/1
f 3658/3261/1 3657/3259/1 3661/3256/1 3659/3260/1
f 3647/3265/1 3670/3264/1 3664/3263/1 3663/3262/1
f 3654/3268/1 3648/3267/1 3647/3265/1 3655/3266/1
f 3650/3272/1 3649/3271/1 3653/3270/1 3651/3269/1
f 3668/3276/1 3667/3275/1 3665/3274/1 3669/3273/1
f 3653/3270/1 3649/3271/1 3648/3267/1 3654/3268/1
f 3665/3274/1 3664/3263/1 3670/3264/1 3669/3273/1
f 3661/3256/1 3660/3277/6 3659/3260/1
f 3653/3270/1 3652/3278/6 3651/3269/1
f 3667/3275/1 3666/3279/1 3665/3274/1
f 3656/3258/1 3655/3266/1 3647/3265/1
f 3662/3257/1 3656/3258/1 3647/3265/1
f 3663/3262/1 3662/3257/1 3647/3265/1
f 2668/3283/3 2724/3282/3 2723/3281/3 2667/3280/3
f 2669/3285/4 2725/3284/4 2724/3282/4 2668/3283/4
f 2670/3287/4 2726/3286/4 2725/3284/4 2669/3285/4
f 2671/3289/2 2727/3288/2 2726/3286/2 2670/3287/2
f 2672/3291/2 2728/3290/2 2727/3288/2 2671/3289/2
f 2673/3293/4 2729/3292/4 2728/3290/4 2672/3291/4
f 2674/3295/4 2730/3294/4 2729/3292/4 2673/3293/4
f 2675/3297/2 2731/3296/2 2730/3294/2 2674/3295/2
f 2676/3299/2 2732/3298/2 2731/3296/2 2675/3297/2
f 2677/3301/5 2733/3300/5 2732/3298/5 2676/3299/5
f 2678/3303/5 2734/3302/5 2733/3300/5 2677/3301/5
f 2679/3305/3 2735/3304/3 2734/3302/3 2678/3303/3
f 2680/3307/3 2736/3306/3 2735/3304/3 2679/3305/3
f 2681/3309/5 2737/3308/5 2736/3306/5 2680/3307/5
f 2682/3311/5 2738/3310/5 2737/3308/5 2681/3309/5
f 2683/3313/2 2739/3312/2 2738/3310/2 2682/3311/2
f 2684/3315/2 2740/3314/2 2739/3312/2 2683/3313/2
f 2685/3317/4 2741/3316/4 2740/3314/4 2684/3315/4
f 2686/3319/4 2742/3318/4 2741/3316/4 2685/3317/4
f 2687/3321/2 2743/3320/2 2742/3318/2 2686/3319/2
f 2688/3323/2 2744/3322/2 2743/3320/2 2687/3321/2
f 2689/3325/4 2745/3324/4 2744/3322/4 2688/3323/4
f 2690/3327/4 2746/3326/4 2745/3324/4 2689/3325/4
f 2691/3329/2 2747/3328/2 2746/3326/2 2690/3327/2
f 2692/3331/2 2748/3330/2 2747/3328/2 2691/3329/2
f 2693/3333/5 2749/3332/5 2748/3330/5 2692/3331/5
f 2694/3335/5 2750/3334/5 2749/3332/5 2693/3333/5
f 2695/3337/2 2751/3336/2 2750/3334/2 2694/3335/2
f 2696/3339/2 2752/3338/2 2751/3336/2 2695/3337/2
f 2697/3341/5 2753/3340/5 2752/3338/5 2696/3339/5
f 2698/3343/5 2754/3342/5 2753/3340/5 2697/3341/5
f 2699/3345/3 2755/3344/3 2754/3342/3 2698/3343/3
f 2700/3347/3 2756/3346/3 2755/3344/3 2699/3345/3
f 2701/3349/5 2757/3348/5 2756/3346/5 2700/3347/5
f 2702/3351/5 2758/3350/5 2757/3348/5 2701/3349/5
f 2703/3353/3 2759/3352/3 2758/3350/3 2702/3351/3
f 2704/3355/3 2760/3354/3 2759/3352/3 2703/3353/3
f 2705/3357/4 2761/3356/4 2760/3354/4 2704/3355/4
f 2706/3359/4 2762/3358/4 2761/3356/4 2705/3357/4
f 2707/3361/2 2763/3360/2 2762/3358/2 2706/3359/2
f 2708/3363/2 2764/3362/2 2763/3360/2 2707/3361/2
f 2709/3365/4 2765/3364/4 2764/3362/4 2708/3363/4
f 2710/3367/4 2766/3366/4 2765/3364/4 2709/3365/4
f 2711/3369/3 2767/3368/3 2766/3366/3 2710/3367/3
f 2712/3371/3 2768/3370/3 2767/3368/3 2711/3369/3
f 2713/3373/5 2769/3372/5 2768/3370/5 2712/3371/5
f 2714/3375/5 2770/3374/5 2769/3372/5 2713/3373/5
f 2715/3377/3 2771/3376/3 2770/3374/3 2714/3375/3
f 2716/3379/3 2772/3378/3 2771/3376/3 2715/3377/3
f 2717/3381/5 2773/3380/5 2772/3378/5 2716/3379/5
f 2718/3383/5 2774/3382/5 2773/3380/5 2717/3381/5
f 2719/3385/3 2775/3384/3 2774/3382/3 2718/3383/3
f 2720/3387/3 2776/3386/3 2775/3384/3 2719/3385/3
f 2721/3389/4 2777/3388/4 2776/3386/4 2720/3387/4
f 2722/3391/4 2778/3390/4 2777/3388/4 2721/3389/4
f 2667/3280/3 2723/3281/3 2778/3390/3 2722/3391/3
f 3680/3395/1 3679/3394/1 3677/3393/1 3681/3392/1
f 3707/3399/1 3705/3398/1 3704/3397/1 3709/3396/1
f 3726/3403/1 3723/3402/1 3720/3401/1 3687/3400/1
f 3715/3407/1 3698/3406/1 3697/3405/1 3692/3404/1
f 3710/3409/1 3709/3396/1 3704/3397/1 3711/3408/1
f 3681/3392/1 3676/3412/1 3684/3411/1 3683/3410/1
f 3697/3405/1 3695/3414/1 3693/3413/1 3692/3404/1
f 3703/3418/1 3701/3417/1 3713/3416/1 3712/3415/1
f 3713/3416/1 3701/3417/1 3699/3420/1 3714/3419/1
f 3711/3408/1 3704/3397/1 3703/3418/1 3712/3415/1
f 3672/3424/1 3671/3423/1 3686/3422/1 3673/3421/1
f 3674/3426/1 3673/3421/1 3684/3411/1 3675/3425/1
f 3690/3430/1 3689/3429/1 3716/3428/1 3691/3427/1
f 3718/3434/1 3717/3433/1 3688/3432/1 3719/3431/1
f 3691/3427/1 3716/3428/1 3715/3407/1 3692/3404/1
f 3671/3423/1 3726/3403/1 3687/3400/1 3686/3422/1
f 3687/3400/1 3720/3401/1 3719/3431/1 3688/3432/1
f 3699/3420/1 3698/3406/1 3715/3407/1 3714/3419/1
f 3688/3432/1 3717/3433/1 3716/3428/1 3689/3429/1
f 3679/3394/1 3678/3435/1 3677/3393/1
f 3707/3399/1 3706/3436/1 3705/3398/1
f 3681/3392/1 3677/3393/1 3676/3412/1
f 3709/3396/1 3708/3437/1 3707/3399/1
f 3697/3405/1 3696/3438/6 3695/3414/1
f 3695/3414/1 3694/3439/1 3693/3413/1
f 3725/3441/1 3724/3440/1 3723/3402/1
f 3683/3410/1 3682/3442/1 3681/3392/1
f 3684/3411/1 3676/3412/1 3675/3425/1
f 3723/3402/1 3722/3444/1 3721/3443/1
f 3685/3445/1 3684/3411/1 3673/3421/1
f 3686/3422/1 3685/3445/1 3673/3421/1
f 3701/3417/1 3700/3446/6 3699/3420/1
f 3703/3418/1 3702/3447/1 3701/3417/1
f 3726/3403/1 3725/3441/1 3723/3402/1
f 3723/3402/1 3721/3443/1 3720/3401/1
f 2780/3451/3 2836/3450/3 2835/3449/3 2779/3448/3
f 2781/3453/4 2837/3452/4 2836/3450/4 2780/3451/4
f 2782/3455/4 2838/3454/4 2837/3452/4 2781/3453/4
f 2783/3457/2 2839/3456/2 2838/3454/2 2782/3455/2
f 2784/3459/2 2840/3458/2 2839/3456/2 2783/3457/2
f 2785/3461/4 2841/3460/4 2840/3458/4 2784/3459/4
f 2786/3463/4 2842/3462/4 2841/3460/4 2785/3461/4
f 2787/3465/2 2843/3464/2 2842/3462/2 2786/3463/2
f 2788/3467/2 2844/3466/2 2843/3464/2 2787/3465/2
f 2789/3469/5 2845/3468/5 2844/3466/5 2788/3467/5
f 2790/3471/5 2846/3470/5 2845/3468/5 2789/3469/5
f 2791/3473/3 2847/3472/3 2846/3470/3 2790/3471/3
f 2792/3475/3 2848/3474/3 2847/3472/3 2791/3473/3
f 2793/3477/5 2849/3476/5 2848/3474/5 2792/3475/5
f 2794/3479/5 2850/3478/5 2849/3476/5 2793/3477/5
f 2795/3481/2 2851/3480/2 2850/3478/2 2794/3479/2
f 2796/3483/2 2852/3482/2 2851/3480/2 2795/3481/2
f 2797/3485/4 2853/3484/4 2852/3482/4 2796/3483/4
f 2798/3487/4 2854/3486/4 2853/3484/4 2797/3485/4
f 2799/3489/2 2855/3488/2 2854/3486/2 2798/3487/2
f 2800/3491/2 2856/3490/2 2855/3488/2 2799/3489/2
f 2801/3493/4 2857/3492/4 2856/3490/4 2800/3491/4
f 2802/3495/4 2858/3494/4 2857/3492/4 2801/3493/4
f 2803/3497/2 2859/3496/2 2858/3494/2 2802/3495/2
f 2804/3499/2 2860/3498/2 2859/3496/2 2803/3497/2
f 2805/3501/5 2861/3500/5 2860/3498/5 2804/3499/5
f 2806/3503/5 2862/3502/5 2861/3500/5 2805/3501/5
f 2807/3505/2 2863/3504/2 2862/3502/2 2806/3503/2
f 2808/3507/2 2864/3506/2 2863/3504/2 2807/3505/2
f 2809/3509/5 2865/3508/5 2864/3506/5 2808/3507/5
f 2810/3511/5 2866/3510/5 2865/3508/5 2809/3509/5
f 2811/3513/3 2867/3512/3 2866/3510/3 2810/3511/3
f 2812/3515/3 2868/3514/3 2867/3512/3 2811/3513/3
f 2813/3517/5 2869/3516/5 2868/3514/5 2812/3515/5
f 2814/3519/5 2870/3518/5 2869/3516/5 2813/3517/5
f 2815/3521/3 2871/3520/3 2870/3518/3 2814/3519/3
f 2816/3523/3 2872/3522/3 2871/3520/3 2815/3521/3
f 2817/3525/4 2873/3524/4 2872/3522/4 2816/3523/4
f 2818/3527/4 2874/3526/4 2873/3524/4 2817/3525/4
f 2819/3529/2 2875/3528/2 2874/3526/2 2818/3527/2
f 2820/3531/2 2876/3530/2 2875/3528/2 2819/3529/2
f 2821/3533/4 2877/3532/4 2876/3530/4 2820/3531/4
f 2822/3535/4 2878/3534/4 2877/3532/4 2821/3533/4
f 2823/3537/3 2879/3536/3 2878/3534/3 2822/3535/3
f 2824/3539/3 2880/3538/3 2879/3536/3 2823/3537/3
f 2825/3541/5 2881/3540/5 2880/3538/5 2824/3539/5
f 2826/3543/5 2882/3542/5 2881/3540/5 2825/3541/5
f 2827/3545/3 2883/3544/3 2882/3542/3 2826/3543/3
f 2828/3547/3 2884/3546/3 2883/3544/3 2827/3545/3
f 2829/3549/5 2885/3548/5 2884/3546/5 2828/3547/5
f 2830/3551/5 2886/3550/5 2885/3548/5 2829/3549/5
f 2831/3553/3 2887/3552/3 2886/3550/3 2830/3551/3
f 2832/3555/3 2888/3554/3 2887/3552/3 2831/3553/3
f 2833/3557/4 2889/3556/4 2888/3554/4 2832/3555/4
f 2834/3559/4 2890/3558/4 2889/3556/4 2833/3557/4
f 2779/3448/3 2835/3449/3 2890/3558/3 2834/3559/3
f 3736/3563/1 3735/3562/1 3733/3561/1 3737/3560/1
f 3763/3567/1 3761/3566/1 3760/3565/1 3765/3564/1
f 3782/3571/1 3779/3570/1 3776/3569/1 3743/3568/1
f 3771/3575/1 3754/3574/1 3753/3573/1 3748/3572/1
f 3766/3577/1 3765/3564/1 3760/3565/1 3767/3576/1
f 3737/3560/1 3732/3580/1 3740/3579/1 3739/3578/1
f 3753/3573/1 3751/3582/1 3749/3581/1 3748/3572/1
f 3759/3586/1 3757/3585/1 3769/3584/1 3768/3583/1
f 3769/3584/1 3757/3585/1 3755/3588/1 3770/3587/1
f 3767/3576/1 3760/3565/1 3759/3586/1 3768/3583/1
f 3728/3592/1 3727/3591/1 3742/3590/1 3729/3589/1
f 3730/3594/1 3729/3589/1 3740/3579/1 3731/3593/1
f 3746/3598/1 3745/3597/1 3772/3596/1 3747/3595/1
f 3774/3602/1 3773/3601/1 3744/3600/1 3775/3599/1
f 3747/3595/1 3772/3596/1 3771/3575/1 3748/3572/1
f 3727/3591/1 3782/3571/1 3743/3568/1 3742/3590/1
f 3743/3568/1 3776/3569/1 3775/3599/1 3744/3600/1
f 3755/3588/1 3754/3574/1 3771/3575/1 3770/3587/1
f 3744/3600/1 3773/3601/1 3772/3596/1 3745/3597/1
f 3735/3562/1 3734/3603/1 3733/3561/1
f 3763/3567/1 3762/3604/1 3761/3566/1
f 3737/3560/1 3733/3561/1 3732/3580/1
f 3765/3564/1 3764/3605/1 3763/3567/1
f 3753/3573/1 3752/3606/6 3751/3582/1
f 3751/3582/1 3750/3607/1 3749/3581/1
f 3781/3609/1 3780/3608/1 3779/3570/1
f 3739/3578/1 3738/3610/1 3737/3560/1
f 3740/3579/1 3732/3580/1 3731/3593/1
f 3779/3570/1 3778/3612/1 3777/3611/1
f 3741/3613/1 3740/3579/1 3729/3589/1
f 3742/3590/1 3741/3613/1 3729/3589/1
f 3757/3585/1 3756/3614/6 3755/3588/1
f 3759/3586/1 3758/3615/1 3757/3585/1
f 3782/3571/1 3781/3609/1 3779/3570/1
f 3779/3570/1 3777/3611/1 3776/3569/1
f 2892/3619/3 2912/3618/3 2911/3617/3 2891/3616/3
f 2893/3621/4 2913/3620/4 2912/3618/4 2892/3619/4
f 2894/3623/4 2914/3622/4 2913/3620/4 2893/3621/4
f 2895/3625/2 2915/3624/2 2914/3622/2 2894/3623/2
f 2896/3627/2 2916/3626/2 2915/3624/2 2895/3625/2
f 2897/3629/5 2917/3628/5 2916/3626/5 2896/3627/5
f 2898/3631/5 2918/3630/5 2917/3628/5 2897/3629/5
f 2899/3633/2 2919/3632/2 2918/3630/2 2898/3631/2
f 2900/3635/2 2920/3634/2 2919/3632/2 2899/3633/2
f 2901/3637/4 2921/3636/4 2920/3634/4 2900/3635/4
f 2902/3639/4 2922/3638/4 2921/3636/4 2901/3637/4
f 2903/3641/2 2923/3640/2 2922/3638/2 2902/3639/2
f 2904/3643/2 2924/3642/2 2923/3640/2 2903/3641/2
f 2905/3645/5 2925/3644/5 2924/3642/5 2904/3643/5
f 2906/3647/5 2926/3646/5 2925/3644/5 2905/3645/5
f 2907/3649/2 2927/3648/2 2926/3646/2 2906/3647/2
f 2908/3651/2 2928/3650/2 2927/3648/2 2907/3649/2
f 2909/3653/5 2929/3652/5 2928/3650/5 2908/3651/5
f 2910/3655/5 2930/3654/5 2929/3652/5 2909/3653/5
f 2891/3616/3 2911/3617/3 2930/3654/3 2910/3655/3
f 3793/3659/1 3792/3658/1 3798/3657/1 3797/3656/1
f 3796/3661/1 3795/3660/1 3793/3659/1 3797/3656/1
f 3801/3664/1 3799/3663/1 3798/3657/1 3783/3662/1
f 3783/3662/1 3791/3667/1 3790/3666/1 3784/3665/1
f 3786/3671/1 3785/3670/1 3789/3669/1 3787/3668/1
f 3789/3669/1 3785/3670/1 3784/3665/1 3790/3666/1
f 3801/3664/1 3800/3672/6 3799/3663/1
f 3795/3660/1 3794/3673/1 3793/3659/1
f 3789/3669/1 3788/3674/6 3787/3668/1
f 3783/3662/1 3802/3675/1 3801/3664/1
f 3783/3662/1 3798/3657/1 3792/3658/1
f 3783/3662/1 3792/3658/1 3791/3667/1
f 2932/3679/3 2956/3678/3 2955/3677/3 2931/3676/3
f 2933/3681/4 2957/3680/4 2956/3678/4 2932/3679/4
f 2934/3683/4 2958/3682/4 2957/3680/4 2933/3681/4
f 2935/3685/2 2959/3684/2 2958/3682/2 2934/3683/2
f 2936/3687/2 2960/3686/2 2959/3684/2 2935/3685/2
f 2937/3689/4 2961/3688/4 2960/3686/4 2936/3687/4
f 2938/3691/4 2962/3690/4 2961/3688/4 2937/3689/4
f 2939/3693/3 2963/3692/3 2962/3690/3 2938/3691/3
f 2940/3695/3 2964/3694/3 2963/3692/3 2939/3693/3
f 2941/3697/4 2965/3696/4 2964/3694/4 2940/3695/4
f 2942/3699/4 2966/3698/4 2965/3696/4 2941/3697/4
f 2943/3701/2 2967/3700/2 2966/3698/2 2942/3699/2
f 2944/3703/2 2968/3702/2 2967/3700/2 2943/3701/2
f 2945/3705/5 2969/3704/5 2968/3702/5 2944/3703/5
f 2946/3707/5 2970/3706/5 2969/3704/5 2945/3705/5
f 2947/3709/2 2971/3708/2 2970/3706/2 2946/3707/2
f 2948/3711/2 2972/3710/2 2971/3708/2 2947/3709/2
f 2949/3713/5 2973/3712/5 2972/3710/5 2948/3711/5
f 2950/3715/5 2974/3714/5 2973/3712/5 2949/3713/5
f 2951/3717/3 2975/3716/3 2974/3714/3 2950/3715/3
f 2952/3719/3 2976/3718/3 2975/3716/3 2951/3717/3
f 2953/3721/5 2977/3720/5 2976/3718/5 2952/3719/5
f 2954/3723/5 2978/3722/5 2977/3720/5 2953/3721/5
f 2931/3676/3 2955/3677/3 2978/3722/3 2954/3723/3
f 3817/3727/1 3815/3726/1 3811/3725/1 3818/3724/1
f 3825/3731/1 3824/3730/1 3807/3729/1 3803/3728/1
f 3806/3733/1 3805/3732/1 3803/3728/1 3807/3729/1
f 3814/3735/1 3813/3734/1 3811/3725/1 3815/3726/1
f 3809/3739/1 3821/3738/1 3819/3737/1 3810/3736/1
f 3823/3741/1 3821/3738/1 3809/3739/1 3808/3740/1
f 3819/3737/1 3818/3724/1 3811/3725/1 3810/3736/1
f 3807/3729/1 3824/3730/1 3823/3741/1 3808/3740/1
f 3821/3738/1 3820/3742/6 3819/3737/1
f 3823/3741/1 3822/3743/1 3821/3738/1
f 3817/3727/1 3816/3744/6 3815/3726/1
f 3803/3728/1 3826/3745/1 3825/3731/1
f 3813/3734/1 3812/3746/1 3811/3725/1
f 3805/3732/1 3804/3747/1 3803/3728/1
f 2980/3751/3 2992/3750/3 2991/3749/3 2979/3748/3
f 2981/3753/4 2993/3752/4 2992/3750/4 2980/3751/4
f 2982/3755/4 2994/3754/4 2993/3752/4 2981/3753/4
f 2983/3757/2 2995/3756/2 2994/3754/2 2982/3755/2
f 2984/3759/2 2996/3758/2 2995/3756/2 2983/3757/2
f 2985/3761/4 2997/3760/4 2996/3758/4 2984/3759/4
f 2986/3763/4 2998/3762/4 2997/3760/4 2985/3761/4
f 2987/3765/2 2999/3764/2 2998/3762/2 2986/3763/2
f 2988/3767/2 3000/3766/2 2999/3764/2 2987/3765/2
f 2989/3769/5 3001/3768/5 3000/3766/5 2988/3767/5
f 2990/3771/5 3002/3770/5 3001/3768/5 2989/3769/5
f 2979/3748/3 2991/3749/3 3002/3770/3 2990/3771/3
f 3828/3775/1 3827/3774/1 3831/3773/1 3829/3772/1
f 3837/3779/1 3836/3778/1 3835/3777/1 3833/3776/1
f 3831/3773/1 3827/3774/1 3838/3781/1 3832/3780/1
f 3838/3781/1 3837/3779/1 3833/3776/1 3832/3780/1
f 3835/3777/1 3834/3782/1 3833/3776/1
f 3831/3773/1 3830/3783/1 3829/3772/1
f 3004/3787/3 3016/3786/3 3015/3785/3 3003/3784/3
f 3005/3789/4 3017/3788/4 3016/3786/4 3004/3787/4
f 3006/3791/4 3018/3790/4 3017/3788/4 3005/3789/4
f 3007/3793/2 3019/3792/2 3018/3790/2 3006/3791/2
f 3008/3795/2 3020/3794/2 3019/3792/2 3007/3793/2
f 3009/3797/4 3021/3796/4 3020/3794/4 3008/3795/4
f 3010/3799/4 3022/3798/4 3021/3796/4 3009/3797/4
f 3011/3801/2 3023/3800/2 3022/3798/2 3010/3799/2
f 3012/3803/2 3024/3802/2 3023/3800/2 3011/3801/2
f 3013/3805/5 3025/3804/5 3024/3802/5 3012/3803/5
f 3014/3807/5 3026/3806/5 3025/3804/5 3013/3805/5
f 3003/3784/3 3015/3785/3 3026/3806/3 3014/3807/3
f 3840/3811/1 3839/3810/1 3843/3809/1 3841/3808/1
f 3849/3815/1 3848/3814/1 3847/3813/1 3845/3812/1
f 3843/3809/1 3839/3810/1 3850/3817/1 3844/3816/1
f 3850/3817/1 3849/3815/1 3845/3812/1 3844/3816/1
f 3847/3813/1 3846/3818/1 3845/3812/1
f 3843/3809/1 3842/3819/1 3841/3808/1
f 3028/3823/3 3060/3822/3 3059/3821/3 3027/3820/3
f 3029/3825/4 3061/3824/4 3060/3822/4 3028/3823/4
f 3030/3827/4 3062/3826/4 3061/3824/4 3029/3825/4
f 3031/3829/2 3063/3828/2 3062/3826/2 3030/3827/2
f 3032/3831/2 3064/3830/2 3063/3828/2 3031/3829/2
f 3033/3833/4 3065/3832/4 3064/3830/4 3032/3831/4
f 3034/3835/4 3066/3834/4 3065/3832/4 3033/3833/4
f 3035/3837/3 3067/3836/3 3066/3834/3 3034/3835/3
f 3036/3839/3 3068/3838/3 3067/3836/3 3035/3837/3
f 3037/3841/4 3069/3840/4 3068/3838/4 3036/3839/4
f 3038/3843/4 3070/3842/4 3069/3840/4 3037/3841/4
f 3039/3845/2 3071/3844/2 3070/3842/2 3038/3843/2
f 3040/3847/2 3072/3846/2 3071/3844/2 3039/3845/2
f 3041/3849/5 3073/3848/5 3072/3846/5 3040/3847/5
f 3042/3851/5 3074/3850/5 3073/3848/5 3041/3849/5
f 3043/3853/2 3075/3852/2 3074/3850/2 3042/3851/2
f 3044/3855/2 3076/3854/2 3075/3852/2 3043/3853/2
f 3045/3857/5 3077/3856/5 3076/3854/5 3044/3855/5
f 3046/3859/5 3078/3858/5 3077/3856/5 3045/3857/5
f 3047/3861/2 3079/3860/2 3078/3858/2 3046/3859/2
f 3048/3863/2 3080/3862/2 3079/3860/2 3047/3861/2
f 3049/3865/5 3081/3864/5 3080/3862/5 3048/3863/5
f 3050/3867/5 3082/3866/5 3081/3864/5 3049/3865/5
f 3051/3869/3 3083/3868/3 3082/3866/3 3050/3867/3
f 3052/3871/3 3084/3870/3 3083/3868/3 3051/3869/3
f 3053/3873/5 3085/3872/5 3084/3870/5 3052/3871/5
f 3054/3875/5 3086/3874/5 3085/3872/5 3053/3873/5
f 3055/3877/3 3087/3876/3 3086/3874/3 3054/3875/3
f 3056/3879/3 3088/3878/3 3087/3876/3 3055/3877/3
f 3057/3881/5 3089/3880/5 3088/3878/5 3056/3879/5
f 3058/3883/5 3090/3882/5 3089/3880/5 3057/3881/5
f 3027/3820/3 3059/3821/3 3090/3882/3 3058/3883/3
f 3871/3887/1 3870/3886/1 3876/3885/1 3875/3884/1
f 3880/3891/1 3879/3890/1 3877/3889/1 3856/3888/1
f 3870/3886/1 3869/3894/1 3867/3893/1 3858/3892/1
f 3859/3898/1 3866/3897/1 3865/3896/1 3863/3895/1
f 3881/3901/1 3880/3891/1 3855/3900/1 3851/3899/1
f 3854/3903/1 3853/3902/1 3851/3899/1 3855/3900/1
f 3862/3905/1 3861/3904/1 3859/3898/1 3863/3895/1
f 3872/3907/1 3871/3887/1 3875/3884/1 3873/3906/1
f 3856/3888/1 3876/3885/1 3870/3886/1 3857/3908/1
f 3867/3893/1 3866/3897/1 3859/3898/1 3858/3892/1
f 3869/3894/1 3868/3909/6 3867/3893/1
f 3879/3890/1 3878/3910/1 3877/3889/1
f 3865/3896/1 3864/3911/6 3863/3895/1
f 3851/3899/1 3882/3912/1 3881/3901/1
f 3861/3904/1 3860/3913/1 3859/3898/1
f 3853/3902/1 3852/3914/1 3851/3899/1
f 3875/3884/1 3874/3915/1 3873/3906/1
f 3856/3888/1 3855/3900/1 3880/3891/1
f 3856/3888/1 3877/3889/1 3876/3885/1
f 3858/3892/1 3857/3908/1 3870/3886/1
f 3092/3919/3 3100/3918/3 3099/3917/3 3091/3916/3
f 3093/3921/4 3101/3920/4 3100/3918/4 3092/3919/4
f 3094/3923/4 3102/3922/4 3101/3920/4 3093/3921/4
f 3095/3925/2 3103/3924/2 3102/3922/2 3094/3923/2
f 3096/3927/2 3104/3926/2 3103/3924/2 3095/3925/2
f 3097/3929/5 3105/3928/5 3104/3926/5 3096/3927/5
f 3098/3931/5 3106/3930/5 3105/3928/5 3097/3929/5
f 3091/3916/3 3099/3917/3 3106/3930/3 3098/3931/3
f 3889/3935/1 3887/3934/1 3885/3933/1 3883/3932/1
f 3885/3933/1 3884/3936/1 3883/3932/1
f 3889/3935/1 3888/3937/6 3887/3934/1
f 3887/3934/1 3886/3938/1 3885/3933/1
f 3883/3932/1 3890/3939/1 3889/3935/1

v -14.625000 -53.037162 10.636952
v -14.625000 -51.912162 10.636952
v -9.000000 -51.912162 10.636952
v -3.375000 -51.912162 10.636952
v -3.375000 -53.037162 10.636952
v -3.375000 -54.162162 10.636952
v -2.250000 -54.162162 10.636952
v -1.125000 -54.162162 10.636952
v -1.125000 -59.787162 10.636952
v -1.125000 -65.412162 10.636952
v -2.250000 -65.412162 10.636952
v -3.375000 -65.412162 10.636952
v -3.375000 -66.537162 10.636952
v -3.375000 -67.662162 10.636952
v -9.000000 -67.662162 10.636952
v -14.625000 -67.662162 10.636952
v -14.625000 -66.537162 10.636952
v -14.625000 -65.412162 10.636952
v -15.750000 -65.412162 10.636952
v -16.875000 -65.412162 10.636952
v -16.875000 -59.787162 10.636952
v -16.875000 -54.162162 10.636952
v -15.750000 -54.162162 10.636952
v -14.625000 -54.162162 10.636952
v -5.625000 -59.787162 10.636952
v -5.625000 -54.162162 10.636952
v -9.000000 -54.162162 10.636952
v -12.375000 -54.162162 10.636952
v -12.375000 -59.787162 10.636952
v -12.375000 -65.412162 10.636952
v -9.000000 -65.412162 10.636952
v -5.625000 -65.412162 10.636952
v -14.625000 -53.037162 9.521241
v -14.625000 -51.912162 9.521241
v -9.000000 -51.912162 9.521241
v -3.375000 -51.912162 9.521241
v -3.375000 -53.037162 9.521241
v -3.375000 -54.162162 9.521241
v -2.250000 -54.162162 9.521241
v -1.125000 -54.162162 9.521241
v -1.125000 -59.787162 9.521241
v -1.125000 -65.412162 9.521241
v -2.250000 -65.412162 9.521241
v -3.375000 -65.412162 9.521241
v -3.375000 -66.537162 9.521241
v -3.375000 -67.662162 9.521241
v -9.000000 -67.662162 9.521241
v -14.625000 -67.662162 9.521241
v -14.625000 -66.537162 9.521241
v -14.625000 -65.412162 9.521241
v -15.750000 -65.412162 9.521241
v -16.875000 -65.412162 9.521241
v -16.875000 -59.787162 9.521241
v -16.875000 -54.162162 9.521241
v -15.750000 -54.162162 9.521241
v -14.625000 -54.162162 9.521241
v -5.625000 -59.787162 9.521241
v -5.625000 -54.162162 9.521241
v -9.000000 -54.162162 9.521241
v -12.375000 -54.162162 9.521241
v -12.375000 -59.787162 9.521241
v -12.375000 -65.412162 9.521241
v -9.000000 -65.412162 9.521241
v -5.625000 -65.412162 9.521241
v 1.125000 -59.787162 10.636952
v 1.125000 -51.912162 10.636952
v 3.375000 -51.912162 10.636952
v 5.625000 -51.912162 10.636952
v 5.625000 -55.287162 10.636952
v 5.625000 -58.662162 10.636952
v 6.750000 -58.662162 10.636952
v 7.875000 -58.662162 10.636952
v 7.875000 -57.537162 10.636952
v 7.875000 -56.412162 10.636952
v 9.000000 -56.412162 10.636952
v 10.125000 -56.412162 10.636952
v 10.125000 -55.287162 10.636952
v 10.125000 -54.162162 10.636952
v 11.250000 -54.162162 10.636952
v 12.375000 -54.162162 10.636952
v 12.375000 -53.037162 10.636952
v 12.375000 -51.912162 10.636952
v 14.625000 -51.912162 10.636952
v 16.875000 -51.912162 10.636952
v 16.875000 -53.037162 10.636952
v 16.875000 -54.162162 10.636952
v 15.750000 -54.162162 10.636952
v 14.625000 -54.162162 10.636952
v 14.625000 -55.287162 10.636952
v 14.625000 -56.412162 10.636952
v 13.500000 -56.412162 10.636952
v 12.375000 -56.412162 10.636952
v 12.375000 -57.537162 10.636952
v 12.375000 -58.662162 10.636952
v 11.250000 -58.662162 10.636952
v 10.125000 -58.662162 10.636952
v 10.125000 -59.787162 10.636952
v 10.125000 -60.912162 10.636952
v 11.250000 -60.912162 10.636952
v 12.375000 -60.912162 10.636952
v 12.375000 -62.037162 10.636952
v 12.375000 -63.162162 10.636952
v 13.500000 -63.162162 10.636952
v 14.625000 -63.162162 10.636952
v 14.625000 -64.287162 10.636952
v 14.625000 -65.412162 10.636952
v 15.750000 -65.412162 10.636952
v 16.875000 -65.412162 10.636952
v 16.875000 -66.537162 10.636952
v 16.875000 -67.662162 10.636952
v 13.500000 -67.662162 10.636952
v 10.125000 -67.662162 10.636952
v 10.125000 -66.537162 10.636952
v 10.125000 -65.412162 10.636952
v 9.000000 -65.412162 10.636952
v 7.875000 -65.412162 10.636952
v 7.875000 -64.287162 10.636952
v 7.875000 -63.162162 10.636952
v 6.750000 -63.162162 10.636952
v 5.625000 -63.162162 10.636952
v 5.625000 -65.412162 10.636952
v 5.625000 -67.662162 10.636952
v 3.375000 -67.662162 10.636952
v 1.125000 -67.662162 10.636952
v 1.125000 -59.787162 9.521241
v 1.125000 -51.912162 9.521241
v 3.375000 -51.912162 9.521241
v 5.625000 -51.912162 9.521241
v 5.625000 -55.287162 9.521241
v 5.625000 -58.662162 9.521241
v 6.750000 -58.662162 9.521241
v 7.875000 -58.662162 9.521241
v 7.875000 -57.537162 9.521241
v 7.875000 -56.412162 9.521241
v 9.000000 -56.412162 9.521241
v 10.125000 -56.412162 9.521241
v 10.125000 -55.287162 9.521241
v 10.125000 -54.162162 9.521241
v 11.250000 -54.162162 9.521241
v 12.375000 -54.162162 9.521241
v 12.375000 -53.037162 9.521241
v 12.375000 -51.912162 9.521241
v 14.625000 -51.912162 9.521241
v 16.875000 -51.912162 9.521241
v 16.875000 -53.037162 9.521241
v 16.875000 -54.162162 9.521241
v 15.750000 -54.162162 9.521241
v 14.625000 -54.162162 9.521241
v 14.625000 -55.287162 9.521241
v 14.625000 -56.412162 9.521241
v 13.500000 -56.412162 9.521241
v 12.375000 -56.412162 9.521241
v 12.375000 -57.537162 9.521241
v 12.375000 -58.662162 9.521241
v 11.250000 -58.662162 9.521241
v 10.125000 -58.662162 9.521241
v 10.125000 -59.787162 9.521241
v 10.125000 -60.912162 9.521241
v 11.250000 -60.912162 9.521241
v 12.375000 -60.912162 9.521241
v 12.375000 -62.037162 9.521241
v 12.375000 -63.162162 9.521241
v 13.500000 -63.162162 9.521241
v 14.625000 -63.162162 9.521241
v 14.625000 -64.287162 9.521241
v 14.625000 -65.412162 9.521241
v 15.750000 -65.412162 9.521241
v 16.875000 -65.412162 9.521241
v 16.875000 -66.537162 9.521241
v 16.875000 -67.662162 9.521241
v 13.500000 -67.662162 9.521241
v 10.125000 -67.662162 9.521241
v 10.125000 -66.537162 9.521241
v 10.125000 -65.412162 9.521241
v 9.000000 -65.412162 9.521241
v 7.875000 -65.412162 9.521241
v 7.875000 -64.287162 9.521241
v 7.875000 -63.162162 9.521241
v 6.750000 -63.162162 9.521241
v 5.625000 -63.162162 9.521241
v 5.625000 -65.412162 9.521241
v 5.625000 -67.662162 9.521241
v 3.375000 -67.662162 9.521241
v 1.125000 -67.662162 9.521241
v -14.625000 -53.037162 10.636952
v -14.625000 -51.912162 10.636952
v -9.000000 -51.912162 10.636952
v -3.375000 -51.912162 10.636952
v -3.375000 -53.037162 10.636952
v -3.375000 -54.162162 10.636952
v -2.250000 -54.162162 10.636952
v -1.125000 -54.162162 10.636952
v -1.125000 -59.787162 10.636952
v -1.125000 -65.412162 10.636952
v -2.250000 -65.412162 10.636952
v -3.375000 -65.412162 10.636952
v -3.375000 -66.537162 10.636952
v -3.375000 -67.662162 10.636952
v -9.000000 -67.662162 10.636952
v -14.625000 -67.662162 10.636952
v -14.625000 -66.537162 10.636952
v -14.625000 -65.412162 10.636952
v -15.750000 -65.412162 10.636952
v -16.875000 -65.412162 10.636952
v -16.875000 -59.787162 10.636952
v -16.875000 -54.162162 10.636952
v -15.750000 -54.162162 10.636952
v -14.625000 -54.162162 10.636952
v -5.625000 -59.787162 10.636952
v -5.625000 -54.162162 10.636952
v -9.000000 -54.162162 10.636952
v -12.375000 -54.162162 10.636952
v -12.375000 -59.787162 10.636952
v -12.375000 -65.412162 10.636952
v -9.000000 -65.412162 10.636952
v -5.625000 -65.412162 10.636952
v 1.125000 -59.787162 10.636952
v 1.125000 -51.912162 10.636952
v 3.375000 -51.912162 10.636952
v 5.625000 -51.912162 10.636952
v 5.625000 -55.287162 10.636952
v 5.625000 -58.662162 10.636952
v 6.750000 -58.662162 10.636952
v 7.875000 -58.662162 10.636952
v 7.875000 -57.537162 10.636952
v 7.875000 -56.412162 10.636952
v 9.000000 -56.412162 10.636952
v 10.125000 -56.412162 10.636952
v 10.125000 -55.287162 10.636952
v 10.125000 -54.162162 10.636952
v 11.250000 -54.162162 10.636952
v 12.375000 -54.162162 10.636952
v 12.375000 -53.037162 10.636952
v 12.375000 -51.912162 10.636952
v 14.625000 -51.912162 10.636952
v 16.875000 -51.912162 10.636952
v 16.875000 -53.037162 10.636952
v 16.875000 -54.162162 10.636952
v 15.750000 -54.162162 10.636952
v 14.625000 -54.162162 10.636952
v 14.625000 -55.287162 10.636952
v 14.625000 -56.412162 10.636952
v 13.500000 -56.412162 10.636952
v 12.375000 -56.412162 10.636952
v 12.375000 -57.537162 10.636952
v 12.375000 -58.662162 10.636952
v 11.250000 -58.662162 10.636952
v 10.125000 -58.662162 10.636952
v 10.125000 -59.787162 10.636952
v 10.125000 -60.912162 10.636952
v 11.250000 -60.912162 10.636952
v 12.375000 -60.912162 10.636952
v 12.375000 -62.037162 10.636952
v 12.375000 -63.162162 10.636952
v 13.500000 -63.162162 10.636952
v 14.625000 -63.162162 10.636952
v 14.625000 -64.287162 10.636952
v 14.625000 -65.412162 10.636952
v 15.750000 -65.412162 10.636952
v 16.875000 -65.412162 10.636952
v 16.875000 -66.537162 10.636952
v 16.875000 -67.662162 10.636952
v 13.500000 -67.662162 10.636952
v 10.125000 -67.662162 10.636952
v 10.125000 -66.537162 10.636952
v 10.125000 -65.412162 10.636952
v 9.000000 -65.412162 10.636952
v 7.875000 -65.412162 10.636952
v 7.875000 -64.287162 10.636952
v 7.875000 -63.162162 10.636952
v 6.750000 -63.162162 10.636952
v 5.625000 -63.162162 10.636952
v 5.625000 -65.412162 10.636952
v 5.625000 -67.662162 10.636952
v 3.375000 -67.662162 10.636952
v 1.125000 -67.662162 10.636952
# 276 vertices

# 0 normal

vt 0.311166 0.808641 0.000000
vt 0.309537 0.807611 0.000000
vt 0.308872 0.808876 0.000000
vt 0.309755 0.810490 0.000000
vt 0.300147 0.811410 0.000000
vt 0.300451 0.813268 0.000000
vt 0.291204 0.811540 0.000000
vt 0.290716 0.813260 0.000000
vt 0.290031 0.810503 0.000000
vt 0.288959 0.811894 0.000000
vt 0.288596 0.809130 0.000000
vt 0.287571 0.810775 0.000000
vt 0.286893 0.808311 0.000000
vt 0.285863 0.809940 0.000000
vt 0.285626 0.807647 0.000000
vt 0.284014 0.808532 0.000000
vt 0.283085 0.798925 0.000000
vt 0.281227 0.799230 0.000000
vt 0.282950 0.789983 0.000000
vt 0.281229 0.789496 0.000000
vt 0.283986 0.788809 0.000000
vt 0.282594 0.787738 0.000000
vt 0.285358 0.787373 0.000000
vt 0.283713 0.786349 0.000000
vt 0.286176 0.785669 0.000000
vt 0.284546 0.784641 0.000000
vt 0.286838 0.784402 0.000000
vt 0.285954 0.782790 0.000000
vt 0.295562 0.781867 0.000000
vt 0.295257 0.780009 0.000000
vt 0.304504 0.781737 0.000000
vt 0.304993 0.780017 0.000000
vt 0.305678 0.782774 0.000000
vt 0.306750 0.781383 0.000000
vt 0.307113 0.784147 0.000000
vt 0.308138 0.782503 0.000000
vt 0.308816 0.784966 0.000000
vt 0.309846 0.783337 0.000000
vt 0.310083 0.785631 0.000000
vt 0.311695 0.784746 0.000000
vt 0.312624 0.794354 0.000000
vt 0.314482 0.794048 0.000000
vt 0.312762 0.803297 0.000000
vt 0.314482 0.803784 0.000000
vt 0.311726 0.804472 0.000000
vt 0.313118 0.805542 0.000000
vt 0.310354 0.805908 0.000000
vt 0.311999 0.806932 0.000000
vt 0.878795 0.585064 0.000000
vt 0.876924 0.585627 0.000000
vt 0.877108 0.594556 0.000000
vt 0.878781 0.595380 0.000000
vt 0.872893 0.597382 0.000000
vt 0.873454 0.599224 0.000000
vt 0.867970 0.597425 0.000000
vt 0.866867 0.598929 0.000000
vt 0.863206 0.589661 0.000000
vt 0.861336 0.590228 0.000000
vt 0.863010 0.580732 0.000000
vt 0.861336 0.579911 0.000000
vt 0.867229 0.577906 0.000000
vt 0.866669 0.576064 0.000000
vt 0.872158 0.577862 0.000000
vt 0.873261 0.576359 0.000000
vt 0.897929 0.932661 0.000000
vt 0.888675 0.928960 0.000000
vt 0.888675 0.936363 0.000000
vt 0.897929 0.934512 0.000000
vt 0.879421 0.914154 0.000000
vt 0.888675 0.917855 0.000000
vt 0.888675 0.910452 0.000000
vt 0.879421 0.912303 0.000000
vt 0.897929 0.914154 0.000000
vt 0.897929 0.912303 0.000000
vt 0.879421 0.932661 0.000000
vt 0.879421 0.934512 0.000000
vt 0.879421 0.928960 0.000000
vt 0.879421 0.923407 0.000000
vt 0.875719 0.923407 0.000000
vt 0.877570 0.932661 0.000000
vt 0.879421 0.917855 0.000000
vt 0.877570 0.914154 0.000000
vt 0.897929 0.917855 0.000000
vt 0.897929 0.923407 0.000000
vt 0.901630 0.923407 0.000000
vt 0.899779 0.914154 0.000000
vt 0.897929 0.928960 0.000000
vt 0.899779 0.932661 0.000000
vt 0.875719 0.932661 0.000000
vt 0.901630 0.914154 0.000000
vt 0.901630 0.932661 0.000000
vt 0.875719 0.914154 0.000000
vt 0.897929 0.936363 0.000000
vt 0.879421 0.936363 0.000000
vt 0.879421 0.910452 0.000000
vt 0.897929 0.910452 0.000000
vt 0.546950 0.526040 0.000000
vt 0.546487 0.527909 0.000000
vt 0.558307 0.534007 0.000000
vt 0.559731 0.532832 0.000000
vt 0.558722 0.537036 0.000000
vt 0.560538 0.537421 0.000000
vt 0.557554 0.539701 0.000000
vt 0.558355 0.541311 0.000000
vt 0.552558 0.540338 0.000000
vt 0.552504 0.542112 0.000000
vt 0.546827 0.541837 0.000000
vt 0.547959 0.543317 0.000000
vt 0.545893 0.544161 0.000000
vt 0.547544 0.544550 0.000000
vt 0.546271 0.546668 0.000000
vt 0.547968 0.545793 0.000000
vt 0.547904 0.548297 0.000000
vt 0.549314 0.546892 0.000000
vt 0.549321 0.549306 0.000000
vt 0.550888 0.548501 0.000000
vt 0.549915 0.551058 0.000000
vt 0.551550 0.550510 0.000000
vt 0.550733 0.553198 0.000000
vt 0.552268 0.551939 0.000000
vt 0.552518 0.554523 0.000000
vt 0.553779 0.552975 0.000000
vt 0.553989 0.555399 0.000000
vt 0.555494 0.554487 0.000000
vt 0.554668 0.557095 0.000000
vt 0.556304 0.556476 0.000000
vt 0.555478 0.559161 0.000000
vt 0.557092 0.557977 0.000000
vt 0.557055 0.560573 0.000000
vt 0.558535 0.559252 0.000000
vt 0.558294 0.561644 0.000000
vt 0.560065 0.561058 0.000000
vt 0.558650 0.565060 0.000000
vt 0.560538 0.565379 0.000000
vt 0.557674 0.567948 0.000000
vt 0.558692 0.569350 0.000000
vt 0.556382 0.568231 0.000000
vt 0.556444 0.570042 0.000000
vt 0.555167 0.568115 0.000000
vt 0.554172 0.569422 0.000000
vt 0.554309 0.566730 0.000000
vt 0.552914 0.567716 0.000000
vt 0.553338 0.564894 0.000000
vt 0.552012 0.566365 0.000000
vt 0.551681 0.563790 0.000000
vt 0.550563 0.565452 0.000000
vt 0.550364 0.563050 0.000000
vt 0.548930 0.564055 0.000000
vt 0.549787 0.561417 0.000000
vt 0.548214 0.562126 0.000000
vt 0.549022 0.559386 0.000000
vt 0.547573 0.560747 0.000000
vt 0.547361 0.558185 0.000000
vt 0.546202 0.559814 0.000000
vt 0.546023 0.557422 0.000000
vt 0.544598 0.558435 0.000000
vt 0.545378 0.555788 0.000000
vt 0.543878 0.556538 0.000000
vt 0.544376 0.553819 0.000000
vt 0.543214 0.555258 0.000000
vt 0.542232 0.553034 0.000000
vt 0.541923 0.554760 0.000000
vt 0.539887 0.553272 0.000000
vt 0.540703 0.555022 0.000000
vt 0.538304 0.554728 0.000000
vt 0.539623 0.556219 0.000000
vt 0.537331 0.555998 0.000000
vt 0.538036 0.557614 0.000000
vt 0.535671 0.556387 0.000000
vt 0.536096 0.558074 0.000000
vt 0.533615 0.556902 0.000000
vt 0.534676 0.558584 0.000000
vt 0.532188 0.558374 0.000000
vt 0.533527 0.559859 0.000000
vt 0.531220 0.559591 0.000000
vt 0.531869 0.561232 0.000000
vt 0.529569 0.559873 0.000000
vt 0.529884 0.561609 0.000000
vt 0.527537 0.560178 0.000000
vt 0.528350 0.562028 0.000000
vt 0.526026 0.561254 0.000000
vt 0.526781 0.563057 0.000000
vt 0.524807 0.561905 0.000000
vt 0.524581 0.563638 0.000000
vt 0.523553 0.561317 0.000000
vt 0.522465 0.562758 0.000000
vt 0.522708 0.560493 0.000000
vt 0.520942 0.560784 0.000000
vt 0.523767 0.555144 0.000000
vt 0.521893 0.554735 0.000000
vt 0.525686 0.550047 0.000000
vt 0.524225 0.548992 0.000000
vt 0.527196 0.549154 0.000000
vt 0.526128 0.547739 0.000000
vt 0.529086 0.547994 0.000000
vt 0.527557 0.546709 0.000000
vt 0.530237 0.546248 0.000000
vt 0.528576 0.545139 0.000000
vt 0.531096 0.544863 0.000000
vt 0.530094 0.543435 0.000000
vt 0.532855 0.544162 0.000000
vt 0.532113 0.542672 0.000000
vt 0.534928 0.543017 0.000000
vt 0.533466 0.541906 0.000000
vt 0.535725 0.540745 0.000000
vt 0.534014 0.540521 0.000000
vt 0.535430 0.538302 0.000000
vt 0.533818 0.539270 0.000000
vt 0.532552 0.535493 0.000000
vt 0.531267 0.537040 0.000000
vt 0.530424 0.533242 0.000000
vt 0.528666 0.533695 0.000000
vt 0.531057 0.530040 0.000000
vt 0.529332 0.529326 0.000000
vt 0.532930 0.527547 0.000000
vt 0.532410 0.525767 0.000000
vt 0.604719 0.893695 0.000000
vt 0.602868 0.893695 0.000000
vt 0.602868 0.897397 0.000000
vt 0.606570 0.895546 0.000000
vt 0.599167 0.886292 0.000000
vt 0.597316 0.886292 0.000000
vt 0.597316 0.893695 0.000000
vt 0.599167 0.893695 0.000000
vt 0.606570 0.897397 0.000000
vt 0.602868 0.899248 0.000000
vt 0.604719 0.901099 0.000000
vt 0.599167 0.895546 0.000000
vt 0.601017 0.897397 0.000000
vt 0.595465 0.886292 0.000000
vt 0.595465 0.893695 0.000000
vt 0.602868 0.882591 0.000000
vt 0.601017 0.882591 0.000000
vt 0.599167 0.884441 0.000000
vt 0.608421 0.897397 0.000000
vt 0.606570 0.901099 0.000000
vt 0.610271 0.899248 0.000000
vt 0.613973 0.902949 0.000000
vt 0.612122 0.901099 0.000000
vt 0.610271 0.904800 0.000000
vt 0.613973 0.904800 0.000000
vt 0.606570 0.888143 0.000000
vt 0.606570 0.886292 0.000000
vt 0.595465 0.899248 0.000000
vt 0.588062 0.891845 0.000000
vt 0.591763 0.904800 0.000000
vt 0.610271 0.882591 0.000000
vt 0.608421 0.878889 0.000000
vt 0.602868 0.880740 0.000000
vt 0.612122 0.882591 0.000000
vt 0.613973 0.880740 0.000000
vt 0.610271 0.901099 0.000000
vt 0.606570 0.902949 0.000000
vt 0.606570 0.904800 0.000000
vt 0.602868 0.889994 0.000000
vt 0.602868 0.891845 0.000000
vt 0.591763 0.878889 0.000000
vt 0.588062 0.878889 0.000000
vt 0.610271 0.884441 0.000000
vt 0.604719 0.889994 0.000000
vt 0.599167 0.897397 0.000000
vt 0.613973 0.901099 0.000000
vt 0.608421 0.886292 0.000000
vt 0.610271 0.886292 0.000000
vt 0.606570 0.889994 0.000000
vt 0.602868 0.901099 0.000000
vt 0.606570 0.893695 0.000000
vt 0.610271 0.897397 0.000000
vt 0.599167 0.882591 0.000000
vt 0.613973 0.882591 0.000000
vt 0.595465 0.882591 0.000000
vt 0.595465 0.878889 0.000000
vt 0.602868 0.878889 0.000000
vt 0.613973 0.878889 0.000000
vt 0.595465 0.904800 0.000000
vt 0.588062 0.904800 0.000000
# 276 texture coordinates

o TEXT_2
usemtl TASK FAILED
f 3892/3943/3 3924/3942/3 3923/3941/3 3891/3940/3
f 3893/3945/4 3925/3944/4 3924/3942/4 3892/3943/4
f 3894/3947/4 3926/3946/4 3925/3944/4 3893/3945/4
f 3895/3949/2 3927/3948/2 3926/3946/2 3894/3947/2
f 3896/3951/2 3928/3950/2 3927/3948/2 3895/3949/2
f 3897/3953/4 3929/3952/4 3928/3950/4 3896/3951/4
f 3898/3955/4 3930/3954/4 3929/3952/4 3897/3953/4
f 3899/3957/2 3931/3956/2 3930/3954/2 3898/3955/2
f 3900/3959/2 3932/3958/2 3931/3956/2 3899/3957/2
f 3901/3961/5 3933/3960/5 3932/3958/5 3900/3959/5
f 3902/3963/5 3934/3962/5 3933/3960/5 3901/3961/5
f 3903/3965/2 3935/3964/2 3934/3962/2 3902/3963/2
f 3904/3967/2 3936/3966/2 3935/3964/2 3903/3965/2
f 3905/3969/5 3937/3968/5 3936/3966/5 3904/3967/5
f 3906/3971/5 3938/3970/5 3937/3968/5 3905/3969/5
f 3907/3973/3 3939/3972/3 3938/3970/3 3906/3971/3
f 3908/3975/3 3940/3974/3 3939/3972/3 3907/3973/3
f 3909/3977/5 3941/3976/5 3940/3974/5 3908/3975/5
f 3910/3979/5 3942/3978/5 3941/3976/5 3909/3977/5
f 3911/3981/3 3943/3980/3 3942/3978/3 3910/3979/3
f 3912/3983/3 3944/3982/3 3943/3980/3 3911/3981/3
f 3913/3985/4 3945/3984/4 3944/3982/4 3912/3983/4
f 3914/3987/4 3946/3986/4 3945/3984/4 3913/3985/4
f 3891/3940/3 3923/3941/3 3946/3986/3 3914/3987/3
f 3916/3991/3 3948/3990/3 3947/3989/3 3915/3988/3
f 3917/3993/5 3949/3992/5 3948/3990/5 3916/3991/5
f 3918/3995/5 3950/3994/5 3949/3992/5 3917/3993/5
f 3919/3997/2 3951/3996/2 3950/3994/2 3918/3995/2
f 3920/3999/2 3952/3998/2 3951/3996/2 3919/3997/2
f 3921/4001/4 3953/4000/4 3952/3998/4 3920/3999/4
f 3922/4003/4 3954/4002/4 3953/4000/4 3921/4001/4
f 3915/3988/3 3947/3989/3 3954/4002/3 3922/4003/3
f 4085/4007/1 4083/4006/1 4099/4005/1 4086/4004/1
f 4097/4011/1 4095/4010/1 4103/4009/1 4098/4008/1
f 4093/4013/1 4092/4012/1 4103/4009/1 4095/4010/1
f 4099/4005/1 4083/4006/1 4081/4015/1 4080/4014/1
f 4079/4019/1 4077/4018/1 4101/4017/1 4100/4016/1
f 4101/4017/1 4077/4018/1 4075/4021/1 4102/4020/1
f 4091/4025/1 4089/4024/1 4105/4023/1 4104/4022/1
f 4105/4023/1 4089/4024/1 4087/4027/1 4106/4026/1
f 4075/4021/1 4098/4008/1 4103/4009/1 4102/4020/1
f 4079/4019/1 4100/4016/1 4099/4005/1 4080/4014/1
f 4103/4009/1 4092/4012/1 4091/4025/1 4104/4022/1
f 4087/4027/1 4086/4004/1 4099/4005/1 4106/4026/1
f 4079/4019/1 4078/4028/1 4077/4018/1
f 4091/4025/1 4090/4029/1 4089/4024/1
f 4089/4024/1 4088/4030/6 4087/4027/1
f 4077/4018/1 4076/4031/1 4075/4021/1
f 4085/4007/1 4084/4032/6 4083/4006/1
f 4083/4006/1 4082/4033/1 4081/4015/1
f 4097/4011/1 4096/4034/1 4095/4010/1
f 4095/4010/1 4094/4035/1 4093/4013/1
f 3956/4039/3 4016/4038/3 4015/4037/3 3955/4036/3
f 3957/4041/4 4017/4040/4 4016/4038/4 3956/4039/4
f 3958/4043/4 4018/4042/4 4017/4040/4 3957/4041/4
f 3959/4045/2 4019/4044/2 4018/4042/2 3958/4043/2
f 3960/4047/2 4020/4046/2 4019/4044/2 3959/4045/2
f 3961/4049/4 4021/4048/4 4020/4046/4 3960/4047/4
f 3962/4051/4 4022/4050/4 4021/4048/4 3961/4049/4
f 3963/4053/3 4023/4052/3 4022/4050/3 3962/4051/3
f 3964/4055/3 4024/4054/3 4023/4052/3 3963/4053/3
f 3965/4057/4 4025/4056/4 4024/4054/4 3964/4055/4
f 3966/4059/4 4026/4058/4 4025/4056/4 3965/4057/4
f 3967/4061/3 4027/4060/3 4026/4058/3 3966/4059/3
f 3968/4063/3 4028/4062/3 4027/4060/3 3967/4061/3
f 3969/4065/4 4029/4064/4 4028/4062/4 3968/4063/4
f 3970/4067/4 4030/4066/4 4029/4064/4 3969/4065/4
f 3971/4069/3 4031/4068/3 4030/4066/3 3970/4067/3
f 3972/4071/3 4032/4070/3 4031/4068/3 3971/4069/3
f 3973/4073/4 4033/4072/4 4032/4070/4 3972/4071/4
f 3974/4075/4 4034/4074/4 4033/4072/4 3973/4073/4
f 3975/4077/2 4035/4076/2 4034/4074/2 3974/4075/2
f 3976/4079/2 4036/4078/2 4035/4076/2 3975/4077/2
f 3977/4081/5 4037/4080/5 4036/4078/5 3976/4079/5
f 3978/4083/5 4038/4082/5 4037/4080/5 3977/4081/5
f 3979/4085/2 4039/4084/2 4038/4082/2 3978/4083/2
f 3980/4087/2 4040/4086/2 4039/4084/2 3979/4085/2
f 3981/4089/5 4041/4088/5 4040/4086/5 3980/4087/5
f 3982/4091/5 4042/4090/5 4041/4088/5 3981/4089/5
f 3983/4093/2 4043/4092/2 4042/4090/2 3982/4091/2
f 3984/4095/2 4044/4094/2 4043/4092/2 3983/4093/2
f 3985/4097/5 4045/4096/5 4044/4094/5 3984/4095/5
f 3986/4099/5 4046/4098/5 4045/4096/5 3985/4097/5
f 3987/4101/2 4047/4100/2 4046/4098/2 3986/4099/2
f 3988/4103/2 4048/4102/2 4047/4100/2 3987/4101/2
f 3989/4105/4 4049/4104/4 4048/4102/4 3988/4103/4
f 3990/4107/4 4050/4106/4 4049/4104/4 3989/4105/4
f 3991/4109/2 4051/4108/2 4050/4106/2 3990/4107/2
f 3992/4111/2 4052/4110/2 4051/4108/2 3991/4109/2
f 3993/4113/4 4053/4112/4 4052/4110/4 3992/4111/4
f 3994/4115/4 4054/4114/4 4053/4112/4 3993/4113/4
f 3995/4117/2 4055/4116/2 4054/4114/2 3994/4115/2
f 3996/4119/2 4056/4118/2 4055/4116/2 3995/4117/2
f 3997/4121/4 4057/4120/4 4056/4118/4 3996/4119/4
f 3998/4123/4 4058/4122/4 4057/4120/4 3997/4121/4
f 3999/4125/2 4059/4124/2 4058/4122/2 3998/4123/2
f 4000/4127/2 4060/4126/2 4059/4124/2 3999/4125/2
f 4001/4129/5 4061/4128/5 4060/4126/5 4000/4127/5
f 4002/4131/5 4062/4130/5 4061/4128/5 4001/4129/5
f 4003/4133/3 4063/4132/3 4062/4130/3 4002/4131/3
f 4004/4135/3 4064/4134/3 4063/4132/3 4003/4133/3
f 4005/4137/5 4065/4136/5 4064/4134/5 4004/4135/5
f 4006/4139/5 4066/4138/5 4065/4136/5 4005/4137/5
f 4007/4141/3 4067/4140/3 4066/4138/3 4006/4139/3
f 4008/4143/3 4068/4142/3 4067/4140/3 4007/4141/3
f 4009/4145/5 4069/4144/5 4068/4142/5 4008/4143/5
f 4010/4147/5 4070/4146/5 4069/4144/5 4009/4145/5
f 4011/4149/2 4071/4148/2 4070/4146/2 4010/4147/2
f 4012/4151/2 4072/4150/2 4071/4148/2 4011/4149/2
f 4013/4153/5 4073/4152/5 4072/4150/5 4012/4151/5
f 4014/4155/5 4074/4154/5 4073/4152/5 4013/4153/5
f 3955/4036/3 4015/4037/3 4074/4154/3 4014/4155/3
f 4135/4159/1 4118/4158/1 4138/4157/1 4137/4156/1
f 4114/4163/1 4113/4162/1 4161/4161/1 4160/4160/1
f 4121/4166/1 4119/4165/1 4118/4158/1 4134/4164/1
f 4117/4168/1 4115/4167/1 4114/4163/1 4138/4157/1
f 4113/4162/1 4112/4170/1 4162/4169/1 4161/4161/1
f 4159/4173/1 4157/4172/1 4156/4171/1 4160/4160/1
f 4131/4176/1 4122/4175/1 4134/4164/1 4133/4174/1
f 4126/4180/1 4125/4179/1 4129/4178/1 4127/4177/1
f 4156/4171/1 4144/4182/1 4143/4181/1 4160/4160/1
f 4109/4185/1 4107/4184/1 4112/4170/1 4111/4183/1
f 4155/4188/1 4153/4187/1 4148/4186/1 4156/4171/1
f 4151/4190/1 4149/4189/1 4148/4186/1 4153/4187/1
f 4124/4193/1 4123/4192/1 4130/4191/1 4125/4179/1
f 4139/4195/1 4114/4163/1 4160/4160/1 4140/4194/1
f 4166/4197/1 4165/4196/1 4162/4169/1 4107/4184/1
f 4123/4192/1 4122/4175/1 4131/4176/1 4130/4191/1
f 4148/4186/1 4147/4198/1 4144/4182/1 4156/4171/1
f 4141/4199/1 4140/4194/1 4160/4160/1 4143/4181/1
f 4117/4168/1 4116/4200/1 4115/4167/1
f 4129/4178/1 4128/4201/6 4127/4177/1
f 4147/4198/1 4146/4203/1 4145/4202/1
f 4143/4181/1 4142/4204/1 4141/4199/1
f 4121/4166/1 4120/4205/1 4119/4165/1
f 4137/4156/1 4136/4206/6 4135/4159/1
f 4133/4174/1 4132/4207/6 4131/4176/1
f 4159/4173/1 4158/4208/1 4157/4172/1
f 4151/4190/1 4150/4209/1 4149/4189/1
f 4130/4191/1 4129/4178/1 4125/4179/1
f 4134/4164/1 4122/4175/1 4121/4166/1
f 4135/4159/1 4134/4164/1 4118/4158/1
f 4138/4157/1 4118/4158/1 4117/4168/1
f 4139/4195/1 4138/4157/1 4114/4163/1
f 4165/4196/1 4164/4211/6 4163/4210/1
f 4155/4188/1 4154/4212/1 4153/4187/1
f 4153/4187/1 4152/4213/6 4151/4190/1
f 4111/4183/1 4110/4214/1 4109/4185/1
f 4109/4185/1 4108/4215/1 4107/4184/1
f 4147/4198/1 4145/4202/1 4144/4182/1
f 4162/4169/1 4112/4170/1 4107/4184/1
f 4163/4210/1 4162/4169/1 4165/4196/1

v -150.000000 -100.000000 5.000000
v -150.000000 100.000000 5.000000
v 150.000000 -100.000000 5.000000
v 150.000000 100.000000 5.000000
v 150.000000 -100.000000 -5.000000
v 150.000000 100.000000 -5.000000
v -150.000000 -100.000000 -5.000000
v -150.000000 100.000000 -5.000000
v -150.000000 49.788634 -5.000000
v -150.000000 -90.000000 -5.000000
v 150.000000 49.788634 -5.000000
v 150.000000 -90.000000 -5.000000
v 150.000000 49.788634 5.000000
v 150.000000 -90.000000 5.000000
v -150.000000 49.788634 5.000000
v -150.000000 -90.000000 5.000000
v -140.000000 -100.000000 -5.000000
v 140.000000 -100.000000 -5.000000
v -140.000000 -90.000000 -5.000000
v 140.000000 -90.000000 -5.000000
v -140.000000 49.788634 -5.000000
v 140.000000 49.788634 -5.000000
v -140.000000 100.000000 -5.000000
v 140.000000 100.000000 -5.000000
v -140.000000 100.000000 5.000000
v 140.000000 100.000000 5.000000
v -140.000000 49.788634 5.000000
v 140.000000 49.788634 5.000000
v -140.000000 -90.000000 5.000000
v 140.000000 -90.000000 5.000000
v -140.000000 -100.000000 5.000000
v 140.000000 -100.000000 5.000000
v -150.000000 -100.000000 11.835520
v -150.000000 100.000000 11.835520
v 150.000000 -100.000000 11.835520
v 150.000000 100.000000 11.835520
v 150.000000 49.788634 11.835520
v 150.000000 -90.000000 11.835520
v -150.000000 49.788634 11.835520
v -150.000000 -90.000000 11.835520
v -140.000000 100.000000 11.835520
v 140.000000 100.000000 11.835520
v -140.000000 49.788634 11.835520
v 140.000000 49.788634 11.835520
v -140.000000 -90.000000 11.835520
v 140.000000 -90.000000 11.835520
v -140.000000 -100.000000 11.835520
v 140.000000 -100.000000 11.835520
v 0.000000 -100.000000 5.000000
v 0.000000 -100.000000 -5.000000
v 0.000000 -90.000000 -5.000000
v 0.000000 49.788634 -5.000000
v 0.000000 100.000000 -5.000000
v 0.000000 100.000000 5.000000
v 0.000000 100.000000 11.835520
v 0.000000 49.788634 11.835520
v 0.000000 49.788634 5.000000
v 0.000000 -90.000000 5.000000
v 0.000000 -90.000000 11.835520
v 0.000000 -100.000000 11.835520
v -150.000000 -20.105683 5.000000
v -150.000000 -20.105683 -5.000000
v -140.000000 -20.105683 -5.000000
v 0.000000 -20.105683 -5.000000
v 140.000000 -20.105683 -5.000000
v 150.000000 -20.105683 -5.000000
v 150.000000 -20.105683 5.000000
v 150.000000 -20.105683 11.835520
v 140.000000 -20.105683 11.835520
v 140.000000 -20.105683 5.000000
v 0.000000 -20.105683 5.000000
v -140.000000 -20.105683 5.000000
v -140.000000 -20.105683 11.835520
v -150.000000 -20.105683 11.835520
# 74 vertices

vn 0.000000 0.000000 -1.000000
# 1 normal

vt 0.336984 0.007953 0.000000
vt 0.320533 0.007953 0.000000
vt 0.320533 0.024405 0.000000
vt 0.336984 0.024405 0.000000
vt 0.163027 0.525767 0.000000
vt 0.163027 0.542219 0.000000
vt 0.179479 0.542219 0.000000
vt 0.179479 0.525767 0.000000
vt 0.691761 0.007953 0.000000
vt 0.675310 0.007953 0.000000
vt 0.675310 0.024405 0.000000
vt 0.691761 0.024405 0.000000
vt 0.099045 0.525767 0.000000
vt 0.099045 0.542219 0.000000
vt 0.115496 0.542219 0.000000
vt 0.115496 0.525767 0.000000
vt 0.733959 0.492864 0.000000
vt 0.717508 0.492864 0.000000
vt 0.717508 0.509316 0.000000
vt 0.733959 0.509316 0.000000
vt 0.797942 0.492864 0.000000
vt 0.781490 0.492864 0.000000
vt 0.781490 0.509316 0.000000
vt 0.797942 0.509316 0.000000
vt 0.445336 0.007953 0.000000
vt 0.362730 0.007953 0.000000
vt 0.362730 0.024405 0.000000
vt 0.445336 0.024405 0.000000
vt 0.560323 0.007953 0.000000
vt 0.560323 0.024405 0.000000
vt 0.163027 0.772193 0.000000
vt 0.163027 0.854798 0.000000
vt 0.179479 0.854798 0.000000
vt 0.179479 0.772193 0.000000
vt 0.163027 0.657206 0.000000
vt 0.179479 0.657206 0.000000
vt 0.090559 0.007953 0.000000
vt 0.007953 0.007953 0.000000
vt 0.007953 0.024405 0.000000
vt 0.090559 0.024405 0.000000
vt 0.205546 0.007953 0.000000
vt 0.205546 0.024405 0.000000
vt 0.099045 0.772193 0.000000
vt 0.099045 0.854798 0.000000
vt 0.115496 0.854798 0.000000
vt 0.115496 0.772193 0.000000
vt 0.099045 0.657206 0.000000
vt 0.115496 0.657206 0.000000
vt 0.675310 0.485048 0.000000
vt 0.675310 0.501500 0.000000
vt 0.691761 0.501500 0.000000
vt 0.691761 0.485048 0.000000
vt 0.675310 0.254726 0.000000
vt 0.691761 0.254726 0.000000
vt 0.445336 0.485048 0.000000
vt 0.445336 0.501500 0.000000
vt 0.560323 0.501500 0.000000
vt 0.560323 0.485048 0.000000
vt 0.445336 0.254726 0.000000
vt 0.560323 0.254726 0.000000
vt 0.362730 0.485048 0.000000
vt 0.362730 0.501500 0.000000
vt 0.362730 0.254726 0.000000
vt 0.717508 0.739637 0.000000
vt 0.733959 0.739637 0.000000
vt 0.717508 0.969959 0.000000
vt 0.717508 0.986411 0.000000
vt 0.733959 0.986411 0.000000
vt 0.733959 0.969959 0.000000
vt 0.007953 0.254726 0.000000
vt 0.090559 0.254726 0.000000
vt 0.007953 0.485048 0.000000
vt 0.007953 0.501500 0.000000
vt 0.090559 0.501500 0.000000
vt 0.090559 0.485048 0.000000
vt 0.717508 0.007953 0.000000
vt 0.717508 0.238275 0.000000
vt 0.832495 0.238275 0.000000
vt 0.832495 0.007953 0.000000
vt 0.205546 0.501500 0.000000
vt 0.205546 0.485048 0.000000
vt 0.320533 0.254726 0.000000
vt 0.336984 0.254726 0.000000
vt 0.320533 0.485048 0.000000
vt 0.320533 0.501500 0.000000
vt 0.336984 0.501500 0.000000
vt 0.336984 0.485048 0.000000
vt 0.781490 0.739637 0.000000
vt 0.797942 0.739637 0.000000
vt 0.781490 0.969959 0.000000
vt 0.781490 0.986411 0.000000
vt 0.797942 0.986411 0.000000
vt 0.797942 0.969959 0.000000
vt 0.126742 0.525767 0.000000
vt 0.126742 0.542219 0.000000
vt 0.770245 0.509316 0.000000
vt 0.770245 0.492864 0.000000
vt 0.126742 0.772193 0.000000
vt 0.126742 0.854798 0.000000
vt 0.745205 0.492864 0.000000
vt 0.745205 0.509316 0.000000
vt 0.126742 0.657206 0.000000
vt 0.330827 0.525767 0.000000
vt 0.319582 0.525767 0.000000
vt 0.319582 0.640754 0.000000
vt 0.330827 0.640754 0.000000
vt 0.745205 0.739637 0.000000
vt 0.215764 0.525767 0.000000
vt 0.204519 0.525767 0.000000
vt 0.204519 0.756089 0.000000
vt 0.215764 0.756089 0.000000
vt 0.745205 0.969959 0.000000
vt 0.745205 0.986411 0.000000
vt 0.151782 0.854798 0.000000
vt 0.151782 0.772193 0.000000
vt 0.151782 0.657206 0.000000
vt 0.292473 0.525767 0.000000
vt 0.281227 0.525767 0.000000
vt 0.281227 0.640754 0.000000
vt 0.292473 0.640754 0.000000
vt 0.242873 0.986411 0.000000
vt 0.254119 0.986411 0.000000
vt 0.254119 0.756089 0.000000
vt 0.242873 0.756089 0.000000
vt 0.770245 0.969959 0.000000
vt 0.770245 0.739637 0.000000
vt 0.151782 0.542219 0.000000
vt 0.151782 0.525767 0.000000
vt 0.770245 0.986411 0.000000
vt 0.204519 0.986411 0.000000
vt 0.215764 0.986411 0.000000
vt 0.717508 0.468597 0.000000
vt 0.832495 0.468597 0.000000
vt 0.254119 0.525767 0.000000
vt 0.242873 0.525767 0.000000
vt 0.281227 0.755741 0.000000
vt 0.292473 0.755741 0.000000
vt 0.947482 0.468597 0.000000
vt 0.947482 0.238275 0.000000
vt 0.947482 0.007953 0.000000
vt 0.319582 0.755741 0.000000
vt 0.330827 0.755741 0.000000
# 142 texture coordinates

o WINDOW
usemtl TASK FAILED
f 4213/4219/1 4211/4218/1 4206/4217/1 4199/4216/1
f 4171/4223/2 4178/4222/2 4180/4221/2 4169/4220/2
f 4184/4227/7 4186/4226/7 4178/4225/7 4171/4224/7
f 4167/4231/3 4182/4230/3 4176/4229/3 4173/4228/3
f 4191/4235/4 4189/4234/4 4174/4233/4 4168/4232/4
f 4183/4239/5 4197/4238/5 4167/4237/5 4173/4236/5
f 4188/4243/7 4190/4242/7 4172/4241/7 4177/4240/7
f 4186/4226/7 4231/4245/7 4232/4244/7 4178/4225/7
f 4177/4249/2 4172/4248/2 4170/4247/2 4179/4246/2
f 4178/4222/2 4232/4251/2 4233/4250/2 4180/4221/2
f 4209/4255/1 4207/4254/1 4200/4253/1 4205/4252/1
f 4211/4218/1 4239/4257/1 4240/4256/1 4206/4217/1
f 4181/4261/3 4168/4260/3 4174/4259/3 4175/4258/3
f 4182/4230/3 4227/4263/3 4228/4262/3 4176/4229/3
f 4183/4267/7 4173/4266/7 4176/4265/7 4185/4264/7
f 4184/4227/7 4216/4269/7 4217/4268/7 4186/4226/7
f 4229/4273/7 4228/4272/7 4175/4271/7 4187/4270/7
f 4231/4245/7 4230/4275/7 4218/4274/7 4188/4243/7
f 4187/4270/7 4175/4271/7 4174/4277/7 4189/4276/7
f 4188/4243/7 4218/4274/7 4219/4278/7 4190/4242/7
f 4191/4235/4 4220/4280/4 4219/4279/4 4189/4234/4
f 4192/4284/4 4170/4283/4 4172/4282/4 4190/4281/4
f 4209/4255/1 4222/4286/1 4221/4285/1 4207/4254/1
f 4210/4290/1 4203/4289/1 4202/4288/1 4208/4287/1
f 4238/4294/1 4237/4293/1 4223/4292/1 4193/4291/1
f 4235/4296/1 4234/4295/1 4203/4289/1 4210/4290/1
f 4213/4219/1 4226/4298/1 4225/4297/1 4211/4218/1
f 4214/4302/1 4201/4301/1 4204/4300/1 4212/4299/1
f 4183/4239/5 4216/4304/5 4215/4303/5 4197/4238/5
f 4184/4308/5 4171/4307/5 4169/4306/5 4198/4305/5
f 4206/4310/3 4182/4230/3 4167/4231/3 4199/4309/3
f 4199/4312/5 4167/4237/5 4197/4238/5 4213/4311/5
f 4200/4314/3 4168/4260/3 4181/4261/3 4205/4313/3
f 4207/4316/4 4191/4235/4 4168/4232/4 4200/4315/4
f 4240/4317/3 4227/4263/3 4182/4230/3 4206/4310/3
f 4239/4321/2 4238/4320/2 4193/4319/2 4209/4318/2
f 4221/4322/4 4220/4280/4 4191/4235/4 4207/4316/4
f 4222/4326/5 4223/4325/5 4194/4324/5 4210/4323/5
f 4202/4328/4 4170/4283/4 4192/4284/4 4208/4327/4
f 4203/4330/2 4179/4246/2 4170/4247/2 4202/4329/2
f 4234/4331/2 4233/4250/2 4179/4246/2 4203/4330/2
f 4235/4335/3 4236/4334/3 4196/4333/3 4212/4332/3
f 4225/4339/4 4224/4338/4 4195/4337/4 4211/4336/4
f 4226/4341/5 4215/4303/5 4198/4305/5 4214/4340/5
f 4201/4343/2 4169/4220/2 4180/4221/2 4204/4342/2
f 4214/4340/5 4198/4305/5 4169/4306/5 4201/4344/5
f 4216/4304/5 4184/4308/5 4198/4305/5 4215/4303/5
f 4216/4269/7 4183/4267/7 4185/4264/7 4217/4268/7
f 4230/4275/7 4229/4273/7 4187/4270/7 4218/4274/7
f 4218/4274/7 4187/4270/7 4189/4276/7 4219/4278/7
f 4220/4280/4 4192/4284/4 4190/4281/4 4219/4279/4
f 4221/4322/4 4208/4327/4 4192/4284/4 4220/4280/4
f 4222/4286/1 4210/4290/1 4208/4287/1 4221/4285/1
f 4222/4326/5 4209/4346/5 4193/4345/5 4223/4325/5
f 4237/4293/1 4236/4348/1 4194/4347/1 4223/4292/1
f 4225/4339/4 4212/4350/4 4196/4349/4 4224/4338/4
f 4226/4298/1 4214/4302/1 4212/4299/1 4225/4297/1
f 4226/4341/5 4213/4311/5 4197/4238/5 4215/4303/5
f 4227/4263/3 4181/4261/3 4175/4258/3 4228/4262/3
f 4229/4273/7 4185/4264/7 4176/4265/7 4228/4272/7
f 4230/4275/7 4217/4268/7 4185/4264/7 4229/4273/7
f 4231/4245/7 4186/4226/7 4217/4268/7 4230/4275/7
f 4231/4245/7 4188/4243/7 4177/4240/7 4232/4244/7
f 4232/4251/2 4177/4249/2 4179/4246/2 4233/4250/2
f 4234/4331/2 4204/4342/2 4180/4221/2 4233/4250/2
f 4235/4296/1 4212/4299/1 4204/4300/1 4234/4295/1
f 4235/4335/3 4210/4352/3 4194/4351/3 4236/4334/3
f 4237/4293/1 4224/4354/1 4196/4353/1 4236/4348/1
f 4238/4294/1 4195/4355/1 4224/4354/1 4237/4293/1
f 4239/4321/2 4211/4357/2 4195/4356/2 4238/4320/2
f 4239/4257/1 4209/4255/1 4205/4252/1 4240/4256/1
f 4240/4317/3 4205/4313/3 4181/4261/3 4227/4263/3

